// Auto-generated color RGB565 logo for D1001 LCD
#pragma once
#define VELLUM_LOGO_RGB565_W 300
#define VELLUM_LOGO_RGB565_H 318
static const uint16_t vellum_logo_rgb565[95400] = {
    0xE6FC, 0xE6FC, 0xE6FC, 0xE6FC, 0xE6FC, 0xE6FC, 0xE6FC, 0xE6FC, 0xE6FC, 0xE6FC, 0xE6FC, 0xE6FC, 0xE6FC, 0xE6FC, 0xE6FC, 0xE6FC,
    0xE6FC, 0xE6FC, 0xE6FC, 0xE6FC, 0xE6FC, 0xE6FC, 0xE6FC, 0xE6FC, 0xE6FC, 0xE6FC, 0xE6FC, 0xE6FC, 0xE6FC, 0xE6FC, 0xE6FC, 0xE6FC,
    0xE6FC, 0xDEDB, 0x8C72, 0x8C72, 0x8C72, 0x8C72, 0x8C72, 0x8C72, 0x8C72, 0x8C72, 0x8C72, 0x8C72, 0x8C72, 0x8C72, 0x8C72, 0x8C72,
    0x8C72, 0x8C72, 0x8C72, 0x8C72, 0x8C72, 0x8C72, 0x8C72, 0x8C72, 0x8C72, 0x8C72, 0x8C72, 0x8C72, 0x8C72, 0x8C72, 0x8C72, 0x8C72,
    0x8C72, 0x8C72, 0x8C72, 0x8C72, 0x8C72, 0x8C72, 0x8C72, 0x8C72, 0x8C72, 0x8C72, 0x8C72, 0x8C72, 0x8C72, 0x8C72, 0x8C72, 0x8C72,
    0x8C72, 0x8C72, 0x8C72, 0x8C72, 0x8C72, 0x8C72, 0x8C72, 0x8C72, 0x8C72, 0x8C72, 0x8C72, 0x8C72, 0x8C72, 0x8C72, 0x8C72, 0x8C72,
    0x8C72, 0x8C72, 0x8C72, 0x8C72, 0x8C72, 0x8C72, 0x8C72, 0x8C72, 0x8C72, 0x8C72, 0x8C72, 0x8C72, 0x8C72, 0x8C72, 0x8C72, 0x8C72,
    0x8C72, 0x8C72, 0x8C72, 0x8C72, 0x8C72, 0x8C72, 0x8C72, 0x8C72, 0x8C72, 0x8C72, 0x8C72, 0x8C72, 0x8C72, 0x8C72, 0x8C72, 0x8C72,
    0x8C72, 0x8C72, 0x8C72, 0x8C72, 0x8C72, 0x8C72, 0x8C72, 0x8C72, 0x8C72, 0x8C72, 0x8C72, 0x8C72, 0x8C72, 0x8C72, 0x8C72, 0x8C72,
    0x8C72, 0x8C72, 0x8C72, 0x8C72, 0x8C72, 0x8C72, 0x8C72, 0x8C72, 0x8C72, 0x8C72, 0x8C72, 0x8C72, 0x8C72, 0x8C72, 0x8C72, 0x8C72,
    0x8C72, 0x8C72, 0x8C72, 0x8C72, 0x8C72, 0x8C72, 0x8C72, 0x8C72, 0x8C72, 0x8C72, 0x8C72, 0x8C72, 0x8C72, 0x8C72, 0x8C72, 0x8C72,
    0x8C72, 0x8C72, 0x8C72, 0x8C72, 0x8C72, 0x8C72, 0x8C72, 0x8C72, 0x8C72, 0x8C72, 0x8C72, 0x8C72, 0x8C72, 0x8C72, 0x8C72, 0x8C72,
    0x8C72, 0x8C72, 0x8C72, 0x8C72, 0x8C72, 0x8C72, 0x8C72, 0x8C72, 0x8C72, 0x8C72, 0x8C72, 0x8C72, 0x8C72, 0x8C72, 0x8C72, 0x8C72,
    0x8C72, 0x8C72, 0x8C72, 0x8C72, 0x8C72, 0x8C72, 0x8C72, 0x8C72, 0x8C72, 0x8C72, 0x8C72, 0x8C72, 0x8C72, 0x8C72, 0x8C72, 0x8C72,
    0x8C72, 0x8C72, 0x8C72, 0x8C72, 0x8C72, 0x8C72, 0x8C72, 0x8C72, 0x8C72, 0x8C72, 0x8C72, 0x8C72, 0x8C72, 0x8C72, 0x8C72, 0x8C72,
    0x8C72, 0x8C72, 0x8C72, 0x8C72, 0x8C72, 0x8C72, 0x8C72, 0x8C72, 0x8C72, 0x8C72, 0x8C72, 0x8C72, 0x8C72, 0x8C72, 0x8C72, 0x8C72,
    0x8C72, 0x8C72, 0x8C72, 0x8C72, 0x8C72, 0x8C72, 0x8C72, 0x8C72, 0x8C72, 0x8C72, 0xAD55, 0xE6FC, 0xE6FC, 0xE6FC, 0xE6FC, 0xE6FC,
    0xE6FC, 0xE6FC, 0xE6FC, 0xE6FC, 0xE6FC, 0xE6FC, 0xE6FC, 0xE6FC, 0xE6FC, 0xE6FC, 0xE6FC, 0xE6FC, 0xE6FC, 0xE6FC, 0xE6FC, 0xE6FC,
    0xE6FC, 0xE6FC, 0xE6FC, 0xE6FC, 0xE6FC, 0xE6FC, 0xE6FC, 0xE6FC, 0xE6FC, 0xE6FC, 0xE6FC, 0xE6FC, 0xE6FC, 0xE6FC, 0xE6FC, 0xE6FC,
    0xE6FC, 0xE6FC, 0xE6FC, 0xE6FC, 0xE6FC, 0xE6FC, 0xE6FC, 0xE6FC, 0xE6FC, 0xE6FC, 0xE6FC, 0xE6FC, 0xE6FC, 0xE6FC, 0xE6FC, 0xE6FC,
    0xE6FC, 0xE6FC, 0xE6FC, 0xE6FC, 0xE6FC, 0xE6FC, 0xE6FC, 0xE6FC, 0xE6FC, 0xE6FC, 0xE6FC, 0xE6FC, 0xE6FC, 0xE6FC, 0xAD55, 0x8C72,
    0x8C72, 0x8C72, 0x8C72, 0x8C72, 0x8C72, 0x8C72, 0x8C72, 0x8C72, 0x8C72, 0x8C72, 0x8C72, 0x8C72, 0x8C72, 0x8C72, 0x8C72, 0x8C72,
    0x8C72, 0x8C72, 0x8C72, 0x8C72, 0x8C72, 0x8C72, 0x8C72, 0x8C72, 0x8C72, 0x8C72, 0x8C72, 0x8C72, 0x8C72, 0x8C72, 0x8C72, 0x8C72,
    0x8C72, 0x8C72, 0x8C72, 0x8C72, 0x8C72, 0x8C72, 0x8C72, 0x8C72, 0x8C72, 0x8C72, 0x8C72, 0x8C72, 0x8C72, 0x8C72, 0x8C72, 0x8C72,
    0x8C72, 0x8C72, 0x8C72, 0x8C72, 0x8C72, 0x8C72, 0x8C72, 0x8C72, 0x8C72, 0x8C72, 0x8C72, 0x8C72, 0x8C72, 0x8C72, 0x8C72, 0x8C72,
    0x8C72, 0x8C72, 0x8C72, 0x8C72, 0x8C72, 0x8C72, 0x8C72, 0x8C72, 0x8C72, 0x8C72, 0x8C72, 0x8C72, 0x8C72, 0x8C72, 0x8C72, 0x8C72,
    0x8C72, 0x8C72, 0x8C72, 0x8C72, 0x8C72, 0x8C72, 0x8C72, 0x8C72, 0x8C72, 0x8C72, 0x8C72, 0x8C72, 0x8C72, 0x8C72, 0x8C72, 0x8C72,
    0x8C72, 0x8C72, 0x8C72, 0x8C72, 0x8C72, 0x8C72, 0x8C72, 0x8C72, 0x8C72, 0x8C72, 0x8C72, 0x8C72, 0x8C72, 0x8C72, 0x8C72, 0x8C72,
    0x8C72, 0x8C72, 0x8C72, 0x8C72, 0x8C72, 0x8C72, 0x8C72, 0x8C72, 0x8C72, 0x8C72, 0x8C72, 0x8C72, 0x8C72, 0x8C72, 0x8C72, 0x8C72,
    0x8C72, 0x8C72, 0x8C72, 0x8C72, 0x8C72, 0x8C72, 0x8C72, 0x8C72, 0x8C72, 0x8C72, 0x8C72, 0x8C72, 0x8C72, 0x8C72, 0x8C72, 0x8C72,
    0x8C72, 0x8C72, 0x8C72, 0x8C72, 0x8C72, 0x8C72, 0x8C72, 0x8C72, 0x8C72, 0x8C72, 0x8C72, 0x8C72, 0x8C72, 0x8C72, 0x8C72, 0x8C72,
    0x8C72, 0x8C72, 0x8C72, 0x8C72, 0x8C72, 0x8C72, 0x8C72, 0x8C72, 0x8C72, 0x8C72, 0x8C72, 0x8C72, 0x8C72, 0x8C72, 0x8C72, 0x8C72,
    0x8C72, 0x8C72, 0x8C72, 0x8C72, 0x8C72, 0x8C72, 0x8C72, 0x8C72, 0x8C72, 0x8C72, 0x8C72, 0x8C72, 0x8C72, 0x8C72, 0x8C72, 0x8C72,
    0x8C72, 0x8C72, 0x8C72, 0x8C72, 0x8C72, 0x8C72, 0x8C72, 0x8C72, 0x8C72, 0x8C72, 0x8C72, 0x8C72, 0x8C72, 0x8C72, 0x8C72, 0x8C72,
    0x8C72, 0x8C72, 0x8C72, 0x8C72, 0x8C72, 0x8C72, 0x8C72, 0x8C72, 0x8C72, 0x8C72, 0x8C72, 0x8C72, 0x8C72, 0x8C72, 0x8C72, 0x8C72,
    0x8C72, 0x8C72, 0x8C72, 0x8C72, 0x8C72, 0x8C72, 0xDEDB, 0xE6FC, 0xE6FC, 0xE6FC, 0xE6FC, 0xE6FC, 0xE6FC, 0xE6FC, 0xE6FC, 0xE6FC,
    0xE6FC, 0xE6FC, 0xE6FC, 0xE6FC, 0xE6FC, 0xE6FC, 0xE6FC, 0xE6FC, 0xE6FC, 0xE6FC, 0xE6FC, 0xE6FC, 0xE6FC, 0xE6FC, 0xE6FC, 0xE6FC,
    0xE6FC, 0xE6FC, 0xE6FC, 0xE6FC, 0xE6FC, 0xE6FC, 0xE6FC, 0xE6FC, 0xE6FC, 0xE6FC, 0xE6FC, 0xE6FC, 0xE6FC, 0xE6FC, 0xE6FC, 0xE6FC,
    0xE6FC, 0xE6FC, 0xE6FC, 0xE6FC, 0xE6FC, 0xE6FC, 0xE6FC, 0xE6FC, 0xE6FC, 0xE6FC, 0xE6FC, 0xE6FC, 0xE6FC, 0xE6FC, 0xE6FC, 0xE6FC,
    0xE6FC, 0xE6FC, 0xE6FC, 0xE6FC, 0xE6FC, 0xE6FC, 0xE6FC, 0xE6FC, 0xE6FC, 0xE6FC, 0xE6FC, 0x9CD3, 0x8C72, 0x8C72, 0x8C72, 0x8C72,
    0x8C72, 0x8C72, 0x8C72, 0x8C72, 0x8C72, 0x8C72, 0x8C72, 0x8C72, 0x8C72, 0x8C72, 0x8C72, 0x8C72, 0x8C72, 0x8C72, 0x8C72, 0x8C72,
    0x8C72, 0x8C72, 0x8C72, 0x8C72, 0x8C72, 0x8C72, 0x8C72, 0x8C72, 0x8C72, 0x8C72, 0x8C72, 0x8C72, 0x8C72, 0x8C72, 0x8C72, 0x8C72,
    0x8C72, 0x8C72, 0x8C72, 0x8C72, 0x8C72, 0x8C72, 0x8C72, 0x8C72, 0x8C72, 0x8C72, 0x8C72, 0x8C72, 0x8C72, 0x8C72, 0x8C72, 0x8C72,
    0x8C72, 0x8C72, 0x8C72, 0x8C72, 0x8C72, 0x8C72, 0x8C72, 0x8C72, 0x8C72, 0x8C72, 0x8C72, 0x8C72, 0x8C72, 0x8C72, 0x8C72, 0x8C72,
    0x8C72, 0x8C72, 0x8C72, 0x8C72, 0x8C72, 0x8C72, 0x8C72, 0x8C72, 0x8C72, 0x8C72, 0x8C72, 0x8C72, 0x8C72, 0x8C72, 0x8C72, 0x8C72,
    0x8C72, 0x8C72, 0x8C72, 0x8C72, 0x8C72, 0x8C72, 0x8C72, 0x8C72, 0x8C72, 0x8C72, 0x8C72, 0x8C72, 0x8C72, 0x8C72, 0x8C72, 0x8C72,
    0x8C72, 0x8C72, 0x8C72, 0x8C72, 0x8C72, 0x8C72, 0x8C72, 0x8C72, 0x8C72, 0x8C72, 0x8C72, 0x8C72, 0x8C72, 0x8C72, 0x8C72, 0x8C72,
    0x8C72, 0x8C72, 0x8C72, 0x8C72, 0x8C72, 0x8C72, 0x8C72, 0x8C72, 0x8C72, 0x8C72, 0x8C72, 0x8C72, 0x8C72, 0x8C72, 0x8C72, 0x8C72,
    0x8C72, 0x8C72, 0x8C72, 0x8C72, 0x8C72, 0x8C72, 0x8C72, 0x8C72, 0x8C72, 0x8C72, 0x8C72, 0x8C72, 0x8C72, 0x8C72, 0x8C72, 0x8C72,
    0x8C72, 0x8C72, 0x8C72, 0x8C72, 0x8C72, 0x8C72, 0x8C72, 0x8C72, 0x8C72, 0x8C72, 0x8C72, 0x8C72, 0x8C72, 0x8C72, 0x8C72, 0x8C72,
    0x8C72, 0x8C72, 0x8C72, 0x8C72, 0x8C72, 0x8C72, 0x8C72, 0x8C72, 0x8C72, 0x8C72, 0x8C72, 0x8C72, 0x8C72, 0x8C72, 0x8C72, 0x8C72,
    0x8C72, 0x8C72, 0x8C72, 0x8C72, 0x8C72, 0x8C72, 0x8C72, 0x8C72, 0x8C72, 0x8C72, 0x8C72, 0x8C72, 0x8C72, 0x8C72, 0x8C72, 0x8C72,
    0x8C72, 0x8C72, 0x8C72, 0x8C72, 0x8C72, 0x8C72, 0x8C72, 0x8C72, 0x8C72, 0x8C72, 0x8C72, 0x8C72, 0x8C72, 0x8C72, 0x8C72, 0x8C72,
    0x8C72, 0x8C72, 0x8C72, 0x8C72, 0x8C72, 0x8C72, 0x8C72, 0x8C72, 0x8C72, 0x8C72, 0x8C72, 0x8C72, 0x8C72, 0x8C72, 0x8C72, 0x8C72,
    0x8C72, 0xD659, 0xE6FC, 0xE6FC, 0xE6FC, 0xE6FC, 0xE6FC, 0xE6FC, 0xE6FC, 0xE6FC, 0xE6FC, 0xE6FC, 0xE6FC, 0xE6FC, 0xE6FC, 0xE6FC,
    0xE6FC, 0xE6FC, 0xE6FC, 0xE6FC, 0xE6FC, 0xE6FC, 0xE6FC, 0xE6FC, 0xE6FC, 0xE6FC, 0xE6FC, 0xE6FC, 0xE6FC, 0xE6FC, 0xE6FC, 0xE6FC,
    0xE6FC, 0xE6FC, 0xE6FC, 0xE6FC, 0xE6FC, 0xE6FC, 0xE6FC, 0xE6FC, 0xE6FC, 0xE6FC, 0xE6FC, 0xE6FC, 0xE6FC, 0xE6FC, 0xE6FC, 0xE6FC,
    0xE6FC, 0xE6FC, 0xE6FC, 0xE6FC, 0xE6FC, 0xE6FC, 0xE6FC, 0xE6FC, 0xE6FC, 0xE6FC, 0xE6FC, 0xE6FC, 0xE6FC, 0xE6FC, 0xE6FC, 0xE6FC,
    0xE6FC, 0xE6FC, 0xE6FC, 0xE6FC, 0xE6FC, 0xE6FC, 0xE6FC, 0xD659, 0x8C72, 0x8C72, 0x8C72, 0x8C72, 0x8C72, 0x8C72, 0x8C72, 0x8C72,
    0x8C72, 0x8C72, 0x8C72, 0x8C72, 0x8C72, 0x8C72, 0x8C72, 0x8C72, 0x8C72, 0x8C72, 0x8C72, 0x8C72, 0x8C72, 0x8C72, 0x8C72, 0x8C72,
    0x8C72, 0x8C72, 0x8C72, 0x8C72, 0x8C72, 0x8C72, 0x8C72, 0x8C72, 0x8C72, 0x8C72, 0x8C72, 0x8C72, 0x8C72, 0x8C72, 0x8C72, 0x8C72,
    0x8C72, 0x8C72, 0x8C72, 0x8C72, 0x8C72, 0x8C72, 0x8C72, 0x8C72, 0x8C72, 0x8C72, 0x8C72, 0x8C72, 0x8C72, 0x8C72, 0x8C72, 0x8C72,
    0x8C72, 0x8C72, 0x8C72, 0x8C72, 0x8C72, 0x8C72, 0x8C72, 0x8C72, 0x8C72, 0x8C72, 0x8C72, 0x8C72, 0x8C72, 0x8C72, 0x8C72, 0x8C72,
    0x8C72, 0x8C72, 0x8C72, 0x8C72, 0x8C72, 0x8C72, 0x8C72, 0x8C72, 0x8C72, 0x8C72, 0x8C72, 0x8C72, 0x8C72, 0x8C72, 0x8C72, 0x8C72,
    0x8C72, 0x8C72, 0x8C72, 0x8C72, 0x8C72, 0x8C72, 0x8C72, 0x8C72, 0x8C72, 0x8C72, 0x8C72, 0x8C72, 0x8C72, 0x8C72, 0x8C72, 0x8C72,
    0x8C72, 0x8C72, 0x8C72, 0x8C72, 0x8C72, 0x8C72, 0x8C72, 0x8C72, 0x8C72, 0x8C72, 0x8C72, 0x8C72, 0x8C72, 0x8C72, 0x8C72, 0x8C72,
    0x8C72, 0x8C72, 0x8C72, 0x8C72, 0x8C72, 0x8C72, 0x8C72, 0x8C72, 0x8C72, 0x8C72, 0x8C72, 0x8C72, 0x8C72, 0x8C72, 0x8C72, 0x8C72,
    0x8C72, 0x8C72, 0x8C72, 0x8C72, 0x8C72, 0x8C72, 0x8C72, 0x8C72, 0x8C72, 0x8C72, 0x8C72, 0x8C72, 0x8C72, 0x8C72, 0x8C72, 0x8C72,
    0x8C72, 0x8C72, 0x8C72, 0x8C72, 0x8C72, 0x8C72, 0x8C72, 0x8C72, 0x8C72, 0x8C72, 0x8C72, 0x8C72, 0x8C72, 0x8C72, 0x8C72, 0x8C72,
    0x8C72, 0x8C72, 0x8C72, 0x8C72, 0x8C72, 0x8C72, 0x8C72, 0x8C72, 0x8C72, 0x8C72, 0x8C72, 0x8C72, 0x8C72, 0x8C72, 0x8C72, 0x8C72,
    0x8C72, 0x8C72, 0x8C72, 0x8C72, 0x8C72, 0x8C72, 0x8C72, 0x8C72, 0x8C72, 0x8C72, 0x8C72, 0x8C72, 0x8C72, 0x8C72, 0x8C72, 0x8C72,
    0x8C72, 0x8C72, 0x8C72, 0x8C72, 0x8C72, 0x8C72, 0x8C72, 0x8C72, 0x8C72, 0x8C72, 0x8C72, 0x8C72, 0x8C72, 0x8C72, 0x8C72, 0x8C72,
    0x8C72, 0x8C72, 0x8C72, 0x8C72, 0x8C72, 0x8C72, 0x8C72, 0x8C72, 0x8C72, 0x8C72, 0x8C72, 0x8C72, 0xAD55, 0xE6FC, 0xE6FC, 0xE6FC,
    0xE6FC, 0xE6FC, 0xE6FC, 0xE6FC, 0xE6FC, 0xE6FC, 0xE6FC, 0xE6FC, 0xE6FC, 0xE6FC, 0xE6FC, 0xE6FC, 0xE6FC, 0xE6FC, 0xE6FC, 0xE6FC,
    0xE6FC, 0xE6FC, 0xE6FC, 0xE6FC, 0xE6FC, 0xE6FC, 0xE6FC, 0xE6FC, 0xE6FC, 0xE6FC, 0xE6FC, 0xE6FC, 0xE6FC, 0xE6FC, 0xE6FC, 0xE6FC,
    0xE6FC, 0xE6FC, 0xE6FC, 0xE6FC, 0xE6FC, 0xE6FC, 0xE6FC, 0xE6FC, 0xE6FC, 0xE6FC, 0xE6FC, 0xE6FC, 0xE6FC, 0xE6FC, 0xE6FC, 0xE6FC,
    0xE6FC, 0xE6FC, 0xE6FC, 0xE6FC, 0xE6FC, 0xE6FC, 0xE6FC, 0xE6FC, 0xE6FC, 0xE6FC, 0xE6FC, 0xE6FC, 0xE6FC, 0xE6FC, 0xE6FC, 0xE6FC,
    0xE6FC, 0xE6FC, 0xE6FC, 0xE6FC, 0xAD55, 0x8C72, 0x8C72, 0x8C72, 0x8C72, 0x8C72, 0x8C72, 0x8C72, 0x8C72, 0x8C72, 0x8C72, 0x8C72,
    0x8C72, 0x8C72, 0x8C72, 0x8C72, 0x8C72, 0x8C72, 0x8C72, 0x8C72, 0x8C72, 0x8C72, 0x8C72, 0x8C72, 0x8C72, 0x8C72, 0x8C72, 0x8C72,
    0x8C72, 0x8C72, 0x8C72, 0x8C72, 0x8C72, 0x8C72, 0x8C72, 0x8C72, 0x8C72, 0x8C72, 0x8C72, 0x8C72, 0x8C72, 0x8C72, 0x8C72, 0x8C72,
    0x8C72, 0x8C72, 0x8C72, 0x8C72, 0x8C72, 0x8C72, 0x8C72, 0x8C72, 0x8C72, 0x8C72, 0x8C72, 0x8C72, 0x8C72, 0x8C72, 0x8C72, 0x8C72,
    0x8C72, 0x8C72, 0x8C72, 0x8C72, 0x8C72, 0x8C72, 0x8C72, 0x8C72, 0x8C72, 0x8C72, 0x8C72, 0x8C72, 0x8C72, 0x8C72, 0x8C72, 0x8C72,
    0x8C72, 0x8C72, 0x8C72, 0x8C72, 0x8C72, 0x8C72, 0x8C72, 0x8C72, 0x8C72, 0x8C72, 0x8C72, 0x8C72, 0x8C72, 0x8C72, 0x8C72, 0x8C72,
    0x8C72, 0x8C72, 0x8C72, 0x8C72, 0x8C72, 0x8C72, 0x8C72, 0x8C72, 0x8C72, 0x8C72, 0x8C72, 0x8C72, 0x8C72, 0x8C72, 0x8C72, 0x8C72,
    0x8C72, 0x8C72, 0x8C72, 0x8C72, 0x8C72, 0x8C72, 0x8C72, 0x8C72, 0x8C72, 0x8C72, 0x8C72, 0x8C72, 0x8C72, 0x8C72, 0x8C72, 0x8C72,
    0x8C72, 0x8C72, 0x8C72, 0x8C72, 0x8C72, 0x8C72, 0x8C72, 0x8C72, 0x8C72, 0x8C72, 0x8C72, 0x8C72, 0x8C72, 0x8C72, 0x8C72, 0x8C72,
    0x8C72, 0x8C72, 0x8C72, 0x8C72, 0x8C72, 0x8C72, 0x8C72, 0x8C72, 0x8C72, 0x8C72, 0x8C72, 0x8C72, 0x8C72, 0x8C72, 0x8C72, 0x8C72,
    0x8C72, 0x8C72, 0x8C72, 0x8C72, 0x8C72, 0x8C72, 0x8C72, 0x8C72, 0x8C72, 0x8C72, 0x8C72, 0x8C72, 0x8C72, 0x8C72, 0x8C72, 0x8C72,
    0x8C72, 0x8C72, 0x8C72, 0x8C72, 0x8C72, 0x8C72, 0x8C72, 0x8C72, 0x8C72, 0x8C72, 0x8C72, 0x8C72, 0x8C72, 0x8C72, 0x8C72, 0x8C72,
    0x8C72, 0x8C72, 0x8C72, 0x8C72, 0x8C72, 0x8C72, 0x8C72, 0x8C72, 0x8C72, 0x8C72, 0x8C72, 0x8C72, 0x8C72, 0x8C72, 0x8C72, 0x8C72,
    0x8C72, 0x8C72, 0x8C72, 0x8C72, 0x8C72, 0x8C72, 0x8C72, 0x8C72, 0x8C72, 0x8C72, 0x8C72, 0x8C72, 0x8C72, 0x8C72, 0x8C72, 0x8C72,
    0x8C72, 0x8C72, 0x8C72, 0x8C72, 0x8C72, 0x8C72, 0x8C72, 0x8C72, 0xDEDB, 0xE6FC, 0xE6FC, 0xE6FC, 0xE6FC, 0xE6FC, 0xE6FC, 0xE6FC,
    0xE6FC, 0xE6FC, 0xE6FC, 0xE6FC, 0xE6FC, 0xE6FC, 0xE6FC, 0xE6FC, 0xE6FC, 0xE6FC, 0xE6FC, 0xE6FC, 0xE6FC, 0xE6FC, 0xE6FC, 0xE6FC,
    0xE6FC, 0xE6FC, 0xE6FC, 0xE6FC, 0xE6FC, 0xE6FC, 0xE6FC, 0xE6FC, 0xE6FC, 0xE6FC, 0xE6FC, 0xE6FC, 0xE6FC, 0xE6FC, 0xE6FC, 0xE6FC,
    0xE6FC, 0xE6FC, 0xE6FC, 0xE6FC, 0xE6FC, 0xE6FC, 0xE6FC, 0xE6FC, 0xE6FC, 0xE6FC, 0xE6FC, 0xE6FC, 0xE6FC, 0xE6FC, 0xE6FC, 0xE6FC,
    0xE6FC, 0xE6FC, 0xE6FC, 0xE6FC, 0xE6FC, 0xE6FC, 0xE6FC, 0xE6FC, 0xE6FC, 0xE6FC, 0xE6FC, 0xE6FC, 0xE6FC, 0xE6FC, 0xE6FC, 0xE6FC,
    0xDEDB, 0x8C72, 0x8C72, 0x8C72, 0x8C72, 0x8C72, 0x8C72, 0x8C72, 0x8C72, 0x8C72, 0x8C72, 0x8C72, 0x8C72, 0x8C72, 0x8C72, 0x8C72,
    0x8C72, 0x8C72, 0x8C72, 0x8C72, 0x8C72, 0x8C72, 0x8C72, 0x8C72, 0x8C72, 0x8C72, 0x8C72, 0x8C72, 0x8C72, 0x8C72, 0x8C72, 0x8C72,
    0x8C72, 0x8C72, 0x8C72, 0x8C72, 0x8C72, 0x8C72, 0x8C72, 0x8C72, 0x8C72, 0x8C72, 0x8C72, 0x8C72, 0x8C72, 0x8C72, 0x8C72, 0x8C72,
    0x8C72, 0x8C72, 0x8C72, 0x8C72, 0x8C72, 0x8C72, 0x8C72, 0x8C72, 0x8C72, 0x8C72, 0x8C72, 0x8C72, 0x8C72, 0x8C72, 0x8C72, 0x8C72,
    0x8C72, 0x8C72, 0x8C72, 0x8C72, 0x8C72, 0x8C72, 0x8C72, 0x8C72, 0x8C72, 0x8C72, 0x8C72, 0x8C72, 0x8C72, 0x8C72, 0x8C72, 0x8C72,
    0x8C72, 0x8C72, 0x8C72, 0x8C72, 0x8C72, 0x8C72, 0x8C72, 0x8C72, 0x8C72, 0x8C72, 0x8C72, 0x8C72, 0x8C72, 0x8C72, 0x8C72, 0x8C72,
    0x8C72, 0x8C72, 0x8C72, 0x8C72, 0x8C72, 0x8C72, 0x8C72, 0x8C72, 0x8C72, 0x8C72, 0x8C72, 0x8C72, 0x8C72, 0x8C72, 0x8C72, 0x8C72,
    0x8C72, 0x8C72, 0x8C72, 0x8C72, 0x8C72, 0x8C72, 0x8C72, 0x8C72, 0x8C72, 0x8C72, 0x8C72, 0x8C72, 0x8C72, 0x8C72, 0x8C72, 0x8C72,
    0x8C72, 0x8C72, 0x8C72, 0x8C72, 0x8C72, 0x8C72, 0x8C72, 0x8C72, 0x8C72, 0x8C72, 0x8C72, 0x8C72, 0x8C72, 0x8C72, 0x8C72, 0x8C72,
    0x8C72, 0x8C72, 0x8C72, 0x8C72, 0x8C72, 0x8C72, 0x8C72, 0x8C72, 0x8C72, 0x8C72, 0x8C72, 0x8C72, 0x8C72, 0x8C72, 0x8C72, 0x8C72,
    0x8C72, 0x8C72, 0x8C72, 0x8C72, 0x8C72, 0x8C72, 0x8C72, 0x8C72, 0x8C72, 0x8C72, 0x8C72, 0x8C72, 0x8C72, 0x8C72, 0x8C72, 0x8C72,
    0x8C72, 0x8C72, 0x8C72, 0x8C72, 0x8C72, 0x8C72, 0x8C72, 0x8C72, 0x8C72, 0x8C72, 0x8C72, 0x8C72, 0x8C72, 0x8C72, 0x8C72, 0x8C72,
    0x8C72, 0x8C72, 0x8C72, 0x8C72, 0x8C72, 0x8C72, 0x8C72, 0x8C72, 0x8C72, 0x8C72, 0x8C72, 0x8C72, 0x8C72, 0x8C72, 0x8C72, 0x8C72,
    0x8C72, 0x8C72, 0x8C72, 0x8C72, 0x8C72, 0x8C72, 0x8C72, 0x8C72, 0x8C72, 0x8C72, 0x8C72, 0x8C72, 0x8C72, 0x8C72, 0x8C72, 0x8C72,
    0x8C72, 0x8C72, 0x8C72, 0xD659, 0xE6FC, 0xE6FC, 0xE6FC, 0xE6FC, 0xE6FC, 0xE6FC, 0xE6FC, 0xE6FC, 0xE6FC, 0xE6FC, 0xE6FC, 0xE6FC,
    0xE6FC, 0xE6FC, 0xE6FC, 0xE6FC, 0xE6FC, 0xE6FC, 0xE6FC, 0xE6FC, 0xE6FC, 0xE6FC, 0xE6FC, 0xE6FC, 0xE6FC, 0xE6FC, 0xE6FC, 0xE6FC,
    0xE6FC, 0xE6FC, 0xE6FC, 0xE6FC, 0xE6FC, 0xE6FC, 0xE6FC, 0xE6FC, 0xE6FC, 0xE6FC, 0xE6FC, 0xE6FC, 0xE6FC, 0xE6FC, 0xE6FC, 0xE6FC,
    0xE6FC, 0xE6FC, 0xE6FC, 0xE6FC, 0xE6FC, 0xE6FC, 0xE6FC, 0xE6FC, 0xE6FC, 0xE6FC, 0xE6FC, 0xE6FC, 0xE6FC, 0xE6FC, 0xE6FC, 0xE6FC,
    0xE6FC, 0xE6FC, 0xE6FC, 0xE6FC, 0xE6FC, 0xE6FC, 0xE6FC, 0xE6FC, 0xE6FC, 0xE6FC, 0xE6FC, 0xE6FC, 0xE6FC, 0xD659, 0x8C72, 0x8C72,
    0x8C72, 0x8C72, 0x8C72, 0x8C72, 0x8C72, 0x8C72, 0x8C72, 0x8C72, 0x8C72, 0x8C72, 0x8C72, 0x8C72, 0x8C72, 0x8C72, 0x8C72, 0x8C72,
    0x8C72, 0x8C72, 0x8C72, 0x8C72, 0x8C72, 0x8C72, 0x8C72, 0x8C72, 0x8C72, 0x8C72, 0x8C72, 0x8C72, 0x8C72, 0x8C72, 0x8C72, 0x8C72,
    0x8C72, 0x8C72, 0x8C72, 0x8C72, 0x8C72, 0x8C72, 0x8C72, 0x8C72, 0x8C72, 0x8C72, 0x8C72, 0x8C72, 0x8C72, 0x8C72, 0x8C72, 0x8C72,
    0x8C72, 0x8C72, 0x8C72, 0x8C72, 0x8C72, 0x8C72, 0x8C72, 0x8C72, 0x8C72, 0x8C72, 0x8C72, 0x8C72, 0x8C72, 0x8C72, 0x8C72, 0x8C72,
    0x8C72, 0x8C72, 0x8C72, 0x8C72, 0x8C72, 0x8C72, 0x8C72, 0x8C72, 0x8C72, 0x8C72, 0x8C72, 0x8C72, 0x8C72, 0x8C72, 0x8C72, 0x8C72,
    0x8C72, 0x8C72, 0x8C72, 0x8C72, 0x8C72, 0x8C72, 0x8C72, 0x8C72, 0x8C72, 0x8C72, 0x8C72, 0x8C72, 0x8C72, 0x8C72, 0x8C72, 0x8C72,
    0x8C72, 0x8C72, 0x8C72, 0x8C72, 0x8C72, 0x8C72, 0x8C72, 0x8C72, 0x8C72, 0x8C72, 0x8C72, 0x8C72, 0x8C72, 0x8C72, 0x8C72, 0x8C72,
    0x8C72, 0x8C72, 0x8C72, 0x8C72, 0x8C72, 0x8C72, 0x8C72, 0x8C72, 0x8C72, 0x8C72, 0x8C72, 0x8C72, 0x8C72, 0x8C72, 0x8C72, 0x8C72,
    0x8C72, 0x8C72, 0x8C72, 0x8C72, 0x8C72, 0x8C72, 0x8C72, 0x8C72, 0x8C72, 0x8C72, 0x8C72, 0x8C72, 0x8C72, 0x8C72, 0x8C72, 0x8C72,
    0x8C72, 0x8C72, 0x8C72, 0x8C72, 0x8C72, 0x8C72, 0x8C72, 0x8C72, 0x8C72, 0x8C72, 0x8C72, 0x8C72, 0x8C72, 0x8C72, 0x8C72, 0x8C72,
    0x8C72, 0x8C72, 0x8C72, 0x8C72, 0x8C72, 0x8C72, 0x8C72, 0x8C72, 0x8C72, 0x8C72, 0x8C72, 0x8C72, 0x8C72, 0x8C72, 0x8C72, 0x8C72,
    0x8C72, 0x8C72, 0x8C72, 0x8C72, 0x8C72, 0x8C72, 0x8C72, 0x8C72, 0x8C72, 0x8C72, 0x8C72, 0x8C72, 0x8C72, 0x8C72, 0x8C72, 0x8C72,
    0x8C72, 0x8C72, 0x8C72, 0x8C72, 0x8C72, 0x8C72, 0x8C72, 0x8C72, 0x8C72, 0x8C72, 0x8C72, 0x8C72, 0x8C72, 0x8C72, 0x8C72, 0x8C72,
    0x8C72, 0x8C72, 0x8C72, 0x8C72, 0x8C72, 0x8C72, 0x8C72, 0x8C72, 0x8C72, 0x8C72, 0x8C72, 0x8C72, 0x8C72, 0x8C72, 0xAD55, 0xE6FC,
    0xE6FC, 0xE6FC, 0xE6FC, 0xE6FC, 0xE6FC, 0xE6FC, 0xE6FC, 0xE6FC, 0xE6FC, 0xE6FC, 0xE6FC, 0xE6FC, 0xE6FC, 0xE6FC, 0xE6FC, 0xE6FC,
    0xE6FC, 0xE6FC, 0xE6FC, 0xE6FC, 0xE6FC, 0xE6FC, 0xE6FC, 0xE6FC, 0xE6FC, 0xE6FC, 0xE6FC, 0xE6FC, 0xE6FC, 0xE6FC, 0xE6FC, 0xE6FC,
    0xE6FC, 0xE6FC, 0xE6FC, 0xE6FC, 0xE6FC, 0xE6FC, 0xE6FC, 0xE6FC, 0xE6FC, 0xE6FC, 0xE6FC, 0xE6FC, 0xE6FC, 0xE6FC, 0xE6FC, 0xE6FC,
    0xE6FC, 0xE6FC, 0xE6FC, 0xE6FC, 0xE6FC, 0xE6FC, 0xE6FC, 0xE6FC, 0xE6FC, 0xE6FC, 0xE6FC, 0xE6FC, 0xE6FC, 0xE6FC, 0xE6FC, 0xE6FC,
    0xE6FC, 0xE6FC, 0xE6FC, 0xE6FC, 0xE6FC, 0xE6FC, 0xE6FC, 0xE6FC, 0xE6FC, 0xE6FC, 0xAD55, 0x8C72, 0x8C72, 0x8C72, 0x8C72, 0x8C72,
    0x8C72, 0x8C72, 0x8C72, 0x8C72, 0x8C72, 0x8C72, 0x8C72, 0x8C72, 0x8C72, 0x8C72, 0x8C72, 0x8C72, 0x8C72, 0x8C72, 0x8C72, 0x8C72,
    0x8C72, 0x8C72, 0x8C72, 0x8C72, 0x8C72, 0x8C72, 0x8C72, 0x8C72, 0x8C72, 0x8C72, 0x8C72, 0x8C72, 0x8C72, 0x8C72, 0x8C72, 0x8C72,
    0x8C72, 0x8C72, 0x8C72, 0x8C72, 0x8C72, 0x8C72, 0x8C72, 0x8C72, 0x8C72, 0x8C72, 0x8C72, 0x8C72, 0x8C72, 0x8C72, 0x8C72, 0x8C72,
    0x8C72, 0x8C72, 0x8C72, 0x8C72, 0x8C72, 0x8C72, 0x8C72, 0x8C72, 0x8C72, 0x8C72, 0x8C72, 0x8C72, 0x8C72, 0x8C72, 0x8C72, 0x8C72,
    0x8C72, 0x8C72, 0x8C72, 0x8C72, 0x8C72, 0x8C72, 0x8C72, 0x8C72, 0x8C72, 0x8C72, 0x8C72, 0x8C72, 0x8C72, 0x8C72, 0x8C72, 0x8C72,
    0x8C72, 0x8C72, 0x8C72, 0x8C72, 0x8C72, 0x8C72, 0x8C72, 0x8C72, 0x8C72, 0x8C72, 0x8C72, 0x8C72, 0x8C72, 0x8C72, 0x8C72, 0x8C72,
    0x8C72, 0x8C72, 0x8C72, 0x8C72, 0x8C72, 0x8C72, 0x8C72, 0x8C72, 0x8C72, 0x8C72, 0x8C72, 0x8C72, 0x8C72, 0x8C72, 0x8C72, 0x8C72,
    0x8C72, 0x8C72, 0x8C72, 0x8C72, 0x8C72, 0x8C72, 0x8C72, 0x8C72, 0x8C72, 0x8C72, 0x8C72, 0x8C72, 0x8C72, 0x8C72, 0x8C72, 0x8C72,
    0x8C72, 0x8C72, 0x8C72, 0x8C72, 0x8C72, 0x8C72, 0x8C72, 0x8C72, 0x8C72, 0x8C72, 0x8C72, 0x8C72, 0x8C72, 0x8C72, 0x8C72, 0x8C72,
    0x8C72, 0x8C72, 0x8C72, 0x8C72, 0x8C72, 0x8C72, 0x8C72, 0x8C72, 0x8C72, 0x8C72, 0x8C72, 0x8C72, 0x8C72, 0x8C72, 0x8C72, 0x8C72,
    0x8C72, 0x8C72, 0x8C72, 0x8C72, 0x8C72, 0x8C72, 0x8C72, 0x8C72, 0x8C72, 0x8C72, 0x8C72, 0x8C72, 0x8C72, 0x8C72, 0x8C72, 0x8C72,
    0x8C72, 0x8C72, 0x8C72, 0x8C72, 0x8C72, 0x8C72, 0x8C72, 0x8C72, 0x8C72, 0x8C72, 0x8C72, 0x8C72, 0x8C72, 0x8C72, 0x8C72, 0x8C72,
    0x8C72, 0x8C72, 0x8C72, 0x8C72, 0x8C72, 0x8C72, 0x8C72, 0x8C72, 0x8C72, 0x8C72, 0x8C72, 0x8C72, 0x8C72, 0x8C72, 0x8C72, 0x8C72,
    0x8C72, 0x8C72, 0x8C72, 0x8C72, 0x8C72, 0x8C72, 0x8C72, 0x8C72, 0x8C72, 0x8C72, 0xD659, 0xE6FC, 0xE6FC, 0xE6FC, 0xE6FC, 0xE6FC,
    0xE6FC, 0xE6FC, 0xE6FC, 0xE6FC, 0xE6FC, 0xE6FC, 0xE6FC, 0xE6FC, 0xE6FC, 0xE6FC, 0xE6FC, 0xE6FC, 0xE6FC, 0xE6FC, 0xE6FC, 0xE6FC,
    0xE6FC, 0xE6FC, 0xE6FC, 0xE6FC, 0xE6FC, 0xE6FC, 0xE6FC, 0xE6FC, 0xE6FC, 0xE6FC, 0xE6FC, 0xE6FC, 0xE6FC, 0xE6FC, 0xE6FC, 0xE6FC,
    0xE6FC, 0xE6FC, 0xE6FC, 0xE6FC, 0xE6FC, 0xE6FC, 0xE6FC, 0xE6FC, 0xE6FC, 0xE6FC, 0xE6FC, 0xE6FC, 0xE6FC, 0xE6FC, 0xE6FC, 0xE6FC,
    0xE6FC, 0xE6FC, 0xE6FC, 0xE6FC, 0xE6FC, 0xE6FC, 0xE6FC, 0xE6FC, 0xE6FC, 0xE6FC, 0xE6FC, 0xE6FC, 0xE6FC, 0xE6FC, 0xE6FC, 0xE6FC,
    0xE6FC, 0xE6FC, 0xE6FC, 0xE6FC, 0xE6FC, 0xE6FC, 0xDEDB, 0x8C72, 0x8C72, 0x8C72, 0x8C72, 0x8C72, 0x8C72, 0x8C72, 0x8C72, 0x8C72,
    0x8C72, 0x8C72, 0x8C72, 0x8C72, 0x8C72, 0x8C72, 0x8C72, 0x8C72, 0x8C72, 0x8C72, 0x8C72, 0x8C72, 0x8C72, 0x8C72, 0x8C72, 0x8C72,
    0x8C72, 0x8C72, 0x8C72, 0x8C72, 0x8C72, 0x8C72, 0x8C72, 0x8C72, 0x8C72, 0x8C72, 0x8C72, 0x8C72, 0x8C72, 0x8C72, 0x8C72, 0x8C72,
    0x8C72, 0x8C72, 0x8C72, 0x8C72, 0x8C72, 0x8C72, 0x8C72, 0x8C72, 0x8C72, 0x8C72, 0x8C72, 0x8C72, 0x8C72, 0x8C72, 0x8C72, 0x8C72,
    0x8C72, 0x8C72, 0x8C72, 0x8C72, 0x8C72, 0x8C72, 0x8C72, 0x8C72, 0x8C72, 0x8C72, 0x8C72, 0x8C72, 0x8C72, 0x8C72, 0x8C72, 0x8C72,
    0x8C72, 0x8C72, 0x8C72, 0x8C72, 0x8C72, 0x8C72, 0x8C72, 0x8C72, 0x8C72, 0x8C72, 0x8C72, 0x8C72, 0x8C72, 0x8C72, 0x8C72, 0x8C72,
    0x8C72, 0x8C72, 0x8C72, 0x8C72, 0x8C72, 0x8C72, 0x8C72, 0x8C72, 0x8C72, 0x8C72, 0x8C72, 0x8C72, 0x8C72, 0x8C72, 0x8C72, 0x8C72,
    0x8C72, 0x8C72, 0x8C72, 0x8C72, 0x8C72, 0x8C72, 0x8C72, 0x8C72, 0x8C72, 0x8C72, 0x8C72, 0x8C72, 0x8C72, 0x8C72, 0x8C72, 0x8C72,
    0x8C72, 0x8C72, 0x8C72, 0x8C72, 0x8C72, 0x8C72, 0x8C72, 0x8C72, 0x8C72, 0x8C72, 0x8C72, 0x8C72, 0x8C72, 0x8C72, 0x8C72, 0x8C72,
    0x8C72, 0x8C72, 0x8C72, 0x8C72, 0x8C72, 0x8C72, 0x8C72, 0x8C72, 0x8C72, 0x8C72, 0x8C72, 0x8C72, 0x8C72, 0x8C72, 0x8C72, 0x8C72,
    0x8C72, 0x8C72, 0x8C72, 0x8C72, 0x8C72, 0x8C72, 0x8C72, 0x8C72, 0x8C72, 0x8C72, 0x8C72, 0x8C72, 0x8C72, 0x8C72, 0x8C72, 0x8C72,
    0x8C72, 0x8C72, 0x8C72, 0x8C72, 0x8C72, 0x8C72, 0x8C72, 0x8C72, 0x8C72, 0x8C72, 0x8C72, 0x8C72, 0x8C72, 0x8C72, 0x8C72, 0x8C72,
    0x8C72, 0x8C72, 0x8C72, 0x8C72, 0x8C72, 0x8C72, 0x8C72, 0x8C72, 0x8C72, 0x8C72, 0x8C72, 0x8C72, 0x8C72, 0x8C72, 0x8C72, 0x8C72,
    0x8C72, 0x8C72, 0x8C72, 0x8C72, 0x8C72, 0x8C72, 0x8C72, 0x8C72, 0x8C72, 0x8C72, 0x8C72, 0x8C72, 0x8C72, 0x8C72, 0x8C72, 0x8C72,
    0x8C72, 0x8C72, 0x8C72, 0x8C72, 0x8C72, 0xAD55, 0xE6FC, 0xE6FC, 0xE6FC, 0xE6FC, 0xE6FC, 0xE6FC, 0xE6FC, 0xE6FC, 0xE6FC, 0xE6FC,
    0xE6FC, 0xE6FC, 0xE6FC, 0xE6FC, 0xE6FC, 0xE6FC, 0xE6FC, 0xE6FC, 0xE6FC, 0xE6FC, 0xE6FC, 0xE6FC, 0xE6FC, 0xE6FC, 0xE6FC, 0xE6FC,
    0xE6FC, 0xE6FC, 0xE6FC, 0xE6FC, 0xE6FC, 0xE6FC, 0xE6FC, 0xE6FC, 0xE6FC, 0xE6FC, 0xE6FC, 0xE6FC, 0xE6FC, 0xE6FC, 0xE6FC, 0xE6FC,
    0xE6FC, 0xE6FC, 0xE6FC, 0xE6FC, 0xE6FC, 0xE6FC, 0xE6FC, 0xE6FC, 0xE6FC, 0xE6FC, 0xE6FC, 0xE6FC, 0xE6FC, 0xE6FC, 0xE6FC, 0xE6FC,
    0xE6FC, 0xE6FC, 0xE6FC, 0xE6FC, 0xE6FC, 0xE6FC, 0xE6FC, 0xE6FC, 0xE6FC, 0xE6FC, 0xE6FC, 0xE6FC, 0xE6FC, 0xE6FC, 0xE6FC, 0xE6FC,
    0xE6FC, 0xE6FC, 0xE6FC, 0xAD55, 0x8C72, 0x8C72, 0x8C72, 0x8C72, 0x8C72, 0x8C72, 0x8C72, 0x8C72, 0x8C72, 0x8C72, 0x8C72, 0x8C72,
    0x8C72, 0x8C72, 0x8C72, 0x8C72, 0x8C72, 0x8C72, 0x8C72, 0x8C72, 0x8C72, 0x8C72, 0x8C72, 0x8C72, 0x8C72, 0x8C72, 0x8C72, 0x8C72,
    0x8C72, 0x8C72, 0x8C72, 0x8C72, 0x8C72, 0x8C72, 0x8C72, 0x8C72, 0x8C72, 0x8C72, 0x8C72, 0x8C72, 0x8C72, 0x8C72, 0x8C72, 0x8C72,
    0x8C72, 0x8C72, 0x8C72, 0x8C72, 0x8C72, 0x8C72, 0x8C72, 0x8C72, 0x8C72, 0x8C72, 0x8C72, 0x8C72, 0x8C72, 0x8C72, 0x8C72, 0x8C72,
    0x8C72, 0x8C72, 0x8C72, 0x8C72, 0x8C72, 0x8C72, 0x8C72, 0x8C72, 0x8C72, 0x8C72, 0x8C72, 0x8C72, 0x8C72, 0x8C72, 0x8C72, 0x8C72,
    0x8C72, 0x8C72, 0x8C72, 0x8C72, 0x8C72, 0x8C72, 0x8C72, 0x8C72, 0x8C72, 0x8C72, 0x8C72, 0x8C72, 0x8C72, 0x8C72, 0x8C72, 0x8C72,
    0x8C72, 0x8C72, 0x8C72, 0x8C72, 0x8C72, 0x8C72, 0x8C72, 0x8C72, 0x8C72, 0x8C72, 0x8C72, 0x8C72, 0x8C72, 0x8C72, 0x8C72, 0x8C72,
    0x8C72, 0x8C72, 0x8C72, 0x8C72, 0x8C72, 0x8C72, 0x8C72, 0x8C72, 0x8C72, 0x8C72, 0x8C72, 0x8C72, 0x8C72, 0x8C72, 0x8C72, 0x8C72,
    0x8C72, 0x8C72, 0x8C72, 0x8C72, 0x8C72, 0x8C72, 0x8C72, 0x8C72, 0x8C72, 0x8C72, 0x8C72, 0x8C72, 0x8C72, 0x8C72, 0x8C72, 0x8C72,
    0x8C72, 0x8C72, 0x8C72, 0x8C72, 0x8C72, 0x8C72, 0x8C72, 0x8C72, 0x8C72, 0x8C72, 0x8C72, 0x8C72, 0x8C72, 0x8C72, 0x8C72, 0x8C72,
    0x8C72, 0x8C72, 0x8C72, 0x8C72, 0x8C72, 0x8C72, 0x8C72, 0x8C72, 0x8C72, 0x8C72, 0x8C72, 0x8C72, 0x8C72, 0x8C72, 0x8C72, 0x8C72,
    0x8C72, 0x8C72, 0x8C72, 0x8C72, 0x8C72, 0x8C72, 0x8C72, 0x8C72, 0x8C72, 0x8C72, 0x8C72, 0x8C72, 0x8C72, 0x8C72, 0x8C72, 0x8C72,
    0x8C72, 0x8C72, 0x8C72, 0x8C72, 0x8C72, 0x8C72, 0x8C72, 0x8C72, 0x8C72, 0x8C72, 0x8C72, 0x8C72, 0x8C72, 0x8C72, 0x8C72, 0x8C72,
    0x8C72, 0x8C72, 0x8C72, 0x8C72, 0x8C72, 0x8C72, 0x8C72, 0x8C72, 0x8C72, 0x8C72, 0x8C72, 0x8C72, 0x8C72, 0x8C72, 0x8C72, 0x8C72,
    0x9CD3, 0xDEDB, 0xE6FC, 0xE6FC, 0xE6FC, 0xE6FC, 0xE6FC, 0xE6FC, 0xE6FC, 0xE6FC, 0xE6FC, 0xE6FC, 0xE6FC, 0xE6FC, 0xE6FC, 0xE6FC,
    0xE6FC, 0xE6FC, 0xE6FC, 0xE6FC, 0xE6FC, 0xE6FC, 0xE6FC, 0xE6FC, 0xE6FC, 0xE6FC, 0xE6FC, 0xE6FC, 0xE6FC, 0xE6FC, 0xE6FC, 0xE6FC,
    0xE6FC, 0xE6FC, 0xE6FC, 0xE6FC, 0xE6FC, 0xE6FC, 0xE6FC, 0xE6FC, 0xE6FC, 0xE6FC, 0xE6FC, 0xE6FC, 0xE6FC, 0xE6FC, 0xE6FC, 0xE6FC,
    0xE6FC, 0xE6FC, 0xE6FC, 0xE6FC, 0xE6FC, 0xE6FC, 0xE6FC, 0xE6FC, 0xE6FC, 0xE6FC, 0xE6FC, 0xE6FC, 0xE6FC, 0xE6FC, 0xE6FC, 0xE6FC,
    0xE6FC, 0xE6FC, 0xE6FC, 0xE6FC, 0xE6FC, 0xE6FC, 0xE6FC, 0xE6FC, 0xE6FC, 0xE6FC, 0xE6FC, 0xE6FC, 0xE6FC, 0xE6FC, 0xE6FC, 0xE6FC,
    0x9CD3, 0x8C72, 0x8C72, 0x8C72, 0x8C72, 0x8C72, 0x8C72, 0x8C72, 0x8C72, 0x8C72, 0x8C72, 0x8C72, 0x8C72, 0x8C72, 0x8C72, 0x8C72,
    0x8C72, 0x8C72, 0x8C72, 0x8C72, 0x8C72, 0x8C72, 0x8C72, 0x8C72, 0x8C72, 0x8C72, 0x8C72, 0x8C72, 0x8C72, 0x8C72, 0x8C72, 0x8C72,
    0x8C72, 0x8C72, 0x8C72, 0x8C72, 0x8C72, 0x8C72, 0x8C72, 0x8C72, 0x8C72, 0x8C72, 0x8C72, 0x8C72, 0x8C72, 0x8C72, 0x8C72, 0x8C72,
    0x8C72, 0x8C72, 0x8C72, 0x8C72, 0x8C72, 0x8C72, 0x8C72, 0x8C72, 0x8C72, 0x8C72, 0x8C72, 0x8C72, 0x8C72, 0x8C72, 0x8C72, 0x8C72,
    0x8C72, 0x8C72, 0x8C72, 0x8C72, 0x8C72, 0x8C72, 0x8C72, 0x8C72, 0x8C72, 0x8C72, 0x8C72, 0x8C72, 0x8C72, 0x8C72, 0x8C72, 0x8C72,
    0x8C72, 0x8C72, 0x8C72, 0x8C72, 0x8C72, 0x8C72, 0x8C72, 0x8C72, 0x8C72, 0x8C72, 0x8C72, 0x8C72, 0x8C72, 0x8C72, 0x8C72, 0x8C72,
    0x8C72, 0x8C72, 0x8C72, 0x8C72, 0x8C72, 0x8C72, 0x8C72, 0x8C72, 0x8C72, 0x8C72, 0x8C72, 0x8C72, 0x8C72, 0x8C72, 0x8C72, 0x8C72,
    0x8C72, 0x8C72, 0x8C72, 0x8C72, 0x8C72, 0x8C72, 0x8C72, 0x8C72, 0x8C72, 0x8C72, 0x8C72, 0x8C72, 0x8C72, 0x8C72, 0x8C72, 0x8C72,
    0x8C72, 0x8C72, 0x8C72, 0x8C72, 0x8C72, 0x8C72, 0x8C72, 0x8C72, 0x8C72, 0x8C72, 0x8C72, 0x8C72, 0x8C72, 0x8C72, 0x8C72, 0x8C72,
    0x8C72, 0x8C72, 0x8C72, 0x8C72, 0x8C72, 0x8C72, 0x8C72, 0x8C72, 0x8C72, 0x8C72, 0x8C72, 0x8C72, 0x8C72, 0x8C72, 0x8C72, 0x8C72,
    0x8C72, 0x8C72, 0x8C72, 0x8C72, 0x8C72, 0x8C72, 0x8C72, 0x8C72, 0x8C72, 0x8C72, 0x8C72, 0x8C72, 0x8C72, 0x8C72, 0x8C72, 0x8C72,
    0x8C72, 0x8C72, 0x8C72, 0x8C72, 0x8C72, 0x8C72, 0x8C72, 0x8C72, 0x8C72, 0x8C72, 0x8C72, 0x8C72, 0x8C72, 0x8C72, 0x8C72, 0x8C72,
    0x8C72, 0x8C72, 0x8C72, 0x8C72, 0x8C72, 0x8C72, 0x8C72, 0x8C72, 0x8C72, 0x8C72, 0x8C72, 0x8C72, 0x8C72, 0x8C72, 0x8C72, 0x8C72,
    0x8C72, 0x8C72, 0x8C72, 0x8C72, 0x8C72, 0x8C72, 0x8C72, 0x8C72, 0x8C72, 0x8C72, 0x8C72, 0x8C72, 0xD659, 0xE6FC, 0xE6FC, 0xE6FC,
    0xE6FC, 0xE6FC, 0xE6FC, 0xE6FC, 0xE6FC, 0xE6FC, 0xE6FC, 0xE6FC, 0xE6FC, 0xE6FC, 0xE6FC, 0xE6FC, 0xE6FC, 0xE6FC, 0xE6FC, 0xE6FC,
    0xE6FC, 0xE6FC, 0xE6FC, 0xE6FC, 0xE6FC, 0xE6FC, 0xE6FC, 0xE6FC, 0xE6FC, 0xE6FC, 0xE6FC, 0xE6FC, 0xE6FC, 0xE6FC, 0xE6FC, 0xE6FC,
    0xE6FC, 0xE6FC, 0xE6FC, 0xE6FC, 0xE6FC, 0xE6FC, 0xE6FC, 0xE6FC, 0xE6FC, 0xE6FC, 0xE6FC, 0xE6FC, 0xE6FC, 0xE6FC, 0xE6FC, 0xE6FC,
    0xE6FC, 0xE6FC, 0xE6FC, 0xE6FC, 0xE6FC, 0xE6FC, 0xE6FC, 0xE6FC, 0xE6FC, 0xE6FC, 0xE6FC, 0xE6FC, 0xE6FC, 0xE6FC, 0xE6FC, 0xE6FC,
    0xE6FC, 0xE6FC, 0xE6FC, 0xE6FC, 0xE6FC, 0xE6FC, 0xE6FC, 0xE6FC, 0xE6FC, 0xE6FC, 0xE6FC, 0xE6FC, 0xD659, 0x8C72, 0x8C72, 0x8C72,
    0x8C72, 0x8C72, 0x8C72, 0x8C72, 0x8C72, 0x8C72, 0x8C72, 0x8C72, 0x8C72, 0x8C72, 0x8C72, 0x8C72, 0x8C72, 0x8C72, 0x8C72, 0x8C72,
    0x8C72, 0x8C72, 0x8C72, 0x8C72, 0x8C72, 0x8C72, 0x8C72, 0x8C72, 0x8C72, 0x8C72, 0x8C72, 0x8C72, 0x8C72, 0x8C72, 0x8C72, 0x8C72,
    0x8C72, 0x8C72, 0x8C72, 0x8C72, 0x8C72, 0x8C72, 0x8C72, 0x8C72, 0x8C72, 0x8C72, 0x8C72, 0x8C72, 0x8C72, 0x8C72, 0x8C72, 0x8C72,
    0x8C72, 0x8C72, 0x8C72, 0x8C72, 0x8C72, 0x8C72, 0x8C72, 0x8C72, 0x8C72, 0x8C72, 0x8C72, 0x8C72, 0x8C72, 0x8C72, 0x8C72, 0x8C72,
    0x8C72, 0x8C72, 0x8C72, 0x8C72, 0x8C72, 0x8C72, 0x8C72, 0x8C72, 0x8C72, 0x8C72, 0x8C72, 0x8C72, 0x8C72, 0x8C72, 0x8C72, 0x8C72,
    0x8C72, 0x8C72, 0x8C72, 0x8C72, 0x8C72, 0x8C72, 0x8C72, 0x8C72, 0x8C72, 0x8C72, 0x8C72, 0x8C72, 0x8C72, 0x8C72, 0x8C72, 0x8C72,
    0x8C72, 0x8C72, 0x8C72, 0x8C72, 0x8C72, 0x8C72, 0x8C72, 0x8C72, 0x8C72, 0x8C72, 0x8C72, 0x8C72, 0x8C72, 0x8C72, 0x8C72, 0x8C72,
    0x8C72, 0x8C72, 0x8C72, 0x8C72, 0x8C72, 0x8C72, 0x8C72, 0x8C72, 0x8C72, 0x8C72, 0x8C72, 0x8C72, 0x8C72, 0x8C72, 0x8C72, 0x8C72,
    0x8C72, 0x8C72, 0x8C72, 0x8C72, 0x8C72, 0x8C72, 0x8C72, 0x8C72, 0x8C72, 0x8C72, 0x8C72, 0x8C72, 0x8C72, 0x8C72, 0x8C72, 0x8C72,
    0x8C72, 0x8C72, 0x8C72, 0x8C72, 0x8C72, 0x8C72, 0x8C72, 0x8C72, 0x8C72, 0x8C72, 0x8C72, 0x8C72, 0x8C72, 0x8C72, 0x8C72, 0x8C72,
    0x8C72, 0x8C72, 0x8C72, 0x8C72, 0x8C72, 0x8C72, 0x8C72, 0x8C72, 0x8C72, 0x8C72, 0x8C72, 0x8C72, 0x8C72, 0x8C72, 0x8C72, 0x8C72,
    0x8C72, 0x8C72, 0x8C72, 0x8C72, 0x8C72, 0x8C72, 0x8C72, 0x8C72, 0x8C72, 0x8C72, 0x8C72, 0x8C72, 0x8C72, 0x8C72, 0x8C72, 0x8C72,
    0x8C72, 0x8C72, 0x8C72, 0x8C72, 0x8C72, 0x8C72, 0x8C72, 0x8C72, 0x8C72, 0x8C72, 0x8C72, 0x8C72, 0x8C72, 0x8C72, 0x8C72, 0x8C72,
    0x8C72, 0x8C72, 0x8C72, 0x8C72, 0x8C72, 0x8C72, 0x8C72, 0xAD55, 0xE6FC, 0xE6FC, 0xE6FC, 0xE6FC, 0xE6FC, 0xE6FC, 0xE6FC, 0xE6FC,
    0xE6FC, 0xE6FC, 0xE6FC, 0xE6FC, 0xE6FC, 0xE6FC, 0xE6FC, 0xE6FC, 0xE6FC, 0xE6FC, 0xE6FC, 0xE6FC, 0xE6FC, 0xE6FC, 0xE6FC, 0xE6FC,
    0xE6FC, 0xE6FC, 0xE6FC, 0xE6FC, 0xE6FC, 0xE6FC, 0xE6FC, 0xE6FC, 0xE6FC, 0xE6FC, 0xE6FC, 0xE6FC, 0xE6FC, 0xE6FC, 0xE6FC, 0xE6FC,
    0xE6FC, 0xE6FC, 0xE6FC, 0xE6FC, 0xE6FC, 0xE6FC, 0xE6FC, 0xE6FC, 0xE6FC, 0xE6FC, 0xE6FC, 0xE6FC, 0xE6FC, 0xE6FC, 0xE6FC, 0xE6FC,
    0xE6FC, 0xE6FC, 0xE6FC, 0xE6FC, 0xE6FC, 0xE6FC, 0xE6FC, 0xE6FC, 0xE6FC, 0xE6FC, 0xE6FC, 0xE6FC, 0xE6FC, 0xE6FC, 0xE6FC, 0xE6FC,
    0xE6FC, 0xE6FC, 0xE6FC, 0xE6FC, 0xE6FC, 0xE6FC, 0xE6FC, 0xE6FC, 0xE6FC, 0xAD55, 0x8C72, 0x8C72, 0x8C72, 0x8C72, 0x8C72, 0x8C72,
    0x8C72, 0x8C72, 0x8C72, 0x8C72, 0x8C72, 0x8C72, 0x8C72, 0x8C72, 0x8C72, 0x8C72, 0x8C72, 0x8C72, 0x8C72, 0x8C72, 0x8C72, 0x8C72,
    0x8C72, 0x8C72, 0x8C72, 0x8C72, 0x8C72, 0x8C72, 0x8C72, 0x8C72, 0x8C72, 0x8C72, 0x8C72, 0x8C72, 0x8C72, 0x8C72, 0x8C72, 0x8C72,
    0x8C72, 0x8C72, 0x8C72, 0x8C72, 0x8C72, 0x8C72, 0x8C72, 0x8C72, 0x8C72, 0x8C72, 0x8C72, 0x8C72, 0x8C72, 0x8C72, 0x8C72, 0x8C72,
    0x8C72, 0x8C72, 0x8C72, 0x8C72, 0x8C72, 0x8C72, 0x8C72, 0x8C72, 0x8C72, 0x8C72, 0x8C72, 0x8C72, 0x8C72, 0x8C72, 0x8C72, 0x8C72,
    0x8C72, 0x8C72, 0x8C72, 0x8C72, 0x8C72, 0x8C72, 0x8C72, 0x8C72, 0x8C72, 0x8C72, 0x8C72, 0x8C72, 0x8C72, 0x8C72, 0x8C72, 0x8C72,
    0x8C72, 0x8C72, 0x8C72, 0x8C72, 0x8C72, 0x8C72, 0x8C72, 0x8C72, 0x8C72, 0x8C72, 0x8C72, 0x8C72, 0x8C72, 0x8C72, 0x8C72, 0x8C72,
    0x8C72, 0x8C72, 0x8C72, 0x8C72, 0x8C72, 0x8C72, 0x8C72, 0x8C72, 0x8C72, 0x8C72, 0x8C72, 0x8C72, 0x8C72, 0x8C72, 0x8C72, 0x8C72,
    0x8C72, 0x8C72, 0x8C72, 0x8C72, 0x8C72, 0x8C72, 0x8C72, 0x8C72, 0x8C72, 0x8C72, 0x8C72, 0x8C72, 0x8C72, 0x8C72, 0x8C72, 0x8C72,
    0x8C72, 0x8C72, 0x8C72, 0x8C72, 0x8C72, 0x8C72, 0x8C72, 0x8C72, 0x8C72, 0x8C72, 0x8C72, 0x8C72, 0x8C72, 0x8C72, 0x8C72, 0x8C72,
    0x8C72, 0x8C72, 0x8C72, 0x8C72, 0x8C72, 0x8C72, 0x8C72, 0x8C72, 0x8C72, 0x8C72, 0x8C72, 0x8C72, 0x8C72, 0x8C72, 0x8C72, 0x8C72,
    0x8C72, 0x8C72, 0x8C72, 0x8C72, 0x8C72, 0x8C72, 0x8C72, 0x8C72, 0x8C72, 0x8C72, 0x8C72, 0x8C72, 0x8C72, 0x8C72, 0x8C72, 0x8C72,
    0x8C72, 0x8C72, 0x8C72, 0x8C72, 0x8C72, 0x8C72, 0x8C72, 0x8C72, 0x8C72, 0x8C72, 0x8C72, 0x8C72, 0x8C72, 0x8C72, 0x8C72, 0x8C72,
    0x8C72, 0x8C72, 0x8C72, 0x8C72, 0x8C72, 0x8C72, 0x8C72, 0x8C72, 0x8C72, 0x8C72, 0x8C72, 0x8C72, 0x8C72, 0x8C72, 0x8C72, 0x8C72,
    0x8C72, 0x8C72, 0x8C72, 0xDEDB, 0xE6FC, 0xE6FC, 0xE6FC, 0xE6FC, 0xE6FC, 0xE6FC, 0xE6FC, 0xE6FC, 0xE6FC, 0xE6FC, 0xE6FC, 0xE6FC,
    0xE6FC, 0xE6FC, 0xE6FC, 0xE6FC, 0xE6FC, 0xE6FC, 0xE6FC, 0xE6FC, 0xE6FC, 0xE6FC, 0xE6FC, 0xE6FC, 0xE6FC, 0xE6FC, 0xE6FC, 0xE6FC,
    0xE6FC, 0xE6FC, 0xE6FC, 0xE6FC, 0xE6FC, 0xE6FC, 0xE6FC, 0xE6FC, 0xE6FC, 0xE6FC, 0xE6FC, 0xE6FC, 0xE6FC, 0xE6FC, 0xE6FC, 0xE6FC,
    0xE6FC, 0xE6FC, 0xE6FC, 0xE6FC, 0xE6FC, 0xE6FC, 0xE6FC, 0xE6FC, 0xE6FC, 0xE6FC, 0xE6FC, 0xE6FC, 0xE6FC, 0xE6FC, 0xE6FC, 0xE6FC,
    0xE6FC, 0xE6FC, 0xE6FC, 0xE6FC, 0xE6FC, 0xE6FC, 0xE6FC, 0xE6FC, 0xE6FC, 0xE6FC, 0xE6FC, 0xE6FC, 0xE6FC, 0xE6FC, 0xE6FC, 0xE6FC,
    0xE6FC, 0xE6FC, 0xE6FC, 0xE6FC, 0xE6FC, 0xDEDB, 0x9CD3, 0x8C72, 0x8C72, 0x8C72, 0x8C72, 0x8C72, 0x8C72, 0x8C72, 0x8C72, 0x8C72,
    0x8C72, 0x8C72, 0x8C72, 0x8C72, 0x8C72, 0x8C72, 0x8C72, 0x8C72, 0x8C72, 0x8C72, 0x8C72, 0x8C72, 0x8C72, 0x8C72, 0x8C72, 0x8C72,
    0x8C72, 0x8C72, 0x8C72, 0x8C72, 0x8C72, 0x8C72, 0x8C72, 0x8C72, 0x8C72, 0x8C72, 0x8C72, 0x8C72, 0x8C72, 0x8C72, 0x8C72, 0x8C72,
    0x8C72, 0x8C72, 0x8C72, 0x8C72, 0x8C72, 0x8C72, 0x8C72, 0x8C72, 0x8C72, 0x8C72, 0x8C72, 0x8C72, 0x8C72, 0x8C72, 0x8C72, 0x8C72,
    0x8C72, 0x8C72, 0x8C72, 0x8C72, 0x8C72, 0x8C72, 0x8C72, 0x8C72, 0x8C72, 0x8C72, 0x8C72, 0x8C72, 0x8C72, 0x8C72, 0x8C72, 0x8C72,
    0x8C72, 0x8C72, 0x8C72, 0x8C72, 0x8C72, 0x8C72, 0x8C72, 0x8C72, 0x8C72, 0x8C72, 0x8C72, 0x8C72, 0x8C72, 0x8C72, 0x8C72, 0x8C72,
    0x8C72, 0x8C72, 0x8C72, 0x8C72, 0x8C72, 0x8C72, 0x8C72, 0x8C72, 0x8C72, 0x8C72, 0x8C72, 0x8C72, 0x8C72, 0x8C72, 0x8C72, 0x8C72,
    0x8C72, 0x8C72, 0x8C72, 0x8C72, 0x8C72, 0x8C72, 0x8C72, 0x8C72, 0x8C72, 0x8C72, 0x8C72, 0x8C72, 0x8C72, 0x8C72, 0x8C72, 0x8C72,
    0x8C72, 0x8C72, 0x8C72, 0x8C72, 0x8C72, 0x8C72, 0x8C72, 0x8C72, 0x8C72, 0x8C72, 0x8C72, 0x8C72, 0x8C72, 0x8C72, 0x8C72, 0x8C72,
    0x8C72, 0x8C72, 0x8C72, 0x8C72, 0x8C72, 0x8C72, 0x8C72, 0x8C72, 0x8C72, 0x8C72, 0x8C72, 0x8C72, 0x8C72, 0x8C72, 0x8C72, 0x8C72,
    0x8C72, 0x8C72, 0x8C72, 0x8C72, 0x8C72, 0x8C72, 0x8C72, 0x8C72, 0x8C72, 0x8C72, 0x8C72, 0x8C72, 0x8C72, 0x8C72, 0x8C72, 0x8C72,
    0x8C72, 0x8C72, 0x8C72, 0x8C72, 0x8C72, 0x8C72, 0x8C72, 0x8C72, 0x8C72, 0x8C72, 0x8C72, 0x8C72, 0x8C72, 0x8C72, 0x8C72, 0x8C72,
    0x8C72, 0x8C72, 0x8C72, 0x8C72, 0x8C72, 0x8C72, 0x8C72, 0x8C72, 0x8C72, 0x8C72, 0x8C72, 0x8C72, 0x8C72, 0x8C72, 0x8C72, 0x8C72,
    0x8C72, 0x8C72, 0x8C72, 0x8C72, 0x8C72, 0x8C72, 0x8C72, 0x8C72, 0x8C72, 0x8C72, 0x8C72, 0x8C72, 0x8C72, 0x8C72, 0xD659, 0xE6FC,
    0xE6FC, 0xE6FC, 0xE6FC, 0xE6FC, 0xE6FC, 0xE6FC, 0xE6FC, 0xE6FC, 0xE6FC, 0xE6FC, 0xE6FC, 0xE6FC, 0xE6FC, 0xE6FC, 0xE6FC, 0xE6FC,
    0xE6FC, 0xE6FC, 0xE6FC, 0xE6FC, 0xE6FC, 0xE6FC, 0xE6FC, 0xE6FC, 0xE6FC, 0xE6FC, 0xE6FC, 0xE6FC, 0xE6FC, 0xE6FC, 0xE6FC, 0xE6FC,
    0xE6FC, 0xE6FC, 0xE6FC, 0xE6FC, 0xE6FC, 0xE6FC, 0xE6FC, 0xE6FC, 0xE6FC, 0xE6FC, 0xE6FC, 0xE6FC, 0xE6FC, 0xE6FC, 0xE6FC, 0xE6FC,
    0xE6FC, 0xE6FC, 0xE6FC, 0xE6FC, 0xE6FC, 0xE6FC, 0xE6FC, 0xE6FC, 0xE6FC, 0xE6FC, 0xE6FC, 0xE6FC, 0xE6FC, 0xE6FC, 0xE6FC, 0xE6FC,
    0xE6FC, 0xE6FC, 0xE6FC, 0xE6FC, 0xE6FC, 0xE6FC, 0xE6FC, 0xE6FC, 0xE6FC, 0xE6FC, 0xE6FC, 0xE6FC, 0xE6FC, 0xE6FC, 0xE6FC, 0xE6FC,
    0xE6FC, 0xE6FC, 0xD659, 0x8C72, 0x8C72, 0x8C72, 0x8C72, 0x8C72, 0x8C72, 0x8C72, 0x8C72, 0x8C72, 0x8C72, 0x8C72, 0x8C72, 0x8C72,
    0x8C72, 0x8C72, 0x8C72, 0x8C72, 0x8C72, 0x8C72, 0x8C72, 0x8C72, 0x8C72, 0x8C72, 0x8C72, 0x8C72, 0x8C72, 0x8C72, 0x8C72, 0x8C72,
    0x8C72, 0x8C72, 0x8C72, 0x8C72, 0x8C72, 0x8C72, 0x8C72, 0x8C72, 0x8C72, 0x8C72, 0x8C72, 0x8C72, 0x8C72, 0x8C72, 0x8C72, 0x8C72,
    0x8C72, 0x8C72, 0x8C72, 0x8C72, 0x8C72, 0x8C72, 0x8C72, 0x8C72, 0x8C72, 0x8C72, 0x8C72, 0x8C72, 0x8C72, 0x8C72, 0x8C72, 0x8C72,
    0x8C72, 0x8C72, 0x8C72, 0x8C72, 0x8C72, 0x8C72, 0x8C72, 0x8C72, 0x8C72, 0x8C72, 0x8C72, 0x8C72, 0x8C72, 0x8C72, 0x8C72, 0x8C72,
    0x8C72, 0x8C72, 0x8C72, 0x8C72, 0x8C72, 0x8C72, 0x8C72, 0x8C72, 0x8C72, 0x8C72, 0x8C72, 0x8C72, 0x8C72, 0x8C72, 0x8C72, 0x8C72,
    0x8C72, 0x8C72, 0x8C72, 0x8C72, 0x8C72, 0x8C72, 0x8C72, 0x8C72, 0x8C72, 0x8C72, 0x8C72, 0x8C72, 0x8C72, 0x8C72, 0x8C72, 0x8C72,
    0x8C72, 0x8C72, 0x8C72, 0x8C72, 0x8C72, 0x8C72, 0x8C72, 0x8C72, 0x8C72, 0x8C72, 0x8C72, 0x8C72, 0x8C72, 0x8C72, 0x8C72, 0x8C72,
    0x8C72, 0x8C72, 0x8C72, 0x8C72, 0x8C72, 0x8C72, 0x8C72, 0x8C72, 0x8C72, 0x8C72, 0x8C72, 0x8C72, 0x8C72, 0x8C72, 0x8C72, 0x8C72,
    0x8C72, 0x8C72, 0x8C72, 0x8C72, 0x8C72, 0x8C72, 0x8C72, 0x8C72, 0x8C72, 0x8C72, 0x8C72, 0x8C72, 0x8C72, 0x8C72, 0x8C72, 0x8C72,
    0x8C72, 0x8C72, 0x8C72, 0x8C72, 0x8C72, 0x8C72, 0x8C72, 0x8C72, 0x8C72, 0x8C72, 0x8C72, 0x8C72, 0x8C72, 0x8C72, 0x8C72, 0x8C72,
    0x8C72, 0x8C72, 0x8C72, 0x8C72, 0x8C72, 0x8C72, 0x8C72, 0x8C72, 0x8C72, 0x8C72, 0x8C72, 0x8C72, 0x8C72, 0x8C72, 0x8C72, 0x8C72,
    0x8C72, 0x8C72, 0x8C72, 0x8C72, 0x8C72, 0x8C72, 0x8C72, 0x8C72, 0x8C72, 0x8C72, 0x8C72, 0x8C72, 0x8C72, 0x8C72, 0x8C72, 0x8C72,
    0x8C72, 0x8C72, 0x8C72, 0x8C72, 0x8C72, 0x8C72, 0x8C72, 0x8C72, 0x8C72, 0xAD55, 0xE6FC, 0xE6FC, 0xE6FC, 0xE6FC, 0xE6FC, 0xE6FC,
    0xE6FC, 0xE6FC, 0xE6FC, 0xE6FC, 0xE6FC, 0xE6FC, 0xE6FC, 0xE6FC, 0xE6FC, 0xE6FC, 0xE6FC, 0xE6FC, 0xE6FC, 0xE6FC, 0xE6FC, 0xE6FC,
    0xE6FC, 0xE6FC, 0xE6FC, 0xE6FC, 0xE6FC, 0xE6FC, 0xE6FC, 0xE6FC, 0xE6FC, 0xE6FC, 0xE6FC, 0xE6FC, 0xE6FC, 0xE6FC, 0xE6FC, 0xE6FC,
    0xE6FC, 0xE6FC, 0xE6FC, 0xE6FC, 0xE6FC, 0xE6FC, 0xE6FC, 0xE6FC, 0xE6FC, 0xE6FC, 0xE6FC, 0xE6FC, 0xE6FC, 0xE6FC, 0xE6FC, 0xE6FC,
    0xE6FC, 0xE6FC, 0xE6FC, 0xE6FC, 0xE6FC, 0xE6FC, 0xE6FC, 0xE6FC, 0xE6FC, 0xE6FC, 0xE6FC, 0xE6FC, 0xE6FC, 0xE6FC, 0xE6FC, 0xE6FC,
    0xE6FC, 0xE6FC, 0xE6FC, 0xE6FC, 0xE6FC, 0xE6FC, 0xE6FC, 0xE6FC, 0xE6FC, 0xE6FC, 0xE6FC, 0xE6FC, 0xE6FC, 0xE6FC, 0xE6FC, 0xAD55,
    0x8C72, 0x8C72, 0x8C72, 0x8C72, 0x8C72, 0x8C72, 0x8C72, 0x8C72, 0x8C72, 0x8C72, 0x8C72, 0x8C72, 0x8C72, 0x8C72, 0x8C72, 0x8C72,
    0x8C72, 0x8C72, 0x8C72, 0x8C72, 0x8C72, 0x8C72, 0x8C72, 0x8C72, 0x8C72, 0x8C72, 0x8C72, 0x8C72, 0x8C72, 0x8C72, 0x8C72, 0x8C72,
    0x8C72, 0x8C72, 0x8C72, 0x8C72, 0x8C72, 0x8C72, 0x8C72, 0x8C72, 0x8C72, 0x8C72, 0x8C72, 0x8C72, 0x8C72, 0x8C72, 0x8C72, 0x8C72,
    0x8C72, 0x8C72, 0x8C72, 0x8C72, 0x8C72, 0x8C72, 0x8C72, 0x8C72, 0x8C72, 0x8C72, 0x8C72, 0x8C72, 0x8C72, 0x8C72, 0x8C72, 0x8C72,
    0x8C72, 0x8C72, 0x8C72, 0x8C72, 0x8C72, 0x8C72, 0x8C72, 0x8C72, 0x8C72, 0x8C72, 0x8C72, 0x8C72, 0x8C72, 0x8C72, 0x8C72, 0x8C72,
    0x8C72, 0x8C72, 0x8C72, 0x8C72, 0x8C72, 0x8C72, 0x8C72, 0x8C72, 0x8C72, 0x8C72, 0x8C72, 0x8C72, 0x8C72, 0x8C72, 0x8C72, 0x8C72,
    0x8C72, 0x8C72, 0x8C72, 0x8C72, 0x8C72, 0x8C72, 0x8C72, 0x8C72, 0x8C72, 0x8C72, 0x8C72, 0x8C72, 0x8C72, 0x8C72, 0x8C72, 0x8C72,
    0x8C72, 0x8C72, 0x8C72, 0x8C72, 0x8C72, 0x8C72, 0x8C72, 0x8C72, 0x8C72, 0x8C72, 0x8C72, 0x8C72, 0x8C72, 0x8C72, 0x8C72, 0x8C72,
    0x8C72, 0x8C72, 0x8C72, 0x8C72, 0x8C72, 0x8C72, 0x8C72, 0x8C72, 0x8C72, 0x8C72, 0x8C72, 0x8C72, 0x8C72, 0x8C72, 0x8C72, 0x8C72,
    0x8C72, 0x8C72, 0x8C72, 0x8C72, 0x8C72, 0x8C72, 0x8C72, 0x8C72, 0x8C72, 0x8C72, 0x8C72, 0x8C72, 0x8C72, 0x8C72, 0x8C72, 0x8C72,
    0x8C72, 0x8C72, 0x8C72, 0x8C72, 0x8C72, 0x8C72, 0x8C72, 0x8C72, 0x8C72, 0x8C72, 0x8C72, 0x8C72, 0x8C72, 0x8C72, 0x8C72, 0x8C72,
    0x8C72, 0x8C72, 0x8C72, 0x8C72, 0x8C72, 0x8C72, 0x8C72, 0x8C72, 0x8C72, 0x8C72, 0x8C72, 0x8C72, 0x8C72, 0x8C72, 0x8C72, 0x8C72,
    0x8C72, 0x8C72, 0x8C72, 0x8C72, 0x8C72, 0x8C72, 0x8C72, 0x8C72, 0x8C72, 0x8C72, 0x8C72, 0x8C72, 0x8C72, 0x8C72, 0x8C72, 0x8C72,
    0x8C72, 0x8C72, 0x8C72, 0x8C72, 0x8C72, 0xDEDB, 0xE6FC, 0xE6FC, 0xE6FC, 0xE6FC, 0xE6FC, 0xE6FC, 0xE6FC, 0xE6FC, 0xE6FC, 0xE6FC,
    0xE6FC, 0xE6FC, 0xE6FC, 0xE6FC, 0xE6FC, 0xE6FC, 0xE6FC, 0xE6FC, 0xE6FC, 0xE6FC, 0xE6FC, 0xE6FC, 0xE6FC, 0xE6FC, 0xE6FC, 0xE6FC,
    0xE6FC, 0xE6FC, 0xE6FC, 0xE6FC, 0xE6FC, 0xE6FC, 0xE6FC, 0xE6FC, 0xE6FC, 0xE6FC, 0xE6FC, 0xE6FC, 0xE6FC, 0xE6FC, 0xE6FC, 0xE6FC,
    0xE6FC, 0xE6FC, 0xE6FC, 0xE6FC, 0xE6FC, 0xE6FC, 0xE6FC, 0xE6FC, 0xE6FC, 0xE6FC, 0xE6FC, 0xE6FC, 0xE6FC, 0xE6FC, 0xE6FC, 0xE6FC,
    0xE6FC, 0xE6FC, 0xE6FC, 0xE6FC, 0xE6FC, 0xE6FC, 0xE6FC, 0xE6FC, 0xE6FC, 0xE6FC, 0xE6FC, 0xE6FC, 0xE6FC, 0xE6FC, 0xE6FC, 0xE6FC,
    0xE6FC, 0xE6FC, 0xE6FC, 0xE6FC, 0xE6FC, 0xE6FC, 0xE6FC, 0xE6FC, 0xE6FC, 0xE6FC, 0xE6FC, 0xDEDB, 0x8C72, 0x8C72, 0x8C72, 0x8C72,
    0x8C72, 0x8C72, 0x8C72, 0x8C72, 0x8C72, 0x8C72, 0x8C72, 0x8C72, 0x8C72, 0x8C72, 0x8C72, 0x8C72, 0x8C72, 0x8C72, 0x8C72, 0x8C72,
    0x8C72, 0x8C72, 0x8C72, 0x8C72, 0x8C72, 0x8C72, 0x8C72, 0x8C72, 0x8C72, 0x8C72, 0x8C72, 0x8C72, 0x8C72, 0x8C72, 0x8C72, 0x8C72,
    0x8C72, 0x8C72, 0x8C72, 0x8C72, 0x8C72, 0x8C72, 0x8C72, 0x8C72, 0x8C72, 0x8C72, 0x8C72, 0x8C72, 0x8C72, 0x8C72, 0x8C72, 0x8C72,
    0x8C72, 0x8C72, 0x8C72, 0x8C72, 0x8C72, 0x8C72, 0x8C72, 0x8C72, 0x8C72, 0x8C72, 0x8C72, 0x8C72, 0x8C72, 0x8C72, 0x8C72, 0x8C72,
    0x8C72, 0x8C72, 0x8C72, 0x8C72, 0x8C72, 0x8C72, 0x8C72, 0x8C72, 0x8C72, 0x8C72, 0x8C72, 0x8C72, 0x8C72, 0x8C72, 0x8C72, 0x8C72,
    0x8C72, 0x8C72, 0x8C72, 0x8C72, 0x8C72, 0x8C72, 0x8C72, 0x8C72, 0x8C72, 0x8C72, 0x8C72, 0x8C72, 0x8C72, 0x8C72, 0x8C72, 0x8C72,
    0x8C72, 0x8C72, 0x8C72, 0x8C72, 0x8C72, 0x8C72, 0x8C72, 0x8C72, 0x8C72, 0x8C72, 0x8C72, 0x8C72, 0x8C72, 0x8C72, 0x8C72, 0x8C72,
    0x8C72, 0x8C72, 0x8C72, 0x8C72, 0x8C72, 0x8C72, 0x8C72, 0x8C72, 0x8C72, 0x8C72, 0x8C72, 0x8C72, 0x8C72, 0x8C72, 0x8C72, 0x8C72,
    0x8C72, 0x8C72, 0x8C72, 0x8C72, 0x8C72, 0x8C72, 0x8C72, 0x8C72, 0x8C72, 0x8C72, 0x8C72, 0x8C72, 0x8C72, 0x8C72, 0x8C72, 0x8C72,
    0x8C72, 0x8C72, 0x8C72, 0x8C72, 0x8C72, 0x8C72, 0x8C72, 0x8C72, 0x8C72, 0x8C72, 0x8C72, 0x8C72, 0x8C72, 0x8C72, 0x8C72, 0x8C72,
    0x8C72, 0x8C72, 0x8C72, 0x8C72, 0x8C72, 0x8C72, 0x8C72, 0x8C72, 0x8C72, 0x8C72, 0x8C72, 0x8C72, 0x8C72, 0x8C72, 0x8C72, 0x8C72,
    0x8C72, 0x8C72, 0x8C72, 0x8C72, 0x8C72, 0x8C72, 0x8C72, 0x8C72, 0x8C72, 0x8C72, 0x8C72, 0x8C72, 0x8C72, 0x8C72, 0x8C72, 0x8C72,
    0x8C72, 0x8C72, 0x8C72, 0x8C72, 0x8C72, 0x8C72, 0x8C72, 0x8C72, 0x8C72, 0x8C72, 0x8C72, 0x8C72, 0x8C72, 0x8C72, 0x8C72, 0x8C72,
    0xD659, 0xE6FC, 0xE6FC, 0xE6FC, 0xE6FC, 0xE6FC, 0xE6FC, 0xE6FC, 0xE6FC, 0xE6FC, 0xE6FC, 0xE6FC, 0xE6FC, 0xE6FC, 0xE6FC, 0xE6FC,
    0xE6FC, 0xE6FC, 0xE6FC, 0xE6FC, 0xE6FC, 0xE6FC, 0xE6FC, 0xE6FC, 0xE6FC, 0xE6FC, 0xE6FC, 0xE6FC, 0xE6FC, 0xE6FC, 0xE6FC, 0xE6FC,
    0xE6FC, 0xE6FC, 0xE6FC, 0xE6FC, 0xE6FC, 0xE6FC, 0xE6FC, 0xE6FC, 0xE6FC, 0xE6FC, 0xE6FC, 0xE6FC, 0xE6FC, 0xE6FC, 0xE6FC, 0xE6FC,
    0xE6FC, 0xE6FC, 0xE6FC, 0xE6FC, 0xE6FC, 0xE6FC, 0xE6FC, 0xE6FC, 0xE6FC, 0xE6FC, 0xE6FC, 0xE6FC, 0xE6FC, 0xE6FC, 0xE6FC, 0xE6FC,
    0xE6FC, 0xE6FC, 0xE6FC, 0xE6FC, 0xE6FC, 0xE6FC, 0xE6FC, 0xE6FC, 0xE6FC, 0xE6FC, 0xE6FC, 0xE6FC, 0xE6FC, 0xE6FC, 0xE6FC, 0xE6FC,
    0xE6FC, 0xE6FC, 0xE6FC, 0xE6FC, 0xE6FC, 0xE6FC, 0xE6FC, 0xE6FC, 0xD659, 0x8C72, 0x8C72, 0x8C72, 0x8C72, 0x8C72, 0x8C72, 0x8C72,
    0x8C72, 0x8C72, 0x8C72, 0x8C72, 0x8C72, 0x8C72, 0x8C72, 0x8C72, 0x8C72, 0x8C72, 0x8C72, 0x8C72, 0x8C72, 0x8C72, 0x8C72, 0x8C72,
    0x8C72, 0x8C72, 0x8C72, 0x8C72, 0x8C72, 0x8C72, 0x8C72, 0x8C72, 0x8C72, 0x8C72, 0x8C72, 0x8C72, 0x8C72, 0x8C72, 0x8C72, 0x8C72,
    0x8C72, 0x8C72, 0x8C72, 0x8C72, 0x8C72, 0x8C72, 0x8C72, 0x8C72, 0x8C72, 0x8C72, 0x8C72, 0x8C72, 0x8C72, 0x8C72, 0x8C72, 0x8C72,
    0x8C72, 0x8C72, 0x8C72, 0x8C72, 0x8C72, 0x8C72, 0x8C72, 0x8C72, 0x8C72, 0x8C72, 0x8C72, 0x8C72, 0x8C72, 0x8C72, 0x8C72, 0x8C72,
    0x8C72, 0x8C72, 0x8C72, 0x8C72, 0x8C72, 0x8C72, 0x8C72, 0x8C72, 0x8C72, 0x8C72, 0x8C72, 0x8C72, 0x8C72, 0x8C72, 0x8C72, 0x8C72,
    0x8C72, 0x8C72, 0x8C72, 0x8C72, 0x8C72, 0x8C72, 0x8C72, 0x8C72, 0x8C72, 0x8C72, 0x8C72, 0x8C72, 0x8C72, 0x8C72, 0x8C72, 0x8C72,
    0x8C72, 0x8C72, 0x8C72, 0x8C72, 0x8C72, 0x8C72, 0x8C72, 0x8C72, 0x8C72, 0x8C72, 0x8C72, 0x8C72, 0x8C72, 0x8C72, 0x8C72, 0x8C72,
    0x8C72, 0x8C72, 0x8C72, 0x8C72, 0x8C72, 0x8C72, 0x8C72, 0x8C72, 0x8C72, 0x8C72, 0x8C72, 0x8C72, 0x8C72, 0x8C72, 0x8C72, 0x8C72,
    0x8C72, 0x8C72, 0x8C72, 0x8C72, 0x8C72, 0x8C72, 0x8C72, 0x8C72, 0x8C72, 0x8C72, 0x8C72, 0x8C72, 0x8C72, 0x8C72, 0x8C72, 0x8C72,
    0x8C72, 0x8C72, 0x8C72, 0x8C72, 0x8C72, 0x8C72, 0x8C72, 0x8C72, 0x8C72, 0x8C72, 0x8C72, 0x8C72, 0x8C72, 0x8C72, 0x8C72, 0x8C72,
    0x8C72, 0x8C72, 0x8C72, 0x8C72, 0x8C72, 0x8C72, 0x8C72, 0x8C72, 0x8C72, 0x8C72, 0x8C72, 0x8C72, 0x8C72, 0x8C72, 0x8C72, 0x8C72,
    0x8C72, 0x8C72, 0x8C72, 0x8C72, 0x8C72, 0x8C72, 0x8C72, 0x8C72, 0x8C72, 0x8C72, 0x8C72, 0x8C72, 0x8C72, 0x8C72, 0x8C72, 0x8C72,
    0x8C72, 0x8C72, 0x8C72, 0x8C72, 0x8C72, 0x8C72, 0x8C72, 0x8C72, 0x8C72, 0x8C72, 0x8C72, 0x9CD3, 0xE6FC, 0xE6FC, 0xE6FC, 0xE6FC,
    0xE6FC, 0xE6FC, 0xE6FC, 0xE6FC, 0xE6FC, 0xE6FC, 0xE6FC, 0xE6FC, 0xE6FC, 0xE6FC, 0xE6FC, 0xE6FC, 0xE6FC, 0xE6FC, 0xE6FC, 0xE6FC,
    0xE6FC, 0xE6FC, 0xE6FC, 0xE6FC, 0xE6FC, 0xE6FC, 0xE6FC, 0xE6FC, 0xE6FC, 0xE6FC, 0xE6FC, 0xE6FC, 0xE6FC, 0xE6FC, 0xE6FC, 0xE6FC,
    0xE6FC, 0xE6FC, 0xE6FC, 0xE6FC, 0xE6FC, 0xE6FC, 0xE6FC, 0xE6FC, 0xE6FC, 0xE6FC, 0xE6FC, 0xE6FC, 0xE6FC, 0xE6FC, 0xE6FC, 0xE6FC,
    0xE6FC, 0xE6FC, 0xE6FC, 0xE6FC, 0xE6FC, 0xE6FC, 0xE6FC, 0xE6FC, 0xE6FC, 0xE6FC, 0xE6FC, 0xE6FC, 0xE6FC, 0xE6FC, 0xE6FC, 0xE6FC,
    0xE6FC, 0xE6FC, 0xE6FC, 0xE6FC, 0xE6FC, 0xE6FC, 0xE6FC, 0xE6FC, 0xE6FC, 0xE6FC, 0xE6FC, 0xE6FC, 0xE6FC, 0xE6FC, 0xE6FC, 0xE6FC,
    0xE6FC, 0xE6FC, 0xE6FC, 0xE6FC, 0xE6FC, 0x9CD3, 0x8C72, 0x8C72, 0x8C72, 0x8C72, 0x8C72, 0x8C72, 0x8C72, 0x8C72, 0x8C72, 0x8C72,
    0x8C72, 0x8C72, 0x8C72, 0x8C72, 0x8C72, 0x8C72, 0x8C72, 0x8C72, 0x8C72, 0x8C72, 0x8C72, 0x8C72, 0x8C72, 0x8C72, 0x8C72, 0x8C72,
    0x8C72, 0x8C72, 0x8C72, 0x8C72, 0x8C72, 0x8C72, 0x8C72, 0x8C72, 0x8C72, 0x8C72, 0x8C72, 0x8C72, 0x8C72, 0x8C72, 0x8C72, 0x8C72,
    0x8C72, 0x8C72, 0x8C72, 0x8C72, 0x8C72, 0x8C72, 0x8C72, 0x8C72, 0x8C72, 0x8C72, 0x8C72, 0x8C72, 0x8C72, 0x8C72, 0x8C72, 0x8C72,
    0x8C72, 0x8C72, 0x8C72, 0x8C72, 0x8C72, 0x8C72, 0x8C72, 0x8C72, 0x8C72, 0x8C72, 0x8C72, 0x8C72, 0x8C72, 0x8C72, 0x8C72, 0x8C72,
    0x8C72, 0x8C72, 0x8C72, 0x8C72, 0x8C72, 0x8C72, 0x8C72, 0x8C72, 0x8C72, 0x8C72, 0x8C72, 0x8C72, 0x8C72, 0x8C72, 0x8C72, 0x8C72,
    0x8C72, 0x8C72, 0x8C72, 0x8C72, 0x8C72, 0x8C72, 0x8C72, 0x8C72, 0x8C72, 0x8C72, 0x8C72, 0x8C72, 0x8C72, 0x8C72, 0x8C72, 0x8C72,
    0x8C72, 0x8C72, 0x8C72, 0x8C72, 0x8C72, 0x8C72, 0x8C72, 0x8C72, 0x8C72, 0x8C72, 0x8C72, 0x8C72, 0x8C72, 0x8C72, 0x8C72, 0x8C72,
    0x8C72, 0x8C72, 0x8C72, 0x8C72, 0x8C72, 0x8C72, 0x8C72, 0x8C72, 0x8C72, 0x8C72, 0x8C72, 0x8C72, 0x8C72, 0x8C72, 0x8C72, 0x8C72,
    0x8C72, 0x8C72, 0x8C72, 0x8C72, 0x8C72, 0x8C72, 0x8C72, 0x8C72, 0x8C72, 0x8C72, 0x8C72, 0x8C72, 0x8C72, 0x8C72, 0x8C72, 0x8C72,
    0x8C72, 0x8C72, 0x8C72, 0x8C72, 0x8C72, 0x8C72, 0x8C72, 0x8C72, 0x8C72, 0x8C72, 0x8C72, 0x8C72, 0x8C72, 0x8C72, 0x8C72, 0x8C72,
    0x8C72, 0x8C72, 0x8C72, 0x8C72, 0x8C72, 0x8C72, 0x8C72, 0x8C72, 0x8C72, 0x8C72, 0x8C72, 0x8C72, 0x8C72, 0x8C72, 0x8C72, 0x8C72,
    0x8C72, 0x8C72, 0x8C72, 0x8C72, 0x8C72, 0x8C72, 0x8C72, 0x8C72, 0x8C72, 0x8C72, 0x8C72, 0x8C72, 0x8C72, 0x8C72, 0x8C72, 0x8C72,
    0x8C72, 0x8C72, 0x8C72, 0x8C72, 0x8C72, 0x8C72, 0x8C72, 0xD659, 0xE6FC, 0xE6FC, 0xE6FC, 0xE6FC, 0xE6FC, 0xE6FC, 0xE6FC, 0xE6FC,
    0xE6FC, 0xE6FC, 0xE6FC, 0xE6FC, 0xE6FC, 0xE6FC, 0xE6FC, 0xE6FC, 0xE6FC, 0xE6FC, 0xE6FC, 0xE6FC, 0xE6FC, 0xE6FC, 0xE6FC, 0xE6FC,
    0xE6FC, 0xE6FC, 0xE6FC, 0xE6FC, 0xE6FC, 0xE6FC, 0xE6FC, 0xE6FC, 0xE6FC, 0xE6FC, 0xE6FC, 0xE6FC, 0xE6FC, 0xE6FC, 0xE6FC, 0xE6FC,
    0xE6FC, 0xE6FC, 0xE6FC, 0xE6FC, 0xE6FC, 0xE6FC, 0xE6FC, 0xE6FC, 0xE6FC, 0xE6FC, 0xE6FC, 0xE6FC, 0xE6FC, 0xE6FC, 0xE6FC, 0xE6FC,
    0xE6FC, 0xE6FC, 0xE6FC, 0xE6FC, 0xE6FC, 0xE6FC, 0xE6FC, 0xE6FC, 0xE6FC, 0xE6FC, 0xE6FC, 0xE6FC, 0xE6FC, 0xE6FC, 0xE6FC, 0xE6FC,
    0xE6FC, 0xE6FC, 0xE6FC, 0xE6FC, 0xE6FC, 0xE6FC, 0xE6FC, 0xE6FC, 0xE6FC, 0xE6FC, 0xE6FC, 0xE6FC, 0xE6FC, 0xE6FC, 0xE6FC, 0xE6FC,
    0xE6FC, 0xD659, 0x8C72, 0x8C72, 0x8C72, 0x8C72, 0x8C72, 0x8C72, 0x8C72, 0x8C72, 0x8C72, 0x8C72, 0x8C72, 0x8C72, 0x8C72, 0x8C72,
    0x8C72, 0x8C72, 0x8C72, 0x8C72, 0x8C72, 0x8C72, 0x8C72, 0x8C72, 0x8C72, 0x8C72, 0x8C72, 0x8C72, 0x8C72, 0x8C72, 0x8C72, 0x8C72,
    0x8C72, 0x8C72, 0x8C72, 0x8C72, 0x8C72, 0x8C72, 0x8C72, 0x8C72, 0x8C72, 0x8C72, 0x8C72, 0x8C72, 0x8C72, 0x8C72, 0x8C72, 0x8C72,
    0x8C72, 0x8C72, 0x8C72, 0x8C72, 0x8C72, 0x8C72, 0x8C72, 0x8C72, 0x8C72, 0x8C72, 0x8C72, 0x8C72, 0x8C72, 0x8C72, 0x8C72, 0x8C72,
    0x8C72, 0x8C72, 0x8C72, 0x8C72, 0x8C72, 0x8C72, 0x8C72, 0x8C72, 0x8C72, 0x8C72, 0x8C72, 0x8C72, 0x8C72, 0x8C72, 0x8C72, 0x8C72,
    0x8C72, 0x8C72, 0x8C72, 0x8C72, 0x8C72, 0x8C72, 0x8C72, 0x8C72, 0x8C72, 0x8C72, 0x8C72, 0x8C72, 0x8C72, 0x8C72, 0x8C72, 0x8C72,
    0x8C72, 0x8C72, 0x8C72, 0x8C72, 0x8C72, 0x8C72, 0x8C72, 0x8C72, 0x8C72, 0x8C72, 0x8C72, 0x8C72, 0x8C72, 0x8C72, 0x8C72, 0x8C72,
    0x8C72, 0x8C72, 0x8C72, 0x8C72, 0x8C72, 0x8C72, 0x8C72, 0x8C72, 0x8C72, 0x8C72, 0x8C72, 0x8C72, 0x8C72, 0x8C72, 0x8C72, 0x8C72,
    0x8C72, 0x8C72, 0x8C72, 0x8C72, 0x8C72, 0x8C72, 0x8C72, 0x8C72, 0x8C72, 0x8C72, 0x8C72, 0x8C72, 0x8C72, 0x8C72, 0x8C72, 0x8C72,
    0x8C72, 0x8C72, 0x8C72, 0x8C72, 0x8C72, 0x8C72, 0x8C72, 0x8C72, 0x8C72, 0x8C72, 0x8C72, 0x8C72, 0x8C72, 0x8C72, 0x8C72, 0x8C72,
    0x8C72, 0x8C72, 0x8C72, 0x8C72, 0x8C72, 0x8C72, 0x8C72, 0x8C72, 0x8C72, 0x8C72, 0x8C72, 0x8C72, 0x8C72, 0x8C72, 0x8C72, 0x8C72,
    0x8C72, 0x8C72, 0x8C72, 0x8C72, 0x8C72, 0x8C72, 0x8C72, 0x8C72, 0x8C72, 0x8C72, 0x8C72, 0x8C72, 0x8C72, 0x8C72, 0x8C72, 0x8C72,
    0x8C72, 0x8C72, 0x8C72, 0x8C72, 0x8C72, 0x8C72, 0x8C72, 0x8C72, 0x8C72, 0x8C72, 0x8C72, 0x8C72, 0x8C72, 0x8C72, 0x8C72, 0x8C72,
    0x8C72, 0x8C72, 0xAD55, 0xE6FC, 0xE6FC, 0xE6FC, 0xE6FC, 0xE6FC, 0xE6FC, 0xE6FC, 0xE6FC, 0xE6FC, 0xE6FC, 0xE6FC, 0xE6FC, 0xE6FC,
    0xE6FC, 0xE6FC, 0xE6FC, 0xE6FC, 0xE6FC, 0xE6FC, 0xE6FC, 0xE6FC, 0xE6FC, 0xE6FC, 0xE6FC, 0xE6FC, 0xE6FC, 0xE6FC, 0xE6FC, 0xE6FC,
    0xE6FC, 0xE6FC, 0xE6FC, 0xE6FC, 0xE6FC, 0xE6FC, 0xE6FC, 0xE6FC, 0xE6FC, 0xE6FC, 0xE6FC, 0xE6FC, 0xE6FC, 0xE6FC, 0xE6FC, 0xE6FC,
    0xE6FC, 0xE6FC, 0xE6FC, 0xE6FC, 0xE6FC, 0xE6FC, 0xE6FC, 0xE6FC, 0xE6FC, 0xE6FC, 0xE6FC, 0xE6FC, 0xE6FC, 0xE6FC, 0xE6FC, 0xE6FC,
    0xE6FC, 0xE6FC, 0xE6FC, 0xE6FC, 0xE6FC, 0xE6FC, 0xE6FC, 0xE6FC, 0xE6FC, 0xE6FC, 0xE6FC, 0xE6FC, 0xE6FC, 0xE6FC, 0xE6FC, 0xE6FC,
    0xE6FC, 0xE6FC, 0xE6FC, 0xE6FC, 0xE6FC, 0xE6FC, 0xE6FC, 0xE6FC, 0xE6FC, 0xE6FC, 0xE6FC, 0xE6FC, 0xE6FC, 0xE6FC, 0xAD55, 0x7BEF,
    0x6B4D, 0x6B4D, 0x6B4D, 0x6B4D, 0x6B4D, 0x6B4D, 0x6B4D, 0x6B4D, 0x6B4D, 0x6B4D, 0x6B4D, 0x6B4D, 0x6B4D, 0x6B4D, 0x6B4D, 0x6B4D,
    0x6B4D, 0x6B4D, 0x6B4D, 0x6B4D, 0x6B4D, 0x6B4D, 0x6B4D, 0x6B4D, 0x6B4D, 0x6B4D, 0x6B4D, 0x6B4D, 0x6B4D, 0x6B4D, 0x6B4D, 0x6B4D,
    0x6B4D, 0x6B4D, 0x6B4D, 0x6B4D, 0x6B4D, 0x6B4D, 0x6B4D, 0x6B4D, 0x6B4D, 0x6B4D, 0x6B4D, 0x6B4D, 0x6B4D, 0x6B4D, 0x6B4D, 0x6B4D,
    0x6B4D, 0x6B4D, 0x6B4D, 0x6B4D, 0x6B4D, 0x6B4D, 0x6B4D, 0x8C72, 0x8C72, 0x8C72, 0x8C72, 0x8C72, 0x8C72, 0x8C72, 0x8C72, 0x8C72,
    0x8C72, 0x8C72, 0x8C72, 0x8C72, 0x8C72, 0x8C72, 0x8C72, 0x8C72, 0x8C72, 0x8C72, 0x8C72, 0x8C72, 0x8C72, 0x8C72, 0x8C72, 0x8C72,
    0x8C72, 0x8C72, 0x8C72, 0x8C72, 0x8C72, 0x8C72, 0x8C72, 0x8C72, 0x8C72, 0x8C72, 0x8C72, 0x8C72, 0x8C72, 0x8C72, 0x8C72, 0x8C72,
    0x8C72, 0x8C72, 0x8C72, 0x8C72, 0x8C72, 0x8C72, 0x8C72, 0x8C72, 0x8C72, 0x8C72, 0x8C72, 0x8C72, 0x8C72, 0x8C72, 0x8C72, 0x8C72,
    0x8C72, 0x8C72, 0x8C72, 0x8C72, 0x8C72, 0x8C72, 0x8C72, 0x8C72, 0x8C72, 0x8C72, 0x8C72, 0x8C72, 0x8C72, 0x8C72, 0x8C72, 0x8C72,
    0x8C72, 0x8C72, 0x8C72, 0x8C72, 0x8C72, 0x8C72, 0x8C72, 0x8C72, 0x8C72, 0x8C72, 0x8C72, 0x8C72, 0x8C72, 0x8C72, 0x8C72, 0x8C72,
    0x8C72, 0x8C72, 0x8C72, 0x8C72, 0x8C72, 0x8C72, 0x8C72, 0x8C72, 0x8C72, 0x8C72, 0x8C72, 0x8C72, 0x8C72, 0x8C72, 0x8C72, 0x8C72,
    0x8C72, 0x8C72, 0x8C72, 0x8C72, 0x8C72, 0x8C72, 0x8C72, 0x8C72, 0x8C72, 0x8C72, 0x8C72, 0x8C72, 0x8C72, 0x8C72, 0x8C72, 0x8C72,
    0x8C72, 0x8C72, 0x8C72, 0x8C72, 0x8C72, 0x8C72, 0x8C72, 0x8C72, 0x8C72, 0x8C72, 0x8C72, 0x8C72, 0x8C72, 0x8C72, 0x8C72, 0x8C72,
    0x8C72, 0x8C72, 0x8C72, 0x8C72, 0x8C72, 0x8C72, 0x8C72, 0x8C72, 0x8C72, 0x8C72, 0x8C72, 0x8C72, 0x8C72, 0x9CD3, 0xDEDB, 0xE6FC,
    0xE6FC, 0xE6FC, 0xE6FC, 0xE6FC, 0xE6FC, 0xE6FC, 0xE6FC, 0xE6FC, 0xE6FC, 0xE6FC, 0xE6FC, 0xE6FC, 0xE6FC, 0xE6FC, 0xE6FC, 0xE6FC,
    0xE6FC, 0xE6FC, 0xE6FC, 0xE6FC, 0xE6FC, 0xE6FC, 0xE6FC, 0xE6FC, 0xE6FC, 0xE6FC, 0xE6FC, 0xE6FC, 0xE6FC, 0xE6FC, 0xE6FC, 0xE6FC,
    0xE6FC, 0xE6FC, 0xE6FC, 0xE6FC, 0xE6FC, 0xE6FC, 0xE6FC, 0xE6FC, 0xE6FC, 0xE6FC, 0xE6FC, 0xE6FC, 0xE6FC, 0xE6FC, 0xE6FC, 0xE6FC,
    0xE6FC, 0xE6FC, 0xE6FC, 0xE6FC, 0xE6FC, 0xE6FC, 0xE6FC, 0xE6FC, 0xE6FC, 0xE6FC, 0xE6FC, 0xE6FC, 0xE6FC, 0xE6FC, 0xE6FC, 0xE6FC,
    0xE6FC, 0xE6FC, 0xE6FC, 0xE6FC, 0xE6FC, 0xE6FC, 0xE6FC, 0xE6FC, 0xE6FC, 0xE6FC, 0xE6FC, 0xE6FC, 0xE6FC, 0xE6FC, 0xE6FC, 0xE6FC,
    0xE6FC, 0xE6FC, 0xE6FC, 0xE6FC, 0xE6FC, 0xE6FC, 0xE6FC, 0xE6FC, 0xE6FC, 0xE6FC, 0xDEDB, 0x6B4D, 0x0000, 0x0000, 0x0000, 0x0000,
    0x0000, 0x0000, 0x0000, 0x0000, 0x0000, 0x0000, 0x0000, 0x0000, 0x0000, 0x0000, 0x0000, 0x0000, 0x0000, 0x0000, 0x0000, 0x0000,
    0x0000, 0x0000, 0x0000, 0x0000, 0x0000, 0x0000, 0x0000, 0x0000, 0x0000, 0x0000, 0x0000, 0x0000, 0x0000, 0x0000, 0x0000, 0x0000,
    0x0000, 0x0000, 0x0000, 0x0000, 0x0000, 0x0000, 0x0000, 0x0000, 0x0000, 0x0000, 0x0000, 0x0000, 0x0000, 0x0000, 0x0000, 0x0000,
    0x0000, 0x0000, 0x0000, 0x0000, 0x0000, 0x0000, 0x0000, 0x0000, 0x0000, 0x0000, 0x0000, 0x0000, 0x0000, 0x0000, 0x0000, 0x0000,
    0x0000, 0x0000, 0x0000, 0x0000, 0x0000, 0x0000, 0x0000, 0x0000, 0x0000, 0x0000, 0x0000, 0x0000, 0x0000, 0x0000, 0x0000, 0x0000,
    0x0000, 0x0000, 0x0000, 0x0000, 0x0000, 0x0000, 0x0000, 0x0000, 0x0000, 0x0000, 0x0000, 0x0000, 0x0000, 0x0000, 0x0000, 0x0000,
    0x0000, 0x0000, 0x0000, 0x0000, 0x0000, 0x0000, 0x0000, 0x0000, 0x0000, 0x0000, 0x0000, 0x0000, 0x0000, 0x0000, 0x0000, 0x0000,
    0x0000, 0x0000, 0x0000, 0x0000, 0x0000, 0x0000, 0x0000, 0x0000, 0x0000, 0x0000, 0x0000, 0x0000, 0x0000, 0x0000, 0x0000, 0x0000,
    0x0000, 0x0000, 0x0000, 0x0000, 0x0000, 0x0000, 0x0000, 0x0000, 0x0000, 0x0000, 0x0000, 0x0000, 0x0000, 0x0000, 0x0000, 0x0000,
    0x0000, 0x0000, 0x0000, 0x0000, 0x0000, 0x0000, 0x0000, 0x0000, 0x0000, 0x0000, 0x0000, 0x0000, 0x0000, 0x0000, 0x0000, 0x0000,
    0x0000, 0x0000, 0x0000, 0x0000, 0x0000, 0x0000, 0x0000, 0x0000, 0x0000, 0x0000, 0x0000, 0x0000, 0x0000, 0x0000, 0x0000, 0x0000,
    0x0000, 0x0000, 0x0000, 0x0000, 0x0000, 0x0000, 0x0000, 0x0000, 0x0000, 0x0000, 0x0000, 0x0000, 0x0000, 0x0000, 0x0000, 0x0000,
    0x0000, 0x0000, 0x0000, 0x0000, 0x0000, 0x0000, 0x0000, 0x0000, 0x2965, 0xE6FC, 0xE6FC, 0xE6FC, 0xE6FC, 0xE6FC, 0xE6FC, 0xE6FC,
    0xE6FC, 0xE6FC, 0xE6FC, 0xE6FC, 0xE6FC, 0xE6FC, 0xE6FC, 0xE6FC, 0xE6FC, 0xE6FC, 0xE6FC, 0xE6FC, 0xE6FC, 0xE6FC, 0xE6FC, 0xE6FC,
    0xE6FC, 0xE6FC, 0xE6FC, 0xE6FC, 0xE6FC, 0xE6FC, 0xE6FC, 0xE6FC, 0xE6FC, 0xE6FC, 0xE6FC, 0xE6FC, 0xE6FC, 0xE6FC, 0xE6FC, 0xE6FC,
    0xE6FC, 0xE6FC, 0xE6FC, 0xE6FC, 0xE6FC, 0xE6FC, 0xE6FC, 0xE6FC, 0xE6FC, 0xE6FC, 0xE6FC, 0xE6FC, 0xE6FC, 0xE6FC, 0xE6FC, 0xE6FC,
    0xE6FC, 0xE6FC, 0xE6FC, 0xE6FC, 0xE6FC, 0xE6FC, 0xE6FC, 0xE6FC, 0xE6FC, 0xE6FC, 0xE6FC, 0xE6FC, 0xE6FC, 0xE6FC, 0xE6FC, 0xE6FC,
    0xE6FC, 0xE6FC, 0xE6FC, 0xE6FC, 0xE6FC, 0xE6FC, 0xE6FC, 0xE6FC, 0xE6FC, 0xE6FC, 0xE6FC, 0xE6FC, 0xE6FC, 0xE6FC, 0xE6FC, 0xE6FC,
    0xE6FC, 0xE6FC, 0xE6FC, 0xE6FC, 0xE6FC, 0xE6FC, 0xE6FC, 0xD659, 0x2965, 0x0000, 0x0000, 0x0000, 0x0000, 0x0000, 0x0000, 0x0000,
    0x0000, 0x0000, 0x0000, 0x0000, 0x0000, 0x0000, 0x0000, 0x0000, 0x0000, 0x0000, 0x0000, 0x0000, 0x0000, 0x0000, 0x0000, 0x0000,
    0x0000, 0x0000, 0x0000, 0x0000, 0x0000, 0x0000, 0x0000, 0x0000, 0x0000, 0x0000, 0x0000, 0x0000, 0x0000, 0x0000, 0x0000, 0x0000,
    0x0000, 0x0000, 0x0000, 0x0000, 0x0000, 0x0000, 0x0000, 0x0000, 0x0000, 0x0000, 0x0000, 0x0000, 0x0000, 0x0000, 0x0000, 0x0000,
    0x0000, 0x0000, 0x0000, 0x0000, 0x0000, 0x0000, 0x0000, 0x0000, 0x0000, 0x0000, 0x0000, 0x0000, 0x0000, 0x0000, 0x0000, 0x0000,
    0x0000, 0x0000, 0x0000, 0x0000, 0x0000, 0x0000, 0x0000, 0x0000, 0x0000, 0x0000, 0x0000, 0x0000, 0x0000, 0x0000, 0x0000, 0x0000,
    0x0000, 0x0000, 0x0000, 0x0000, 0x0000, 0x0000, 0x0000, 0x0000, 0x0000, 0x0000, 0x0000, 0x0000, 0x0000, 0x0000, 0x0000, 0x0000,
    0x0000, 0x0000, 0x0000, 0x0000, 0x0000, 0x0000, 0x0000, 0x0000, 0x0000, 0x0000, 0x0000, 0x0000, 0x0000, 0x0000, 0x0000, 0x0000,
    0x0000, 0x0000, 0x0000, 0x0000, 0x0000, 0x0000, 0x0000, 0x0000, 0x0000, 0x0000, 0x0000, 0x0000, 0x0000, 0x0000, 0x0000, 0x0000,
    0x0000, 0x0000, 0x0000, 0x0000, 0x0000, 0x0000, 0x0000, 0x0000, 0x0000, 0x0000, 0x0000, 0x0000, 0x0000, 0x0000, 0x0000, 0x0000,
    0x0000, 0x0000, 0x0000, 0x0000, 0x0000, 0x0000, 0x0000, 0x0000, 0x0000, 0x0000, 0x0000, 0x0000, 0x0000, 0x0000, 0x0000, 0x0000,
    0x0000, 0x0000, 0x0000, 0x0000, 0x0000, 0x0000, 0x0000, 0x0000, 0x0000, 0x0000, 0x0000, 0x0000, 0x0000, 0x0000, 0x0000, 0x0000,
    0x0000, 0x0000, 0x0000, 0x0000, 0x0000, 0x0000, 0x0000, 0x0000, 0x0000, 0x0000, 0x0000, 0x0000, 0x0000, 0x0000, 0x0000, 0x0000,
    0x0000, 0x0000, 0x0000, 0x0000, 0xAD55, 0xE6FC, 0xE6FC, 0xE6FC, 0xE6FC, 0xE6FC, 0xE6FC, 0xE6FC, 0xE6FC, 0xE6FC, 0xE6FC, 0xE6FC,
    0xE6FC, 0xE6FC, 0xE6FC, 0xE6FC, 0xE6FC, 0xE6FC, 0xE6FC, 0xE6FC, 0xE6FC, 0xE6FC, 0xE6FC, 0xE6FC, 0xE6FC, 0xE6FC, 0xE6FC, 0xE6FC,
    0xE6FC, 0xE6FC, 0xE6FC, 0xE6FC, 0xE6FC, 0xE6FC, 0xE6FC, 0xE6FC, 0xE6FC, 0xE6FC, 0xE6FC, 0xE6FC, 0xE6FC, 0xE6FC, 0xE6FC, 0xE6FC,
    0xE6FC, 0xE6FC, 0xE6FC, 0xE6FC, 0xE6FC, 0xE6FC, 0xE6FC, 0xE6FC, 0xE6FC, 0xE6FC, 0xE6FC, 0xE6FC, 0xE6FC, 0xE6FC, 0xE6FC, 0xE6FC,
    0xE6FC, 0xE6FC, 0xE6FC, 0xE6FC, 0xE6FC, 0xE6FC, 0xE6FC, 0xE6FC, 0xE6FC, 0xE6FC, 0xE6FC, 0xE6FC, 0xE6FC, 0xE6FC, 0xE6FC, 0xE6FC,
    0xE6FC, 0xE6FC, 0xE6FC, 0xE6FC, 0xE6FC, 0xE6FC, 0xE6FC, 0xE6FC, 0xE6FC, 0xE6FC, 0xE6FC, 0xE6FC, 0xE6FC, 0xE6FC, 0xE6FC, 0xE6FC,
    0xE6FC, 0xE6FC, 0xE6FC, 0xE6FC, 0xAD55, 0x0000, 0x0000, 0x0000, 0x0000, 0x0000, 0x0000, 0x0000, 0x0000, 0x0000, 0x0000, 0x0000,
    0x0000, 0x0000, 0x0000, 0x0000, 0x0000, 0x0000, 0x0000, 0x0000, 0x0000, 0x0000, 0x0000, 0x0000, 0x0000, 0x0000, 0x0000, 0x0000,
    0x0000, 0x0000, 0x0000, 0x0000, 0x0000, 0x0000, 0x0000, 0x0000, 0x0000, 0x0000, 0x0000, 0x0000, 0x0000, 0x0000, 0x0000, 0x0000,
    0x0000, 0x0000, 0x0000, 0x0000, 0x0000, 0x0000, 0x0000, 0x0000, 0x0000, 0x0000, 0x0000, 0x0000, 0x0000, 0x0000, 0x0000, 0x0000,
    0x0000, 0x0000, 0x0000, 0x0000, 0x0000, 0x0000, 0x0000, 0x0000, 0x0000, 0x0000, 0x0000, 0x0000, 0x0000, 0x0000, 0x0000, 0x0000,
    0x0000, 0x0000, 0x0000, 0x0000, 0x0000, 0x0000, 0x0000, 0x0000, 0x0000, 0x0000, 0x0000, 0x0000, 0x0000, 0x0000, 0x0000, 0x0000,
    0x0000, 0x0000, 0x0000, 0x0000, 0x0000, 0x0000, 0x0000, 0x0000, 0x0000, 0x0000, 0x0000, 0x0000, 0x0000, 0x0000, 0x0000, 0x0000,
    0x0000, 0x0000, 0x0000, 0x0000, 0x0000, 0x0000, 0x0000, 0x0000, 0x0000, 0x0000, 0x0000, 0x0000, 0x0000, 0x0000, 0x0000, 0x0000,
    0x0000, 0x0000, 0x0000, 0x0000, 0x0000, 0x0000, 0x0000, 0x0000, 0x0000, 0x0000, 0x0000, 0x0000, 0x0000, 0x0000, 0x0000, 0x0000,
    0x0000, 0x0000, 0x0000, 0x0000, 0x0000, 0x0000, 0x0000, 0x0000, 0x0000, 0x0000, 0x0000, 0x0000, 0x0000, 0x0000, 0x0000, 0x0000,
    0x0000, 0x0000, 0x0000, 0x0000, 0x0000, 0x0000, 0x0000, 0x0000, 0x0000, 0x0000, 0x0000, 0x0000, 0x0000, 0x0000, 0x0000, 0x0000,
    0x0000, 0x0000, 0x0000, 0x0000, 0x0000, 0x0000, 0x0000, 0x0000, 0x0000, 0x0000, 0x0000, 0x0000, 0x0000, 0x0000, 0x0000, 0x0000,
    0x0000, 0x0000, 0x0000, 0x0000, 0x0000, 0x0000, 0x0000, 0x0000, 0x0000, 0x0000, 0x0000, 0x0000, 0x0000, 0x0000, 0x0000, 0x6B4D,
    0xE6FC, 0xE6FC, 0xE6FC, 0xE6FC, 0xE6FC, 0xE6FC, 0xE6FC, 0xE6FC, 0xE6FC, 0xE6FC, 0xE6FC, 0xE6FC, 0xE6FC, 0xE6FC, 0xE6FC, 0xE6FC,
    0xE6FC, 0xE6FC, 0xE6FC, 0xE6FC, 0xE6FC, 0xE6FC, 0xE6FC, 0xE6FC, 0xE6FC, 0xE6FC, 0xE6FC, 0xE6FC, 0xE6FC, 0xE6FC, 0xE6FC, 0xE6FC,
    0xE6FC, 0xE6FC, 0xE6FC, 0xE6FC, 0xE6FC, 0xE6FC, 0xE6FC, 0xE6FC, 0xE6FC, 0xE6FC, 0xE6FC, 0xE6FC, 0xE6FC, 0xE6FC, 0xE6FC, 0xE6FC,
    0xE6FC, 0xE6FC, 0xE6FC, 0xE6FC, 0xE6FC, 0xE6FC, 0xE6FC, 0xE6FC, 0xE6FC, 0xE6FC, 0xE6FC, 0xE6FC, 0xE6FC, 0xE6FC, 0xE6FC, 0xE6FC,
    0xE6FC, 0xE6FC, 0xE6FC, 0xE6FC, 0xE6FC, 0xE6FC, 0xE6FC, 0xE6FC, 0xE6FC, 0xE6FC, 0xE6FC, 0xE6FC, 0xE6FC, 0xE6FC, 0xE6FC, 0xE6FC,
    0xE6FC, 0xE6FC, 0xE6FC, 0xE6FC, 0xE6FC, 0xE6FC, 0xE6FC, 0xE6FC, 0xE6FC, 0xE6FC, 0xE6FC, 0xE6FC, 0xE6FC, 0xE6FC, 0xE6FC, 0xE6FC,
    0xE6FC, 0x4A49, 0x0000, 0x0000, 0x0000, 0x0000, 0x0000, 0x0000, 0x0000, 0x0000, 0x0000, 0x0000, 0x0000, 0x0000, 0x0000, 0x0000,
    0x0000, 0x0000, 0x0000, 0x0000, 0x0000, 0x0000, 0x0000, 0x0000, 0x0000, 0x0000, 0x0000, 0x0000, 0x0000, 0x0000, 0x0000, 0x0000,
    0x0000, 0x0000, 0x0000, 0x0000, 0x0000, 0x0000, 0x0000, 0x0000, 0x0000, 0x0000, 0x0000, 0x0000, 0x0000, 0x0000, 0x0000, 0x0000,
    0x0000, 0x0000, 0x0000, 0x0000, 0x0000, 0x0000, 0x0000, 0x0000, 0x0000, 0x0000, 0x0000, 0x0000, 0x0000, 0x0000, 0x0000, 0x0000,
    0x0000, 0x0000, 0x0000, 0x0000, 0x0000, 0x0000, 0x0000, 0x0000, 0x0000, 0x0000, 0x0000, 0x0000, 0x0000, 0x0000, 0x0000, 0x0000,
    0x0000, 0x0000, 0x0000, 0x0000, 0x0000, 0x0000, 0x0000, 0x0000, 0x0000, 0x0000, 0x0000, 0x0000, 0x0000, 0x0000, 0x0000, 0x0000,
    0x0000, 0x0000, 0x0000, 0x0000, 0x0000, 0x0000, 0x0000, 0x0000, 0x0000, 0x0000, 0x0000, 0x0000, 0x0000, 0x0000, 0x0000, 0x0000,
    0x0000, 0x0000, 0x0000, 0x0000, 0x0000, 0x0000, 0x0000, 0x0000, 0x0000, 0x0000, 0x0000, 0x0000, 0x0000, 0x0000, 0x0000, 0x0000,
    0x0000, 0x0000, 0x0000, 0x0000, 0x0000, 0x0000, 0x0000, 0x0000, 0x0000, 0x0000, 0x0000, 0x0000, 0x0000, 0x0000, 0x0000, 0x0000,
    0x0000, 0x0000, 0x0000, 0x0000, 0x0000, 0x0000, 0x0000, 0x0000, 0x0000, 0x0000, 0x0000, 0x0000, 0x0000, 0x0000, 0x0000, 0x0000,
    0x0000, 0x0000, 0x0000, 0x0000, 0x0000, 0x0000, 0x0000, 0x0000, 0x0000, 0x0000, 0x0000, 0x0000, 0x0000, 0x0000, 0x0000, 0x0000,
    0x0000, 0x0000, 0x0000, 0x0000, 0x0000, 0x0000, 0x0000, 0x0000, 0x0000, 0x0000, 0x0000, 0x0000, 0x0000, 0x0000, 0x0000, 0x0000,
    0x0000, 0x0000, 0x0000, 0x0000, 0x0000, 0x0000, 0x0000, 0x0000, 0x0000, 0x0000, 0x0000, 0xD659, 0xE6FC, 0xE6FC, 0xE6FC, 0xE6FC,
    0xE6FC, 0xE6FC, 0xE6FC, 0xE6FC, 0xE6FC, 0xE6FC, 0xE6FC, 0xE6FC, 0xE6FC, 0xE6FC, 0xE6FC, 0xE6FC, 0xE6FC, 0xE6FC, 0xE6FC, 0xE6FC,
    0xE6FC, 0xE6FC, 0xE6FC, 0xE6FC, 0xE6FC, 0xE6FC, 0xE6FC, 0xE6FC, 0xE6FC, 0xE6FC, 0xE6FC, 0xE6FC, 0xE6FC, 0xE6FC, 0xE6FC, 0xE6FC,
    0xE6FC, 0xE6FC, 0xE6FC, 0xE6FC, 0xE6FC, 0xE6FC, 0xE6FC, 0xE6FC, 0xE6FC, 0xE6FC, 0xE6FC, 0xE6FC, 0xE6FC, 0xE6FC, 0xE6FC, 0xE6FC,
    0xE6FC, 0xE6FC, 0xE6FC, 0xE6FC, 0xE6FC, 0xE6FC, 0xE6FC, 0xE6FC, 0xE6FC, 0xE6FC, 0xE6FC, 0xE6FC, 0xE6FC, 0xE6FC, 0xE6FC, 0xE6FC,
    0xE6FC, 0xE6FC, 0xE6FC, 0xE6FC, 0xE6FC, 0xE6FC, 0xE6FC, 0xE6FC, 0xE6FC, 0xE6FC, 0xE6FC, 0xE6FC, 0xE6FC, 0xE6FC, 0xE6FC, 0xE6FC,
    0xE6FC, 0xE6FC, 0xE6FC, 0xE6FC, 0xE6FC, 0xE6FC, 0xE6FC, 0xE6FC, 0xE6FC, 0xE6FC, 0xE6FC, 0xE6FC, 0xE6FC, 0xD659, 0x0000, 0x0000,
    0x0000, 0x0000, 0x0000, 0x0000, 0x0000, 0x0000, 0x0000, 0x0000, 0x0000, 0x0000, 0x0000, 0x0000, 0x0000, 0x0000, 0x0000, 0x0000,
    0x0000, 0x0000, 0x0000, 0x0000, 0x0000, 0x0000, 0x0000, 0x0000, 0x0000, 0x0000, 0x0000, 0x0000, 0x0000, 0x0000, 0x0000, 0x0000,
    0x0000, 0x0000, 0x0000, 0x0000, 0x0000, 0x0000, 0x0000, 0x0000, 0x0000, 0x0000, 0x0000, 0x0000, 0x0000, 0x0000, 0x0000, 0x0000,
    0x0000, 0x0000, 0x0000, 0x0000, 0x0000, 0x0000, 0x0000, 0x0000, 0x0000, 0x0000, 0x0000, 0x0000, 0x0000, 0x0000, 0x0000, 0x0000,
    0x0000, 0x0000, 0x0000, 0x0000, 0x0000, 0x0000, 0x0000, 0x0000, 0x0000, 0x0000, 0x0000, 0x0000, 0x0000, 0x0000, 0x0000, 0x0000,
    0x0000, 0x0000, 0x0000, 0x0000, 0x0000, 0x0000, 0x0000, 0x0000, 0x0000, 0x0000, 0x0000, 0x0000, 0x0000, 0x0000, 0x0000, 0x0000,
    0x0000, 0x0000, 0x0000, 0x0000, 0x0000, 0x0000, 0x0000, 0x0000, 0x0000, 0x0000, 0x0000, 0x0000, 0x0000, 0x0000, 0x0000, 0x0000,
    0x0000, 0x0000, 0x0000, 0x0000, 0x0000, 0x0000, 0x0000, 0x0000, 0x0000, 0x0000, 0x0000, 0x0000, 0x0000, 0x0000, 0x0000, 0x0000,
    0x0000, 0x0000, 0x0000, 0x0000, 0x0000, 0x0000, 0x0000, 0x0000, 0x0000, 0x0000, 0x0000, 0x0000, 0x0000, 0x0000, 0x0000, 0x0000,
    0x0000, 0x0000, 0x0000, 0x0000, 0x0000, 0x0000, 0x0000, 0x0000, 0x0000, 0x0000, 0x0000, 0x0000, 0x0000, 0x0000, 0x0000, 0x0000,
    0x0000, 0x0000, 0x0000, 0x0000, 0x0000, 0x0000, 0x0000, 0x0000, 0x0000, 0x0000, 0x0000, 0x0000, 0x0000, 0x0000, 0x0000, 0x0000,
    0x0000, 0x0000, 0x0000, 0x0000, 0x0000, 0x0000, 0x0000, 0x0000, 0x0000, 0x0000, 0x0000, 0x0000, 0x0000, 0x0000, 0x0000, 0x0000,
    0x0000, 0x0000, 0x0000, 0x0000, 0x0000, 0x0000, 0x9CD3, 0xE6FC, 0xE6FC, 0xE6FC, 0xE6FC, 0xE6FC, 0xE6FC, 0xE6FC, 0xE6FC, 0xE6FC,
    0xE6FC, 0xE6FC, 0xE6FC, 0xE6FC, 0xE6FC, 0xE6FC, 0xE6FC, 0xE6FC, 0xE6FC, 0xE6FC, 0xE6FC, 0xE6FC, 0xE6FC, 0xE6FC, 0xE6FC, 0xE6FC,
    0xE6FC, 0xE6FC, 0xE6FC, 0xE6FC, 0xE6FC, 0xE6FC, 0xE6FC, 0xE6FC, 0xE6FC, 0xE6FC, 0xE6FC, 0xE6FC, 0xE6FC, 0xE6FC, 0xE6FC, 0xE6FC,
    0xE6FC, 0xE6FC, 0xE6FC, 0xE6FC, 0xE6FC, 0xE6FC, 0xE6FC, 0xE6FC, 0xE6FC, 0xE6FC, 0xE6FC, 0xE6FC, 0xE6FC, 0xE6FC, 0xE6FC, 0xE6FC,
    0xE6FC, 0xE6FC, 0xE6FC, 0xE6FC, 0xE6FC, 0xE6FC, 0xE6FC, 0xE6FC, 0xE6FC, 0xE6FC, 0xE6FC, 0xE6FC, 0xE6FC, 0xE6FC, 0xE6FC, 0xE6FC,
    0xE6FC, 0xE6FC, 0xE6FC, 0xE6FC, 0xE6FC, 0xE6FC, 0xE6FC, 0xE6FC, 0xE6FC, 0xE6FC, 0xE6FC, 0xE6FC, 0xE6FC, 0xE6FC, 0xE6FC, 0xE6FC,
    0xE6FC, 0xE6FC, 0xE6FC, 0xE6FC, 0xE6FC, 0xE6FC, 0xE6FC, 0xE6FC, 0xE6FC, 0xE6FC, 0x9CD3, 0x0000, 0x0000, 0x0000, 0x0000, 0x0000,
    0x0000, 0x0000, 0x0000, 0x0000, 0x0000, 0x0000, 0x0000, 0x0000, 0x0000, 0x0000, 0x0000, 0x0000, 0x0000, 0x0000, 0x0000, 0x0000,
    0x0000, 0x0000, 0x0000, 0x0000, 0x0000, 0x0000, 0x0000, 0x0000, 0x0000, 0x0000, 0x0000, 0x0000, 0x0000, 0x0000, 0x0000, 0x0000,
    0x0000, 0x0000, 0x0000, 0x0000, 0x0000, 0x0000, 0x0000, 0x0000, 0x0000, 0x0000, 0x0000, 0x0000, 0x0000, 0x0000, 0x0000, 0x0000,
    0x0000, 0x0000, 0x0000, 0x0000, 0x0000, 0x0000, 0x0000, 0x0000, 0x0000, 0x0000, 0x0000, 0x0000, 0x0000, 0x0000, 0x0000, 0x0000,
    0x0000, 0x0000, 0x0000, 0x0000, 0x0000, 0x0000, 0x0000, 0x0000, 0x0000, 0x0000, 0x0000, 0x0000, 0x0000, 0x0000, 0x0000, 0x0000,
    0x0000, 0x0000, 0x0000, 0x0000, 0x0000, 0x0000, 0x0000, 0x0000, 0x0000, 0x0000, 0x0000, 0x0000, 0x0000, 0x0000, 0x0000, 0x0000,
    0x0000, 0x0000, 0x0000, 0x0000, 0x0000, 0x0000, 0x0000, 0x0000, 0x0000, 0x0000, 0x0000, 0x0000, 0x0000, 0x0000, 0x0000, 0x0000,
    0x0000, 0x0000, 0x0000, 0x0000, 0x0000, 0x0000, 0x0000, 0x0000, 0x0000, 0x0000, 0x0000, 0x0000, 0x0000, 0x0000, 0x0000, 0x0000,
    0x0000, 0x0000, 0x0000, 0x0000, 0x0000, 0x0000, 0x0000, 0x0000, 0x0000, 0x0000, 0x0000, 0x0000, 0x0000, 0x0000, 0x0000, 0x0000,
    0x0000, 0x0000, 0x0000, 0x0000, 0x0000, 0x0000, 0x0000, 0x0000, 0x0000, 0x0000, 0x0000, 0x0000, 0x0000, 0x0000, 0x0000, 0x0000,
    0x0000, 0x0000, 0x0000, 0x0000, 0x0000, 0x0000, 0x0000, 0x0000, 0x0000, 0x0000, 0x0000, 0x0000, 0x0000, 0x0000, 0x0000, 0x0000,
    0x0000, 0x0000, 0x0000, 0x0000, 0x0000, 0x0000, 0x0000, 0x0000, 0x0000, 0x0000, 0x0000, 0x0000, 0x0000, 0x0000, 0x0000, 0x0000,
    0x0000, 0x4A49, 0xE6FC, 0xE6FC, 0xE6FC, 0xE6FC, 0xE6FC, 0xE6FC, 0xE6FC, 0xE6FC, 0xE6FC, 0xE6FC, 0xE6FC, 0xE6FC, 0xE6FC, 0xE6FC,
    0xE6FC, 0xE6FC, 0xE6FC, 0xE6FC, 0xE6FC, 0xE6FC, 0xE6FC, 0xE6FC, 0xE6FC, 0xE6FC, 0xE6FC, 0xE6FC, 0xE6FC, 0xE6FC, 0xE6FC, 0xE6FC,
    0xE6FC, 0xE6FC, 0xE6FC, 0xE6FC, 0xE6FC, 0xE6FC, 0xE6FC, 0xE6FC, 0xE6FC, 0xE6FC, 0xE6FC, 0xE6FC, 0xE6FC, 0xE6FC, 0xE6FC, 0xE6FC,
    0xE6FC, 0xE6FC, 0xE6FC, 0xE6FC, 0xE6FC, 0xE6FC, 0xE6FC, 0xE6FC, 0xE6FC, 0xE6FC, 0xE6FC, 0xE6FC, 0xE6FC, 0xE6FC, 0xE6FC, 0xE6FC,
    0xE6FC, 0xE6FC, 0xE6FC, 0xE6FC, 0xE6FC, 0xE6FC, 0xE6FC, 0xE6FC, 0xE6FC, 0xE6FC, 0xE6FC, 0xE6FC, 0xE6FC, 0xE6FC, 0xE6FC, 0xE6FC,
    0xE6FC, 0xE6FC, 0xE6FC, 0xE6FC, 0xE6FC, 0xE6FC, 0xE6FC, 0xE6FC, 0xE6FC, 0xE6FC, 0xE6FC, 0xE6FC, 0xE6FC, 0xE6FC, 0xE6FC, 0xE6FC,
    0xE6FC, 0xE6FC, 0xE6FC, 0xE6FC, 0xE6FC, 0xE6FC, 0xE6FC, 0x2965, 0x0000, 0x0000, 0x0000, 0x0000, 0x0000, 0x0000, 0x0000, 0x0000,
    0x0000, 0x0000, 0x0000, 0x0000, 0x0000, 0x0000, 0x0000, 0x0000, 0x0000, 0x0000, 0x0000, 0x0000, 0x0000, 0x0000, 0x0000, 0x0000,
    0x0000, 0x0000, 0x0000, 0x0000, 0x0000, 0x0000, 0x0000, 0x0000, 0x0000, 0x0000, 0x0000, 0x0000, 0x0000, 0x0000, 0x0000, 0x0000,
    0x0000, 0x0000, 0x0000, 0x0000, 0x0000, 0x0000, 0x0000, 0x0000, 0x0000, 0x0000, 0x0000, 0x0000, 0x0000, 0x0000, 0x0000, 0x0000,
    0x0000, 0x0000, 0x0000, 0x0000, 0x0000, 0x0000, 0x0000, 0x0000, 0x0000, 0x0000, 0x0000, 0x0000, 0x0000, 0x0000, 0x0000, 0x0000,
    0x0000, 0x0000, 0x0000, 0x0000, 0x0000, 0x0000, 0x0000, 0x0000, 0x0000, 0x0000, 0x0000, 0x0000, 0x0000, 0x0000, 0x0000, 0x0000,
    0x0000, 0x0000, 0x0000, 0x0000, 0x0000, 0x0000, 0x0000, 0x0000, 0x0000, 0x0000, 0x0000, 0x0000, 0x0000, 0x0000, 0x0000, 0x0000,
    0x0000, 0x0000, 0x0000, 0x0000, 0x0000, 0x0000, 0x0000, 0x0000, 0x0000, 0x0000, 0x0000, 0x0000, 0x0000, 0x0000, 0x0000, 0x0000,
    0x0000, 0x0000, 0x0000, 0x0000, 0x0000, 0x0000, 0x0000, 0x0000, 0x0000, 0x0000, 0x0000, 0x0000, 0x0000, 0x0000, 0x0000, 0x0000,
    0x0000, 0x0000, 0x0000, 0x0000, 0x0000, 0x0000, 0x0000, 0x0000, 0x0000, 0x0000, 0x0000, 0x0000, 0x0000, 0x0000, 0x0000, 0x0000,
    0x0000, 0x0000, 0x0000, 0x0000, 0x0000, 0x0000, 0x0000, 0x0000, 0x0000, 0x0000, 0x0000, 0x0000, 0x0000, 0x0000, 0x0000, 0x0000,
    0x0000, 0x0000, 0x0000, 0x0000, 0x0000, 0x0000, 0x0000, 0x0000, 0x0000, 0x0000, 0x0000, 0x0000, 0x0000, 0x0000, 0x0000, 0x0000,
    0x0000, 0x0000, 0x0000, 0x0000, 0x0000, 0x0000, 0x0000, 0x0000, 0x0000, 0x0000, 0x0000, 0x0000, 0x0000, 0xD659, 0xE6FC, 0xE6FC,
    0xE6FC, 0xE6FC, 0xE6FC, 0xE6FC, 0xE6FC, 0xE6FC, 0xE6FC, 0xE6FC, 0xE6FC, 0xE6FC, 0xE6FC, 0xE6FC, 0xE6FC, 0xE6FC, 0xE6FC, 0xE6FC,
    0xE6FC, 0xE6FC, 0xE6FC, 0xE6FC, 0xE6FC, 0xE6FC, 0xE6FC, 0xE6FC, 0xE6FC, 0xE6FC, 0xE6FC, 0xE6FC, 0xE6FC, 0xE6FC, 0xE6FC, 0xE6FC,
    0xE6FC, 0xE6FC, 0xE6FC, 0xE6FC, 0xE6FC, 0xE6FC, 0xE6FC, 0xE6FC, 0xE6FC, 0xE6FC, 0xE6FC, 0xE6FC, 0xE6FC, 0xE6FC, 0xE6FC, 0xE6FC,
    0xE6FC, 0xE6FC, 0xE6FC, 0xE6FC, 0xE6FC, 0xE6FC, 0xE6FC, 0xE6FC, 0xE6FC, 0xE6FC, 0xE6FC, 0xE6FC, 0xE6FC, 0xE6FC, 0xE6FC, 0xE6FC,
    0xE6FC, 0xE6FC, 0xE6FC, 0xE6FC, 0xE6FC, 0xE6FC, 0xE6FC, 0xE6FC, 0xE6FC, 0xE6FC, 0xE6FC, 0xE6FC, 0xE6FC, 0xE6FC, 0xE6FC, 0xE6FC,
    0xE6FC, 0xE6FC, 0xE6FC, 0xE6FC, 0xE6FC, 0xE6FC, 0xE6FC, 0xE6FC, 0xE6FC, 0xE6FC, 0xE6FC, 0xE6FC, 0xE6FC, 0xE6FC, 0xE6FC, 0xE6FC,
    0xE6FC, 0xE6FC, 0xE6FC, 0xD659, 0x0000, 0x0000, 0x0000, 0x0000, 0x0000, 0x0000, 0x0000, 0x0000, 0x0000, 0x0000, 0x0000, 0x0000,
    0x0000, 0x0000, 0x0000, 0x0000, 0x0000, 0x0000, 0x0000, 0x0000, 0x0000, 0x0000, 0x0000, 0x0000, 0x0000, 0x0000, 0x0000, 0x0000,
    0x0000, 0x0000, 0x0000, 0x0000, 0x0000, 0x0000, 0x0000, 0x0000, 0x0000, 0x0000, 0x0000, 0x0000, 0x0000, 0x0000, 0x0000, 0x0000,
    0x0000, 0x0000, 0x0000, 0x0000, 0x0000, 0x0000, 0x0000, 0x0000, 0x0000, 0x0000, 0x0000, 0x0000, 0x0000, 0x0000, 0x0000, 0x0000,
    0x0000, 0x0000, 0x0000, 0x0000, 0x0000, 0x0000, 0x0000, 0x0000, 0x0000, 0x0000, 0x0000, 0x0000, 0x0000, 0x0000, 0x0000, 0x0000,
    0x0000, 0x0000, 0x0000, 0x0000, 0x0000, 0x0000, 0x0000, 0x0000, 0x0000, 0x0000, 0x0000, 0x0000, 0x0000, 0x0000, 0x0000, 0x0000,
    0x0000, 0x0000, 0x0000, 0x0000, 0x0000, 0x0000, 0x0000, 0x0000, 0x0000, 0x0000, 0x0000, 0x0000, 0x0000, 0x0000, 0x0000, 0x0000,
    0x0000, 0x0000, 0x0000, 0x0000, 0x0000, 0x0000, 0x0000, 0x0000, 0x0000, 0x0000, 0x0000, 0x0000, 0x0000, 0x0000, 0x0000, 0x0000,
    0x0000, 0x0000, 0x0000, 0x0000, 0x0000, 0x0000, 0x0000, 0x0000, 0x0000, 0x0000, 0x0000, 0x0000, 0x0000, 0x0000, 0x0000, 0x0000,
    0x0000, 0x0000, 0x0000, 0x0000, 0x0000, 0x0000, 0x0000, 0x0000, 0x0000, 0x0000, 0x0000, 0x0000, 0x0000, 0x0000, 0x0000, 0x0000,
    0x0000, 0x0000, 0x0000, 0x0000, 0x0000, 0x0000, 0x0000, 0x0000, 0x0000, 0x0000, 0x0000, 0x0000, 0x0000, 0x0000, 0x0000, 0x0000,
    0x0000, 0x0000, 0x0000, 0x0000, 0x0000, 0x0000, 0x0000, 0x0000, 0x0000, 0x0000, 0x0000, 0x0000, 0x0000, 0x0000, 0x0000, 0x0000,
    0x0000, 0x0000, 0x0000, 0x0000, 0x0000, 0x0000, 0x0000, 0x0000, 0x7BEF, 0xE6FC, 0xE6FC, 0xE6FC, 0xE6FC, 0xE6FC, 0xE6FC, 0xE6FC,
    0xE6FC, 0xE6FC, 0xE6FC, 0xE6FC, 0xE6FC, 0xE6FC, 0xE6FC, 0xE6FC, 0xE6FC, 0xE6FC, 0xE6FC, 0xE6FC, 0xE6FC, 0xE6FC, 0xE6FC, 0xE6FC,
    0xE6FC, 0xE6FC, 0xE6FC, 0xE6FC, 0xE6FC, 0xE6FC, 0xE6FC, 0xE6FC, 0xE6FC, 0xE6FC, 0xE6FC, 0xE6FC, 0xE6FC, 0xE6FC, 0xE6FC, 0xE6FC,
    0xE6FC, 0xE6FC, 0xE6FC, 0xE6FC, 0xE6FC, 0xE6FC, 0xE6FC, 0xE6FC, 0xE6FC, 0xE6FC, 0xE6FC, 0xE6FC, 0xAD55, 0xE6FC, 0xE6FC, 0xE6FC,
    0xE6FC, 0xE6FC, 0xE6FC, 0xE6FC, 0xE6FC, 0xE6FC, 0xE6FC, 0xE6FC, 0xE6FC, 0xE6FC, 0xE6FC, 0xE6FC, 0xE6FC, 0xE6FC, 0xE6FC, 0xE6FC,
    0xE6FC, 0xE6FC, 0xE6FC, 0xE6FC, 0xE6FC, 0xE6FC, 0xE6FC, 0xE6FC, 0xE6FC, 0xE6FC, 0xE6FC, 0xE6FC, 0xE6FC, 0xE6FC, 0xE6FC, 0xE6FC,
    0xE6FC, 0xE6FC, 0xE6FC, 0xE6FC, 0xE6FC, 0xE6FC, 0xE6FC, 0xE6FC, 0xE6FC, 0xE6FC, 0xE6FC, 0xE6FC, 0xE6FC, 0xE6FC, 0xE6FC, 0xE6FC,
    0x7BEF, 0x0000, 0x0000, 0x0000, 0x0000, 0x0000, 0x0000, 0x0000, 0x0000, 0x0000, 0x0000, 0x0000, 0x0000, 0x0000, 0x0000, 0x0000,
    0x0000, 0x0000, 0x0000, 0x0000, 0x0000, 0x0000, 0x0000, 0x0000, 0x0000, 0x0000, 0x0000, 0x0000, 0x0000, 0x0000, 0x0000, 0x0000,
    0x0000, 0x0000, 0x0000, 0x0000, 0x0000, 0x0000, 0x0000, 0x0000, 0x0000, 0x0000, 0x0000, 0x0000, 0x0000, 0x0000, 0x0000, 0x0000,
    0x0000, 0x0000, 0x0000, 0x0000, 0x0000, 0x0000, 0x0000, 0x0000, 0x0000, 0x0000, 0x0000, 0x0000, 0x0000, 0x0000, 0x0000, 0x0000,
    0x0000, 0x0000, 0x0000, 0x0000, 0x0000, 0x0000, 0x0000, 0x0000, 0x0000, 0x0000, 0x0000, 0x0000, 0x0000, 0x0000, 0x0000, 0x0000,
    0x0000, 0x0000, 0x0000, 0x0000, 0x0000, 0x0000, 0x0000, 0x0000, 0x0000, 0x0000, 0x0000, 0x0000, 0x0000, 0x0000, 0x0000, 0x0000,
    0x0000, 0x0000, 0x0000, 0x0000, 0x0000, 0x0000, 0x0000, 0x0000, 0x0000, 0x0000, 0x0000, 0x0000, 0x0000, 0x0000, 0x0000, 0x0000,
    0x0000, 0x0000, 0x0000, 0x0000, 0x0000, 0x0000, 0x0000, 0x0000, 0x0000, 0x0000, 0x0000, 0x0000, 0x0000, 0x0000, 0x0000, 0x0000,
    0x0000, 0x0000, 0x0000, 0x0000, 0x0000, 0x0000, 0x0000, 0x0000, 0x0000, 0x0000, 0x0000, 0x0000, 0x0000, 0x0000, 0x0000, 0x0000,
    0x0000, 0x0000, 0x0000, 0x0000, 0x0000, 0x0000, 0x0000, 0x0000, 0x0000, 0x0000, 0x0000, 0x0000, 0x0000, 0x0000, 0x0000, 0x0000,
    0x0000, 0x0000, 0x0000, 0x0000, 0x0000, 0x0000, 0x0000, 0x0000, 0x0000, 0x0000, 0x0000, 0x0000, 0x0000, 0x0000, 0x0000, 0x0000,
    0x0000, 0x0000, 0x0000, 0x0000, 0x0000, 0x0000, 0x0000, 0x0000, 0x0000, 0x0000, 0x0000, 0x0000, 0x0000, 0x0000, 0x0000, 0x0000,
    0x0000, 0x0000, 0x0000, 0x2965, 0xE6FC, 0xE6FC, 0xE6FC, 0xE6FC, 0xE6FC, 0xE6FC, 0xE6FC, 0xE6FC, 0xE6FC, 0xE6FC, 0xE6FC, 0xE6FC,
    0xE6FC, 0xE6FC, 0xE6FC, 0xE6FC, 0xE6FC, 0xE6FC, 0xE6FC, 0xE6FC, 0xE6FC, 0xE6FC, 0xE6FC, 0xE6FC, 0xE6FC, 0xE6FC, 0xE6FC, 0xE6FC,
    0xE6FC, 0xE6FC, 0xE6FC, 0xE6FC, 0xE6FC, 0xE6FC, 0xE6FC, 0xE6FC, 0xE6FC, 0xE6FC, 0xE6FC, 0xE6FC, 0xE6FC, 0xE6FC, 0xE6FC, 0xE6FC,
    0xE6FC, 0xE6FC, 0xE6FC, 0xE6FC, 0xE6FC, 0xE6FC, 0xE6FC, 0xD659, 0x2965, 0xD659, 0xE6FC, 0xE6FC, 0xE6FC, 0xE6FC, 0xE6FC, 0xE6FC,
    0xE6FC, 0xE6FC, 0xE6FC, 0xE6FC, 0xE6FC, 0xE6FC, 0xE6FC, 0xE6FC, 0xE6FC, 0xE6FC, 0xE6FC, 0xE6FC, 0xE6FC, 0xE6FC, 0xE6FC, 0xE6FC,
    0xE6FC, 0xE6FC, 0xE6FC, 0xE6FC, 0xE6FC, 0xE6FC, 0xE6FC, 0xE6FC, 0xE6FC, 0xE6FC, 0xE6FC, 0xE6FC, 0xE6FC, 0xE6FC, 0xE6FC, 0xE6FC,
    0xE6FC, 0xE6FC, 0xE6FC, 0xE6FC, 0xE6FC, 0xE6FC, 0xE6FC, 0xE6FC, 0xE6FC, 0xE6FC, 0xE6FC, 0xE6FC, 0xE6FC, 0x2965, 0x0000, 0x0000,
    0x0000, 0x0000, 0x0000, 0x0000, 0x0000, 0x0000, 0x0000, 0x0000, 0x0000, 0x0000, 0x0000, 0x0000, 0x0000, 0x0000, 0x0000, 0x0000,
    0x0000, 0x0000, 0x0000, 0x0000, 0x0000, 0x0000, 0x0000, 0x0000, 0x0000, 0x0000, 0x0000, 0x0000, 0x0000, 0x0000, 0x0000, 0x0000,
    0x0000, 0x0000, 0x0000, 0x0000, 0x0000, 0x0000, 0x0000, 0x0000, 0x0000, 0x0000, 0x0000, 0x0000, 0x0000, 0x0000, 0x0000, 0x0000,
    0x0000, 0x0000, 0x0000, 0x0000, 0x0000, 0x0000, 0x0000, 0x0000, 0x0000, 0x0000, 0x0000, 0x0000, 0x0000, 0x0000, 0x0000, 0x0000,
    0x0000, 0x0000, 0x0000, 0x0000, 0x0000, 0x0000, 0x0000, 0x0000, 0x0000, 0x0000, 0x0000, 0x0000, 0x0000, 0x0000, 0x0000, 0x0000,
    0x0000, 0x0000, 0x0000, 0x0000, 0x0000, 0x0000, 0x0000, 0x0000, 0x0000, 0x0000, 0x0000, 0x0000, 0x0000, 0x0000, 0x0000, 0x0000,
    0x0000, 0x0000, 0x0000, 0x0000, 0x0000, 0x0000, 0x0000, 0x0000, 0x0000, 0x0000, 0x0000, 0x0000, 0x0000, 0x0000, 0x0000, 0x0000,
    0x0000, 0x0000, 0x0000, 0x0000, 0x0000, 0x0000, 0x0000, 0x0000, 0x0000, 0x0000, 0x0000, 0x0000, 0x0000, 0x0000, 0x0000, 0x0000,
    0x0000, 0x0000, 0x0000, 0x0000, 0x0000, 0x0000, 0x0000, 0x0000, 0x0000, 0x0000, 0x0000, 0x0000, 0x0000, 0x0000, 0x0000, 0x0000,
    0x0000, 0x0000, 0x0000, 0x0000, 0x0000, 0x0000, 0x0000, 0x0000, 0x0000, 0x0000, 0x0000, 0x0000, 0x0000, 0x0000, 0x0000, 0x0000,
    0x0000, 0x0000, 0x0000, 0x0000, 0x0000, 0x0000, 0x0000, 0x0000, 0x0000, 0x0000, 0x0000, 0x0000, 0x0000, 0x0000, 0x0000, 0x0000,
    0x0000, 0x0000, 0x0000, 0x0000, 0x0000, 0x0000, 0x0000, 0x0000, 0x0000, 0x0000, 0x0000, 0x0000, 0x0000, 0x0000, 0x0000, 0xAD55,
    0xE6FC, 0xE6FC, 0xE6FC, 0xE6FC, 0xE6FC, 0xE6FC, 0xE6FC, 0xE6FC, 0xE6FC, 0xE6FC, 0xE6FC, 0xE6FC, 0xE6FC, 0xE6FC, 0xE6FC, 0xE6FC,
    0xE6FC, 0xE6FC, 0xE6FC, 0xE6FC, 0xE6FC, 0xE6FC, 0xE6FC, 0xE6FC, 0xE6FC, 0xE6FC, 0xE6FC, 0xE6FC, 0xE6FC, 0xE6FC, 0xE6FC, 0xE6FC,
    0xE6FC, 0xE6FC, 0xE6FC, 0xE6FC, 0xE6FC, 0xE6FC, 0xE6FC, 0xE6FC, 0xE6FC, 0xE6FC, 0xE6FC, 0xE6FC, 0xE6FC, 0xE6FC, 0xE6FC, 0xE6FC,
    0xE6FC, 0xE6FC, 0xE6FC, 0x4A49, 0x0000, 0x6B4D, 0xE6FC, 0xE6FC, 0xE6FC, 0xE6FC, 0xE6FC, 0xE6FC, 0xE6FC, 0xE6FC, 0xE6FC, 0xE6FC,
    0xE6FC, 0xE6FC, 0xE6FC, 0xE6FC, 0xE6FC, 0xE6FC, 0xE6FC, 0xE6FC, 0xE6FC, 0xE6FC, 0xE6FC, 0xE6FC, 0xE6FC, 0xE6FC, 0xE6FC, 0xE6FC,
    0xE6FC, 0xE6FC, 0xE6FC, 0xE6FC, 0xE6FC, 0xE6FC, 0xE6FC, 0xE6FC, 0xE6FC, 0xE6FC, 0xE6FC, 0xE6FC, 0xE6FC, 0xE6FC, 0xE6FC, 0xE6FC,
    0xE6FC, 0xE6FC, 0xE6FC, 0xE6FC, 0xE6FC, 0xE6FC, 0xE6FC, 0xE6FC, 0xE6FC, 0xAD55, 0x0000, 0x0000, 0x0000, 0x0000, 0x0000, 0x0000,
    0x0000, 0x0000, 0x0000, 0x0000, 0x0000, 0x0000, 0x0000, 0x0000, 0x0000, 0x0000, 0x0000, 0x0000, 0x0000, 0x0000, 0x0000, 0x0000,
    0x0000, 0x0000, 0x0000, 0x0000, 0x0000, 0x0000, 0x0000, 0x0000, 0x0000, 0x0000, 0x0000, 0x0000, 0x0000, 0x0000, 0x0000, 0x0000,
    0x0000, 0x0000, 0x0000, 0x0000, 0x0000, 0x0000, 0x0000, 0x0000, 0x0000, 0x0000, 0x0000, 0x0000, 0x0000, 0x0000, 0x0000, 0x0000,
    0x0000, 0x0000, 0x0000, 0x0000, 0x0000, 0x0000, 0x0000, 0x0000, 0x0000, 0x0000, 0x0000, 0x0000, 0x0000, 0x0000, 0x0000, 0x0000,
    0x0000, 0x0000, 0x0000, 0x0000, 0x0000, 0x0000, 0x0000, 0x0000, 0x0000, 0x0000, 0x0000, 0x0000, 0x0000, 0x0000, 0x0000, 0x0000,
    0x0000, 0x0000, 0x0000, 0x0000, 0x0000, 0x0000, 0x0000, 0x0000, 0x0000, 0x0000, 0x0000, 0x0000, 0x0000, 0x0000, 0x0000, 0x0000,
    0x0000, 0x0000, 0x0000, 0x0000, 0x0000, 0x0000, 0x0000, 0x0000, 0x0000, 0x0000, 0x0000, 0x0000, 0x0000, 0x0000, 0x0000, 0x0000,
    0x0000, 0x0000, 0x0000, 0x0000, 0x0000, 0x0000, 0x0000, 0x0000, 0x0000, 0x0000, 0x0000, 0x0000, 0x0000, 0x0000, 0x0000, 0x0000,
    0x0000, 0x0000, 0x0000, 0x0000, 0x0000, 0x0000, 0x0000, 0x0000, 0x0000, 0x0000, 0x0000, 0x0000, 0x0000, 0x0000, 0x0000, 0x0000,
    0x0000, 0x0000, 0x0000, 0x0000, 0x0000, 0x0000, 0x0000, 0x0000, 0x0000, 0x0000, 0x0000, 0x0000, 0x0000, 0x0000, 0x0000, 0x0000,
    0x0000, 0x0000, 0x0000, 0x0000, 0x0000, 0x0000, 0x0000, 0x0000, 0x0000, 0x0000, 0x0000, 0x0000, 0x0000, 0x0000, 0x0000, 0x0000,
    0x0000, 0x0000, 0x0000, 0x0000, 0x0000, 0x0000, 0x0000, 0x0000, 0x0000, 0x0000, 0x6B4D, 0xE6FC, 0xE6FC, 0xE6FC, 0xE6FC, 0xE6FC,
    0xE6FC, 0xE6FC, 0xE6FC, 0xE6FC, 0xE6FC, 0xE6FC, 0xE6FC, 0xE6FC, 0xE6FC, 0xE6FC, 0xE6FC, 0xE6FC, 0xE6FC, 0xE6FC, 0xE6FC, 0xE6FC,
    0xE6FC, 0xE6FC, 0xE6FC, 0xE6FC, 0xE6FC, 0xE6FC, 0xE6FC, 0xE6FC, 0xE6FC, 0xE6FC, 0xE6FC, 0xE6FC, 0xE6FC, 0xE6FC, 0xE6FC, 0xE6FC,
    0xE6FC, 0xE6FC, 0xE6FC, 0xE6FC, 0xE6FC, 0xE6FC, 0xE6FC, 0xE6FC, 0xE6FC, 0xE6FC, 0xE6FC, 0xE6FC, 0xE6FC, 0xE6FC, 0x9CD3, 0x0000,
    0x0000, 0x0000, 0xAD55, 0xE6FC, 0xE6FC, 0xE6FC, 0xE6FC, 0xE6FC, 0xE6FC, 0xE6FC, 0xE6FC, 0xE6FC, 0xE6FC, 0xE6FC, 0xE6FC, 0xE6FC,
    0xE6FC, 0xE6FC, 0xE6FC, 0xE6FC, 0xE6FC, 0xE6FC, 0xE6FC, 0xE6FC, 0xE6FC, 0xE6FC, 0xE6FC, 0xE6FC, 0xE6FC, 0xE6FC, 0xE6FC, 0xE6FC,
    0xE6FC, 0xE6FC, 0xE6FC, 0xE6FC, 0xE6FC, 0xE6FC, 0xE6FC, 0xE6FC, 0xE6FC, 0xE6FC, 0xE6FC, 0xE6FC, 0xE6FC, 0xE6FC, 0xE6FC, 0xE6FC,
    0xE6FC, 0xE6FC, 0xE6FC, 0xE6FC, 0xE6FC, 0xE6FC, 0x6B4D, 0x0000, 0x0000, 0x0000, 0x0000, 0x0000, 0x0000, 0x0000, 0x0000, 0x0000,
    0x0000, 0x0000, 0x0000, 0x0000, 0x0000, 0x0000, 0x0000, 0x0000, 0x0000, 0x0000, 0x0000, 0x0000, 0x0000, 0x0000, 0x0000, 0x0000,
    0x0000, 0x0000, 0x0000, 0x0000, 0x0000, 0x0000, 0x0000, 0x0000, 0x0000, 0x0000, 0x0000, 0x0000, 0x0000, 0x0000, 0x0000, 0x0000,
    0x0000, 0x0000, 0x0000, 0x0000, 0x0000, 0x0000, 0x0000, 0x0000, 0x0000, 0x0000, 0x0000, 0x0000, 0x0000, 0x0000, 0x0000, 0x0000,
    0x0000, 0x0000, 0x0000, 0x0000, 0x0000, 0x0000, 0x0000, 0x0000, 0x0000, 0x0000, 0x0000, 0x0000, 0x0000, 0x0000, 0x0000, 0x0000,
    0x0000, 0x0000, 0x0000, 0x0000, 0x0000, 0x0000, 0x0000, 0x0000, 0x0000, 0x0000, 0x0000, 0x0000, 0x0000, 0x0000, 0x0000, 0x0000,
    0x0000, 0x0000, 0x0000, 0x0000, 0x0000, 0x0000, 0x0000, 0x0000, 0x0000, 0x0000, 0x0000, 0x0000, 0x0000, 0x0000, 0x0000, 0x0000,
    0x0000, 0x0000, 0x0000, 0x0000, 0x0000, 0x0000, 0x0000, 0x0000, 0x0000, 0x0000, 0x0000, 0x0000, 0x0000, 0x0000, 0x0000, 0x0000,
    0x0000, 0x0000, 0x0000, 0x0000, 0x0000, 0x0000, 0x0000, 0x0000, 0x0000, 0x0000, 0x0000, 0x0000, 0x0000, 0x0000, 0x0000, 0x0000,
    0x0000, 0x0000, 0x0000, 0x0000, 0x0000, 0x0000, 0x0000, 0x0000, 0x0000, 0x0000, 0x0000, 0x0000, 0x0000, 0x0000, 0x0000, 0x0000,
    0x0000, 0x0000, 0x0000, 0x0000, 0x0000, 0x0000, 0x0000, 0x0000, 0x0000, 0x0000, 0x0000, 0x0000, 0x0000, 0x0000, 0x0000, 0x0000,
    0x0000, 0x0000, 0x0000, 0x0000, 0x0000, 0x0000, 0x0000, 0x0000, 0x0000, 0x0000, 0x0000, 0x0000, 0x0000, 0x0000, 0x0000, 0x0000,
    0x0000, 0x0000, 0x0000, 0x0000, 0x0000, 0x2965, 0xE6FC, 0xE6FC, 0xE6FC, 0xE6FC, 0xE6FC, 0xE6FC, 0xE6FC, 0xE6FC, 0xE6FC, 0xE6FC,
    0xE6FC, 0xE6FC, 0xE6FC, 0xE6FC, 0xE6FC, 0xE6FC, 0xE6FC, 0xE6FC, 0xE6FC, 0xE6FC, 0xE6FC, 0xE6FC, 0xE6FC, 0xE6FC, 0xE6FC, 0xE6FC,
    0xE6FC, 0xE6FC, 0xE6FC, 0xE6FC, 0xE6FC, 0xE6FC, 0xE6FC, 0xE6FC, 0xE6FC, 0xE6FC, 0xE6FC, 0xE6FC, 0xE6FC, 0xE6FC, 0xE6FC, 0xE6FC,
    0xE6FC, 0xE6FC, 0xE6FC, 0xE6FC, 0xE6FC, 0xE6FC, 0xE6FC, 0xE6FC, 0xE6FC, 0xD659, 0x0000, 0x0000, 0x0000, 0x0000, 0x2965, 0xD659,
    0xE6FC, 0xE6FC, 0xE6FC, 0xE6FC, 0xE6FC, 0xE6FC, 0xE6FC, 0xE6FC, 0xE6FC, 0xE6FC, 0xE6FC, 0xE6FC, 0xE6FC, 0xE6FC, 0xE6FC, 0xE6FC,
    0xE6FC, 0xE6FC, 0xE6FC, 0xE6FC, 0xE6FC, 0xE6FC, 0xE6FC, 0xE6FC, 0xE6FC, 0xE6FC, 0xE6FC, 0xE6FC, 0xE6FC, 0xE6FC, 0xE6FC, 0xE6FC,
    0xE6FC, 0xE6FC, 0xE6FC, 0xE6FC, 0xE6FC, 0xE6FC, 0xE6FC, 0xE6FC, 0xE6FC, 0xE6FC, 0xE6FC, 0xE6FC, 0xE6FC, 0xE6FC, 0xE6FC, 0xE6FC,
    0xE6FC, 0xE6FC, 0xD659, 0x2965, 0x0000, 0x0000, 0x0000, 0x0000, 0x0000, 0x0000, 0x0000, 0x0000, 0x0000, 0x0000, 0x0000, 0x0000,
    0x0000, 0x0000, 0x0000, 0x0000, 0x0000, 0x0000, 0x0000, 0x0000, 0x0000, 0x0000, 0x0000, 0x0000, 0x0000, 0x0000, 0x0000, 0x0000,
    0x0000, 0x0000, 0x0000, 0x0000, 0x0000, 0x0000, 0x0000, 0x0000, 0x0000, 0x0000, 0x0000, 0x0000, 0x0000, 0x0000, 0x0000, 0x0000,
    0x0000, 0x0000, 0x0000, 0x0000, 0x0000, 0x0000, 0x0000, 0x0000, 0x0000, 0x0000, 0x0000, 0x0000, 0x0000, 0x0000, 0x0000, 0x0000,
    0x0000, 0x0000, 0x0000, 0x0000, 0x0000, 0x0000, 0x0000, 0x0000, 0x0000, 0x0000, 0x0000, 0x0000, 0x0000, 0x0000, 0x0000, 0x0000,
    0x0000, 0x0000, 0x0000, 0x0000, 0x0000, 0x0000, 0x0000, 0x0000, 0x0000, 0x0000, 0x0000, 0x0000, 0x0000, 0x0000, 0x0000, 0x0000,
    0x0000, 0x0000, 0x0000, 0x0000, 0x0000, 0x0000, 0x0000, 0x0000, 0x0000, 0x0000, 0x0000, 0x0000, 0x0000, 0x0000, 0x0000, 0x0000,
    0x0000, 0x0000, 0x0000, 0x0000, 0x0000, 0x0000, 0x0000, 0x0000, 0x0000, 0x0000, 0x0000, 0x0000, 0x0000, 0x0000, 0x0000, 0x0000,
    0x0000, 0x0000, 0x0000, 0x0000, 0x0000, 0x0000, 0x0000, 0x0000, 0x0000, 0x0000, 0x0000, 0x0000, 0x0000, 0x0000, 0x0000, 0x0000,
    0x0000, 0x0000, 0x0000, 0x0000, 0x0000, 0x0000, 0x0000, 0x0000, 0x0000, 0x0000, 0x0000, 0x0000, 0x0000, 0x0000, 0x0000, 0x0000,
    0x0000, 0x0000, 0x0000, 0x0000, 0x0000, 0x0000, 0x0000, 0x0000, 0x0000, 0x0000, 0x0000, 0x0000, 0x0000, 0x0000, 0x0000, 0x0000,
    0x0000, 0x0000, 0x0000, 0x0000, 0x0000, 0x0000, 0x0000, 0x0000, 0x0000, 0x0000, 0x0000, 0x0000, 0x0000, 0x0000, 0x0000, 0x0000,
    0x0000, 0xAD55, 0xE6FC, 0xE6FC, 0xE6FC, 0xE6FC, 0xE6FC, 0xE6FC, 0xE6FC, 0xE6FC, 0xE6FC, 0xE6FC, 0xE6FC, 0xE6FC, 0xE6FC, 0xE6FC,
    0xE6FC, 0xE6FC, 0xE6FC, 0xE6FC, 0xE6FC, 0xE6FC, 0xE6FC, 0xE6FC, 0xE6FC, 0xE6FC, 0xE6FC, 0xE6FC, 0xE6FC, 0xE6FC, 0xE6FC, 0xE6FC,
    0xE6FC, 0xE6FC, 0xE6FC, 0xE6FC, 0xE6FC, 0xE6FC, 0xE6FC, 0xE6FC, 0xE6FC, 0xE6FC, 0xE6FC, 0xE6FC, 0xE6FC, 0xE6FC, 0xE6FC, 0xE6FC,
    0xE6FC, 0xE6FC, 0xE6FC, 0xE6FC, 0xE6FC, 0x4A49, 0x0000, 0x0000, 0x0000, 0x0000, 0x0000, 0x6B4D, 0xE6FC, 0xE6FC, 0xE6FC, 0xE6FC,
    0xE6FC, 0xE6FC, 0xE6FC, 0xE6FC, 0xE6FC, 0xE6FC, 0xE6FC, 0xE6FC, 0xE6FC, 0xE6FC, 0xE6FC, 0xE6FC, 0xE6FC, 0xE6FC, 0xE6FC, 0xE6FC,
    0xE6FC, 0xE6FC, 0xE6FC, 0xE6FC, 0xE6FC, 0xE6FC, 0xE6FC, 0xE6FC, 0xE6FC, 0xE6FC, 0xE6FC, 0xE6FC, 0xE6FC, 0xE6FC, 0xE6FC, 0xE6FC,
    0xE6FC, 0xE6FC, 0xE6FC, 0xE6FC, 0xE6FC, 0xE6FC, 0xE6FC, 0xE6FC, 0xE6FC, 0xE6FC, 0xE6FC, 0xE6FC, 0xE6FC, 0xE6FC, 0xE6FC, 0xAD55,
    0x0000, 0x0000, 0x0000, 0x0000, 0x0000, 0x0000, 0x0000, 0x0000, 0x0000, 0x0000, 0x0000, 0x0000, 0x0000, 0x0000, 0x0000, 0x0000,
    0x0000, 0xA88B, 0xA88B, 0xA88B, 0xA88B, 0xA88B, 0xA88B, 0xA88B, 0xA88B, 0xA88B, 0xA88B, 0xA88B, 0xA88B, 0xA88B, 0xA88B, 0xA88B,
    0xA88B, 0xA88B, 0xA88B, 0xA88B, 0xA88B, 0xA88B, 0xA88B, 0xA88B, 0xA88B, 0xA88B, 0xA88B, 0xA88B, 0xA88B, 0xA88B, 0xA88B, 0xA88B,
    0xA88B, 0xA88B, 0xA88B, 0xA88B, 0xA88B, 0xA88B, 0xA88B, 0xA88B, 0xA88B, 0xA88B, 0xA88B, 0xA88B, 0xA88B, 0xA88B, 0xA88B, 0xA88B,
    0xA88B, 0xA88B, 0xA88B, 0xA88B, 0xA88B, 0xA88B, 0xA88B, 0xA88B, 0xA88B, 0xA88B, 0xA88B, 0xA88B, 0xA88B, 0xA88B, 0xA88B, 0xA88B,
    0xA88B, 0xA88B, 0xA88B, 0xA88B, 0xA88B, 0xA88B, 0xA88B, 0xA88B, 0xA88B, 0xA88B, 0xA88B, 0xA88B, 0xA88B, 0xA88B, 0xA88B, 0xA88B,
    0xA88B, 0xA88B, 0xA88B, 0xA88B, 0xA88B, 0xA88B, 0xA88B, 0xA88B, 0xA88B, 0xA88B, 0xA88B, 0xA88B, 0xA88B, 0xA88B, 0xA88B, 0xA88B,
    0xA88B, 0xA88B, 0xA88B, 0xA88B, 0xA88B, 0xA88B, 0xA88B, 0xA88B, 0xA88B, 0xA88B, 0xA88B, 0xA88B, 0xA88B, 0xA88B, 0xA88B, 0xA88B,
    0xA88B, 0xA88B, 0xA88B, 0xA88B, 0xA88B, 0xA88B, 0xA88B, 0xA88B, 0xA88B, 0xA88B, 0xA88B, 0xA88B, 0xA88B, 0xA88B, 0xA88B, 0xA88B,
    0xA88B, 0xA88B, 0xA88B, 0xA88B, 0xA88B, 0xA88B, 0xA88B, 0xA88B, 0xA88B, 0xA88B, 0xA88B, 0xA88B, 0xA88B, 0xA88B, 0xA88B, 0xA88B,
    0xA88B, 0xA88B, 0xA88B, 0xA88B, 0xA88B, 0xA88B, 0xA88B, 0xA88B, 0xA88B, 0xA88B, 0xA88B, 0x3023, 0x0000, 0x0000, 0x0000, 0x0000,
    0x0000, 0x0000, 0x0000, 0x0000, 0x0000, 0x0000, 0x0000, 0x0000, 0x0000, 0x0000, 0x0000, 0x0000, 0x6B4D, 0xE6FC, 0xE6FC, 0xE6FC,
    0xE6FC, 0xE6FC, 0xE6FC, 0xE6FC, 0xE6FC, 0xE6FC, 0xE6FC, 0xE6FC, 0xE6FC, 0xE6FC, 0xE6FC, 0xE6FC, 0xE6FC, 0xE6FC, 0xE6FC, 0xE6FC,
    0xE6FC, 0xE6FC, 0xE6FC, 0xE6FC, 0xE6FC, 0xE6FC, 0xE6FC, 0xE6FC, 0xE6FC, 0xE6FC, 0xE6FC, 0xE6FC, 0xE6FC, 0xE6FC, 0xE6FC, 0xE6FC,
    0xE6FC, 0xE6FC, 0xE6FC, 0xE6FC, 0xE6FC, 0xE6FC, 0xE6FC, 0xE6FC, 0xE6FC, 0xE6FC, 0xE6FC, 0xE6FC, 0xE6FC, 0xE6FC, 0xE6FC, 0xE6FC,
    0x9CD3, 0x0000, 0x0000, 0x0000, 0x0000, 0x0000, 0x0000, 0x0000, 0xAD55, 0xE6FC, 0xE6FC, 0xE6FC, 0xE6FC, 0xE6FC, 0xE6FC, 0xE6FC,
    0xE6FC, 0xE6FC, 0xE6FC, 0xE6FC, 0xE6FC, 0xE6FC, 0xE6FC, 0xE6FC, 0xE6FC, 0xE6FC, 0xE6FC, 0xE6FC, 0xE6FC, 0xE6FC, 0xE6FC, 0xE6FC,
    0xE6FC, 0xE6FC, 0xE6FC, 0xE6FC, 0xE6FC, 0xE6FC, 0xE6FC, 0xE6FC, 0xE6FC, 0xE6FC, 0xE6FC, 0xE6FC, 0xE6FC, 0xE6FC, 0xE6FC, 0xE6FC,
    0xE6FC, 0xE6FC, 0xE6FC, 0xE6FC, 0xE6FC, 0xE6FC, 0xE6FC, 0xE6FC, 0xE6FC, 0xE6FC, 0xE6FC, 0xE6FC, 0x4A49, 0x0000, 0x0000, 0x0000,
    0x0000, 0x0000, 0x0000, 0x0000, 0x0000, 0x0000, 0x0000, 0x0000, 0x0000, 0x0000, 0x0000, 0x0000, 0x0000, 0x7067, 0xE8AF, 0xE8AF,
    0xE8AF, 0xE8AF, 0xE8AF, 0xE8AF, 0xE8AF, 0xE8AF, 0xE8AF, 0xE8AF, 0xE8AF, 0xE8AF, 0xE8AF, 0xE8AF, 0xE8AF, 0xE8AF, 0xE8AF, 0xE8AF,
    0xE8AF, 0xE8AF, 0xE8AF, 0xE8AF, 0xE8AF, 0xE8AF, 0xE8AF, 0xE8AF, 0xE8AF, 0xE8AF, 0xE8AF, 0xE8AF, 0xE8AF, 0xE8AF, 0xE8AF, 0xE8AF,
    0xE8AF, 0xE8AF, 0xE8AF, 0xE8AF, 0xE8AF, 0xE8AF, 0xE8AF, 0xE8AF, 0xE8AF, 0xE8AF, 0xE8AF, 0xE8AF, 0xE8AF, 0xE8AF, 0xE8AF, 0xE8AF,
    0xE8AF, 0xE8AF, 0xE8AF, 0xE8AF, 0xE8AF, 0xE8AF, 0xE8AF, 0xE8AF, 0xE8AF, 0xE8AF, 0xE8AF, 0xE8AF, 0xE8AF, 0xE8AF, 0xE8AF, 0xE8AF,
    0xE8AF, 0xE8AF, 0xE8AF, 0xE8AF, 0xE8AF, 0xE8AF, 0xE8AF, 0xE8AF, 0xE8AF, 0xE8AF, 0xE8AF, 0xE8AF, 0xE8AF, 0xE8AF, 0xE8AF, 0xE8AF,
    0xE8AF, 0xE8AF, 0xE8AF, 0xE8AF, 0xE8AF, 0xE8AF, 0xE8AF, 0xE8AF, 0xE8AF, 0xE8AF, 0xE8AF, 0xE8AF, 0xE8AF, 0xE8AF, 0xE8AF, 0xE8AF,
    0xE8AF, 0xE8AF, 0xE8AF, 0xE8AF, 0xE8AF, 0xE8AF, 0xE8AF, 0xE8AF, 0xE8AF, 0xE8AF, 0xE8AF, 0xE8AF, 0xE8AF, 0xE8AF, 0xE8AF, 0xE8AF,
    0xE8AF, 0xE8AF, 0xE8AF, 0xE8AF, 0xE8AF, 0xE8AF, 0xE8AF, 0xE8AF, 0xE8AF, 0xE8AF, 0xE8AF, 0xE8AF, 0xE8AF, 0xE8AF, 0xE8AF, 0xE8AF,
    0xE8AF, 0xE8AF, 0xE8AF, 0xE8AF, 0xE8AF, 0xE8AF, 0xE8AF, 0xE8AF, 0xE8AF, 0xE8AF, 0xE8AF, 0xE8AF, 0xE8AF, 0xE8AF, 0xE8AF, 0xE8AF,
    0xE8AF, 0xE8AF, 0xE8AF, 0xE8AF, 0xE8AF, 0xE8AF, 0xA88B, 0x0000, 0x0000, 0x0000, 0x0000, 0x0000, 0x0000, 0x0000, 0x0000, 0x0000,
    0x0000, 0x0000, 0x0000, 0x0000, 0x0000, 0x0000, 0x0000, 0x0000, 0xD659, 0xE6FC, 0xE6FC, 0xE6FC, 0xE6FC, 0xE6FC, 0xE6FC, 0xE6FC,
    0xE6FC, 0xE6FC, 0xE6FC, 0xE6FC, 0xE6FC, 0xE6FC, 0xE6FC, 0xE6FC, 0xE6FC, 0xE6FC, 0xE6FC, 0xE6FC, 0xE6FC, 0xE6FC, 0xE6FC, 0xE6FC,
    0xE6FC, 0xE6FC, 0xE6FC, 0xE6FC, 0xE6FC, 0xE6FC, 0xE6FC, 0xE6FC, 0xE6FC, 0xE6FC, 0xE6FC, 0xE6FC, 0xE6FC, 0xE6FC, 0xE6FC, 0xE6FC,
    0xE6FC, 0xE6FC, 0xE6FC, 0xE6FC, 0xE6FC, 0xE6FC, 0xE6FC, 0xE6FC, 0xE6FC, 0xE6FC, 0xE6FC, 0xD659, 0x0000, 0x0000, 0x0000, 0x0000,
    0x0000, 0x0000, 0x0000, 0x0000, 0x2965, 0xD659, 0xE6FC, 0xE6FC, 0xE6FC, 0xE6FC, 0xE6FC, 0xE6FC, 0xE6FC, 0xE6FC, 0xE6FC, 0xE6FC,
    0xE6FC, 0xE6FC, 0xE6FC, 0xE6FC, 0xE6FC, 0xE6FC, 0xE6FC, 0xE6FC, 0xE6FC, 0xE6FC, 0xE6FC, 0xE6FC, 0xE6FC, 0xE6FC, 0xE6FC, 0xE6FC,
    0xE6FC, 0xE6FC, 0xE6FC, 0xE6FC, 0xE6FC, 0xE6FC, 0xE6FC, 0xE6FC, 0xE6FC, 0xE6FC, 0xE6FC, 0xE6FC, 0xE6FC, 0xE6FC, 0xE6FC, 0xE6FC,
    0xE6FC, 0xE6FC, 0xE6FC, 0xE6FC, 0xE6FC, 0xE6FC, 0xE6FC, 0xE6FC, 0xD659, 0x0000, 0x0000, 0x0000, 0x0000, 0x0000, 0x0000, 0x0000,
    0x0000, 0x0000, 0x0000, 0x0000, 0x0000, 0x0000, 0x0000, 0x0000, 0x0000, 0x0000, 0xE8AF, 0xE8AF, 0xE8AF, 0xE8AF, 0xE8AF, 0xE8AF,
    0xE8AF, 0xE8AF, 0xE8AF, 0xE8AF, 0xE8AF, 0xE8AF, 0xE8AF, 0xE8AF, 0xE8AF, 0xE8AF, 0xE8AF, 0xE8AF, 0xE8AF, 0xE8AF, 0xE8AF, 0xE8AF,
    0xE8AF, 0xE8AF, 0xE8AF, 0xE8AF, 0xE8AF, 0xE8AF, 0xE8AF, 0xE8AF, 0xE8AF, 0xE8AF, 0xE8AF, 0xE8AF, 0xE8AF, 0xE8AF, 0xE8AF, 0xE8AF,
    0xE8AF, 0xE8AF, 0xE8AF, 0xE8AF, 0xE8AF, 0xE8AF, 0xE8AF, 0xE8AF, 0xE8AF, 0xE8AF, 0xE8AF, 0xE8AF, 0xE8AF, 0xE8AF, 0xE8AF, 0xE8AF,
    0xE8AF, 0xE8AF, 0xE8AF, 0xE8AF, 0xE8AF, 0xE8AF, 0xE8AF, 0xE8AF, 0xE8AF, 0xE8AF, 0xE8AF, 0xE8AF, 0xE8AF, 0xE8AF, 0xE8AF, 0xE8AF,
    0xE8AF, 0xE8AF, 0xE8AF, 0xE8AF, 0xE8AF, 0xE8AF, 0xE8AF, 0xE8AF, 0xE8AF, 0xE8AF, 0xE8AF, 0xE8AF, 0xE8AF, 0xE8AF, 0xE8AF, 0xE8AF,
    0xE8AF, 0xE8AF, 0xE8AF, 0xE8AF, 0xE8AF, 0xE8AF, 0xE8AF, 0xE8AF, 0xE8AF, 0xE8AF, 0xE8AF, 0xE8AF, 0xE8AF, 0xE8AF, 0xE8AF, 0xE8AF,
    0xE8AF, 0xE8AF, 0xE8AF, 0xE8AF, 0xE8AF, 0xE8AF, 0xE8AF, 0xE8AF, 0xE8AF, 0xE8AF, 0xE8AF, 0xE8AF, 0xE8AF, 0xE8AF, 0xE8AF, 0xE8AF,
    0xE8AF, 0xE8AF, 0xE8AF, 0xE8AF, 0xE8AF, 0xE8AF, 0xE8AF, 0xE8AF, 0xE8AF, 0xE8AF, 0xE8AF, 0xE8AF, 0xE8AF, 0xE8AF, 0xE8AF, 0xE8AF,
    0xE8AF, 0xE8AF, 0xE8AF, 0xE8AF, 0xE8AF, 0xE8AF, 0xE8AF, 0xE8AF, 0xE8AF, 0xE8AF, 0xE8AF, 0xE8AF, 0xE8AF, 0xE8AF, 0xE8AF, 0xE8AF,
    0xE8AF, 0xE8AF, 0x3023, 0x0000, 0x0000, 0x0000, 0x0000, 0x0000, 0x0000, 0x0000, 0x0000, 0x0000, 0x0000, 0x0000, 0x0000, 0x0000,
    0x0000, 0x0000, 0x0000, 0x9CD3, 0xE6FC, 0xE6FC, 0xE6FC, 0xE6FC, 0xE6FC, 0xE6FC, 0xE6FC, 0xE6FC, 0xE6FC, 0xE6FC, 0xE6FC, 0xE6FC,
    0xE6FC, 0xE6FC, 0xE6FC, 0xE6FC, 0xE6FC, 0xE6FC, 0xE6FC, 0xE6FC, 0xE6FC, 0xE6FC, 0xE6FC, 0xE6FC, 0xE6FC, 0xE6FC, 0xE6FC, 0xE6FC,
    0xE6FC, 0xE6FC, 0xE6FC, 0xE6FC, 0xE6FC, 0xE6FC, 0xE6FC, 0xE6FC, 0xE6FC, 0xE6FC, 0xE6FC, 0xE6FC, 0xE6FC, 0xE6FC, 0xE6FC, 0xE6FC,
    0xE6FC, 0xE6FC, 0xE6FC, 0xE6FC, 0xE6FC, 0xE6FC, 0xE6FC, 0x4A49, 0x0000, 0x0000, 0x0000, 0x0000, 0x0000, 0x0000, 0x0000, 0x0000,
    0x0000, 0x6B4D, 0xE6FC, 0xE6FC, 0xE6FC, 0xE6FC, 0xE6FC, 0xE6FC, 0xE6FC, 0xE6FC, 0xE6FC, 0xE6FC, 0xE6FC, 0xE6FC, 0xE6FC, 0xE6FC,
    0xE6FC, 0xE6FC, 0xE6FC, 0xE6FC, 0xE6FC, 0xE6FC, 0xE6FC, 0xE6FC, 0xE6FC, 0xE6FC, 0xE6FC, 0xE6FC, 0xE6FC, 0xE6FC, 0xE6FC, 0xE6FC,
    0xE6FC, 0xE6FC, 0xE6FC, 0xE6FC, 0xE6FC, 0xE6FC, 0xE6FC, 0xE6FC, 0xE6FC, 0xE6FC, 0xE6FC, 0xE6FC, 0xE6FC, 0xE6FC, 0xE6FC, 0xE6FC,
    0xE6FC, 0xE6FC, 0xE6FC, 0xE6FC, 0xE6FC, 0x8C51, 0x0000, 0x0000, 0x0000, 0x0000, 0x0000, 0x0000, 0x0000, 0x0000, 0x0000, 0x0000,
    0x0000, 0x0000, 0x0000, 0x0000, 0x0000, 0x0000, 0x3023, 0xE8AF, 0xE8AF, 0xE8AF, 0xE8AF, 0xE8AF, 0xE8AF, 0xE8AF, 0xE8AF, 0xE8AF,
    0xE8AF, 0xE8AF, 0xE8AF, 0xE8AF, 0xE8AF, 0xE8AF, 0xE8AF, 0xE8AF, 0xE8AF, 0xE8AF, 0xE8AF, 0xE8AF, 0xE8AF, 0xE8AF, 0xE8AF, 0xE8AF,
    0xE8AF, 0xE8AF, 0xE8AF, 0xE8AF, 0xE8AF, 0xE8AF, 0xE8AF, 0xE8AF, 0xE8AF, 0xE8AF, 0xE8AF, 0xE8AF, 0xE8AF, 0xE8AF, 0xE8AF, 0xE8AF,
    0xE8AF, 0xE8AF, 0xE8AF, 0xE8AF, 0xE8AF, 0xE8AF, 0xE8AF, 0xE8AF, 0xE8AF, 0xE8AF, 0xE8AF, 0xE8AF, 0xE8AF, 0xE8AF, 0xE8AF, 0xE8AF,
    0xE8AF, 0xE8AF, 0xE8AF, 0xE8AF, 0xE8AF, 0xE8AF, 0xE8AF, 0xE8AF, 0xE8AF, 0xE8AF, 0xE8AF, 0xE8AF, 0xE8AF, 0xE8AF, 0xE8AF, 0xE8AF,
    0xE8AF, 0xE8AF, 0xE8AF, 0xE8AF, 0xE8AF, 0xE8AF, 0xE8AF, 0xE8AF, 0xE8AF, 0xE8AF, 0xE8AF, 0xE8AF, 0xE8AF, 0xE8AF, 0xE8AF, 0xE8AF,
    0xE8AF, 0xE8AF, 0xE8AF, 0xE8AF, 0xE8AF, 0xE8AF, 0xE8AF, 0xE8AF, 0xE8AF, 0xE8AF, 0xE8AF, 0xE8AF, 0xE8AF, 0xE8AF, 0xE8AF, 0xE8AF,
    0xE8AF, 0xE8AF, 0xE8AF, 0xE8AF, 0xE8AF, 0xE8AF, 0xE8AF, 0xE8AF, 0xE8AF, 0xE8AF, 0xE8AF, 0xE8AF, 0xE8AF, 0xE8AF, 0xE8AF, 0xE8AF,
    0xE8AF, 0xE8AF, 0xE8AF, 0xE8AF, 0xE8AF, 0xE8AF, 0xE8AF, 0xE8AF, 0xE8AF, 0xE8AF, 0xE8AF, 0xE8AF, 0xE8AF, 0xE8AF, 0xE8AF, 0xE8AF,
    0xE8AF, 0xE8AF, 0xE8AF, 0xE8AF, 0xE8AF, 0xE8AF, 0xE8AF, 0xE8AF, 0xE8AF, 0xE8AF, 0xE8AF, 0xE8AF, 0xE8AF, 0x7067, 0x0000, 0x0000,
    0x0000, 0x0000, 0x0000, 0x0000, 0x0000, 0x0000, 0x0000, 0x0000, 0x0000, 0x0000, 0x0000, 0x0000, 0x0000, 0x0000, 0x2965, 0xE6FC,
    0xE6FC, 0xE6FC, 0xE6FC, 0xE6FC, 0xE6FC, 0xE6FC, 0xE6FC, 0xE6FC, 0xE6FC, 0xE6FC, 0xE6FC, 0xE6FC, 0xE6FC, 0xE6FC, 0xE6FC, 0xE6FC,
    0xE6FC, 0xE6FC, 0xE6FC, 0xE6FC, 0xE6FC, 0xE6FC, 0xE6FC, 0xE6FC, 0xE6FC, 0xE6FC, 0xE6FC, 0xE6FC, 0xE6FC, 0xE6FC, 0xE6FC, 0xE6FC,
    0xE6FC, 0xE6FC, 0xE6FC, 0xE6FC, 0xE6FC, 0xE6FC, 0xE6FC, 0xE6FC, 0xE6FC, 0xE6FC, 0xE6FC, 0xE6FC, 0xE6FC, 0xE6FC, 0xE6FC, 0xE6FC,
    0xE6FC, 0xE6FC, 0x9CD3, 0x0000, 0x0000, 0x0000, 0x0000, 0x0000, 0x0000, 0x0000, 0x0000, 0x0000, 0x0000, 0x0000, 0xAD55, 0xE6FC,
    0xE6FC, 0xE6FC, 0xE6FC, 0xE6FC, 0xE6FC, 0xE6FC, 0xE6FC, 0xE6FC, 0xE6FC, 0xE6FC, 0xE6FC, 0xE6FC, 0xE6FC, 0xE6FC, 0xE6FC, 0xE6FC,
    0xE6FC, 0xE6FC, 0xE6FC, 0xE6FC, 0xE6FC, 0xE6FC, 0xE6FC, 0xE6FC, 0xE6FC, 0xE6FC, 0xE6FC, 0xE6FC, 0xE6FC, 0xE6FC, 0xE6FC, 0xE6FC,
    0xE6FC, 0xE6FC, 0xE6FC, 0xE6FC, 0xE6FC, 0xE6FC, 0xE6FC, 0xE6FC, 0xE6FC, 0xE6FC, 0xE6FC, 0xE6FC, 0xE6FC, 0xE6FC, 0xE6FC, 0xE6FC,
    0xE6FC, 0xE6FC, 0x2965, 0x0000, 0x0000, 0x0000, 0x0000, 0x0000, 0x0000, 0x0000, 0x0000, 0x0000, 0x0000, 0x0000, 0x0000, 0x0000,
    0x0000, 0x0000, 0x0000, 0xA88B, 0xE8AF, 0xE8AF, 0xE8AF, 0xE8AF, 0xE8AF, 0xE8AF, 0xE8AF, 0xE8AF, 0xE8AF, 0xE8AF, 0xE8AF, 0xE8AF,
    0xE8AF, 0xE8AF, 0xE8AF, 0xE8AF, 0xE8AF, 0xE8AF, 0xE8AF, 0xE8AF, 0xE8AF, 0xE8AF, 0xE8AF, 0xE8AF, 0xE8AF, 0xE8AF, 0xE8AF, 0xE8AF,
    0xE8AF, 0xE8AF, 0xE8AF, 0xE8AF, 0xE8AF, 0xE8AF, 0xE8AF, 0xE8AF, 0xE8AF, 0xE8AF, 0xE8AF, 0xE8AF, 0xE8AF, 0xE8AF, 0xE8AF, 0xE8AF,
    0xE8AF, 0xE8AF, 0xE8AF, 0xE8AF, 0xE8AF, 0xE8AF, 0xE8AF, 0xE8AF, 0xE8AF, 0xE8AF, 0xE8AF, 0xE8AF, 0xE8AF, 0xE8AF, 0xE8AF, 0xE8AF,
    0xE8AF, 0xE8AF, 0xE8AF, 0xE8AF, 0xE8AF, 0xE8AF, 0xE8AF, 0xE8AF, 0xE8AF, 0xE8AF, 0xE8AF, 0xE8AF, 0xE8AF, 0xE8AF, 0xE8AF, 0xE8AF,
    0xE8AF, 0xE8AF, 0xE8AF, 0xE8AF, 0xE8AF, 0xE8AF, 0xE8AF, 0xE8AF, 0xE8AF, 0xE8AF, 0xE8AF, 0xE8AF, 0xE8AF, 0xE8AF, 0xE8AF, 0xE8AF,
    0xE8AF, 0xE8AF, 0xE8AF, 0xE8AF, 0xE8AF, 0xE8AF, 0xE8AF, 0xE8AF, 0xE8AF, 0xE8AF, 0xE8AF, 0xE8AF, 0xE8AF, 0xE8AF, 0xE8AF, 0xE8AF,
    0xE8AF, 0xE8AF, 0xE8AF, 0xE8AF, 0xE8AF, 0xE8AF, 0xE8AF, 0xE8AF, 0xE8AF, 0xE8AF, 0xE8AF, 0xE8AF, 0xE8AF, 0xE8AF, 0xE8AF, 0xE8AF,
    0xE8AF, 0xE8AF, 0xE8AF, 0xE8AF, 0xE8AF, 0xE8AF, 0xE8AF, 0xE8AF, 0xE8AF, 0xE8AF, 0xE8AF, 0xE8AF, 0xE8AF, 0xE8AF, 0xE8AF, 0xE8AF,
    0xE8AF, 0xE8AF, 0xE8AF, 0xE8AF, 0xE8AF, 0xE8AF, 0xE8AF, 0xE8AF, 0xE8AF, 0x0000, 0x0000, 0x0000, 0x0000, 0x0000, 0x0000, 0x0000,
    0x0000, 0x0000, 0x0000, 0x0000, 0x0000, 0x0000, 0x0000, 0x0000, 0x0000, 0x0000, 0xD659, 0xE6FC, 0xE6FC, 0xE6FC, 0xE6FC, 0xE6FC,
    0xE6FC, 0xE6FC, 0xE6FC, 0xE6FC, 0xE6FC, 0xE6FC, 0xE6FC, 0xE6FC, 0xE6FC, 0xE6FC, 0xE6FC, 0xE6FC, 0xE6FC, 0xE6FC, 0xE6FC, 0xE6FC,
    0xE6FC, 0xE6FC, 0xE6FC, 0xE6FC, 0xE6FC, 0xE6FC, 0xE6FC, 0xE6FC, 0xE6FC, 0xE6FC, 0xE6FC, 0xE6FC, 0xE6FC, 0xE6FC, 0xE6FC, 0xE6FC,
    0xE6FC, 0xE6FC, 0xE6FC, 0xE6FC, 0xE6FC, 0xE6FC, 0xE6FC, 0xE6FC, 0xE6FC, 0xE6FC, 0xE6FC, 0xE6FC, 0xE6FC, 0xD659, 0x0000, 0x0000,
    0x0000, 0x0000, 0x0000, 0x0000, 0x0000, 0x0000, 0x0000, 0x0000, 0x0000, 0x0000, 0x2965, 0xD659, 0xE6FC, 0xE6FC, 0xE6FC, 0xE6FC,
    0xE6FC, 0xE6FC, 0xE6FC, 0xE6FC, 0xE6FC, 0xE6FC, 0xE6FC, 0xE6FC, 0xE6FC, 0xE6FC, 0xE6FC, 0xE6FC, 0xE6FC, 0xE6FC, 0xE6FC, 0xE6FC,
    0xE6FC, 0xE6FC, 0xE6FC, 0xE6FC, 0xE6FC, 0xE6FC, 0xE6FC, 0xE6FC, 0xE6FC, 0xE6FC, 0xE6FC, 0xE6FC, 0xE6FC, 0xE6FC, 0xE6FC, 0xE6FC,
    0xE6FC, 0xE6FC, 0xE6FC, 0xE6FC, 0xE6FC, 0xE6FC, 0xE6FC, 0xE6FC, 0xE6FC, 0xE6FC, 0xE6FC, 0xE6FC, 0xE6FC, 0xE6FC, 0xD659, 0x0000,
    0x0000, 0x0000, 0x0000, 0x0000, 0x0000, 0x0000, 0x0000, 0x0000, 0x0000, 0x0000, 0x0000, 0x0000, 0x0000, 0x0000, 0x0000, 0x0000,
    0xE8AF, 0xE8AF, 0xE8AF, 0xE8AF, 0xE8AF, 0xE8AF, 0xE8AF, 0xE8AF, 0xE8AF, 0xE8AF, 0xE8AF, 0xE8AF, 0xE8AF, 0xE8AF, 0xE8AF, 0xE8AF,
    0xE8AF, 0xE8AF, 0xE8AF, 0xE8AF, 0xE8AF, 0xE8AF, 0xE8AF, 0xE8AF, 0xE8AF, 0xE8AF, 0xE8AF, 0xE8AF, 0xE8AF, 0xE8AF, 0xE8AF, 0xE8AF,
    0xE8AF, 0xE8AF, 0xE8AF, 0xE8AF, 0xE8AF, 0xE8AF, 0xE8AF, 0xE8AF, 0xE8AF, 0xE8AF, 0xE8AF, 0xE8AF, 0xE8AF, 0xE8AF, 0xE8AF, 0xE8AF,
    0xE8AF, 0xE8AF, 0xE8AF, 0xE8AF, 0xE8AF, 0xE8AF, 0xE8AF, 0xE8AF, 0xE8AF, 0xE8AF, 0xE8AF, 0xE8AF, 0xE8AF, 0xE8AF, 0xE8AF, 0xE8AF,
    0xE8AF, 0xE8AF, 0xE8AF, 0xE8AF, 0xE8AF, 0xE8AF, 0xE8AF, 0xE8AF, 0xE8AF, 0xE8AF, 0xE8AF, 0xE8AF, 0xE8AF, 0xE8AF, 0xE8AF, 0xE8AF,
    0xE8AF, 0xE8AF, 0xE8AF, 0xE8AF, 0xE8AF, 0xE8AF, 0xE8AF, 0xE8AF, 0xE8AF, 0xE8AF, 0xE8AF, 0xE8AF, 0xE8AF, 0xE8AF, 0xE8AF, 0xE8AF,
    0xE8AF, 0xE8AF, 0xE8AF, 0xE8AF, 0xE8AF, 0xE8AF, 0xE8AF, 0xE8AF, 0xE8AF, 0xE8AF, 0xE8AF, 0xE8AF, 0xE8AF, 0xE8AF, 0xE8AF, 0xE8AF,
    0xE8AF, 0xE8AF, 0xE8AF, 0xE8AF, 0xE8AF, 0xE8AF, 0xE8AF, 0xE8AF, 0xE8AF, 0xE8AF, 0xE8AF, 0xE8AF, 0xE8AF, 0xE8AF, 0xE8AF, 0xE8AF,
    0xE8AF, 0xE8AF, 0xE8AF, 0xE8AF, 0xE8AF, 0xE8AF, 0xE8AF, 0xE8AF, 0xE8AF, 0xE8AF, 0xE8AF, 0xE8AF, 0xE8AF, 0xE8AF, 0xE8AF, 0xE8AF,
    0xE8AF, 0xE8AF, 0xE8AF, 0xE8AF, 0x3023, 0x0000, 0x0000, 0x0000, 0x0000, 0x0000, 0x0000, 0x0000, 0x0000, 0x0000, 0x0000, 0x0000,
    0x0000, 0x0000, 0x0000, 0x0000, 0x0000, 0x7BEF, 0xE6FC, 0xE6FC, 0xE6FC, 0xE6FC, 0xE6FC, 0xE6FC, 0xE6FC, 0xE6FC, 0xE6FC, 0xE6FC,
    0xE6FC, 0xE6FC, 0xE6FC, 0xE6FC, 0xE6FC, 0xE6FC, 0xE6FC, 0xE6FC, 0xE6FC, 0xE6FC, 0xE6FC, 0xE6FC, 0xE6FC, 0xE6FC, 0xE6FC, 0xE6FC,
    0xE6FC, 0xE6FC, 0xE6FC, 0xE6FC, 0xE6FC, 0xE6FC, 0xE6FC, 0xE6FC, 0xE6FC, 0xE6FC, 0xE6FC, 0xE6FC, 0xE6FC, 0xE6FC, 0xE6FC, 0xE6FC,
    0xE6FC, 0xE6FC, 0xE6FC, 0xE6FC, 0xE6FC, 0xE6FC, 0xE6FC, 0xE6FC, 0xE6FC, 0x4A49, 0x0000, 0x0000, 0x0000, 0x0000, 0x0000, 0x0000,
    0x0000, 0x0000, 0x0000, 0x0000, 0x0000, 0x0000, 0x0000, 0x6B4D, 0xE6FC, 0xE6FC, 0xE6FC, 0xE6FC, 0xE6FC, 0xE6FC, 0xE6FC, 0xE6FC,
    0xE6FC, 0xE6FC, 0xE6FC, 0xE6FC, 0xE6FC, 0xE6FC, 0xE6FC, 0xE6FC, 0xE6FC, 0xE6FC, 0xE6FC, 0xE6FC, 0xE6FC, 0xE6FC, 0xE6FC, 0xE6FC,
    0xE6FC, 0xE6FC, 0xE6FC, 0xE6FC, 0xE6FC, 0xE6FC, 0xE6FC, 0xE6FC, 0xE6FC, 0xE6FC, 0xE6FC, 0xE6FC, 0xE6FC, 0xE6FC, 0xE6FC, 0xE6FC,
    0xE6FC, 0xE6FC, 0xE6FC, 0xE6FC, 0xE6FC, 0xE6FC, 0xE6FC, 0xE6FC, 0xE6FC, 0xE6FC, 0xE6FC, 0x6B4D, 0x0000, 0x0000, 0x0000, 0x0000,
    0x0000, 0x0000, 0x0000, 0x0000, 0x0000, 0x0000, 0x0000, 0x0000, 0x0000, 0x0000, 0x0000, 0x0000, 0x7067, 0xE8AF, 0xE8AF, 0xE8AF,
    0xE8AF, 0xE8AF, 0xE8AF, 0xE8AF, 0xE8AF, 0xE8AF, 0xE8AF, 0xE8AF, 0xE8AF, 0xE8AF, 0xE8AF, 0xE8AF, 0xE8AF, 0xE8AF, 0xE8AF, 0xE8AF,
    0xE8AF, 0xE8AF, 0xE8AF, 0xE8AF, 0xE8AF, 0xE8AF, 0xE8AF, 0xE8AF, 0xE8AF, 0xE8AF, 0xE8AF, 0xE8AF, 0xE8AF, 0xE8AF, 0xE8AF, 0xE8AF,
    0xE8AF, 0xE8AF, 0xE8AF, 0xE8AF, 0xE8AF, 0xE8AF, 0xE8AF, 0xE8AF, 0xE8AF, 0xE8AF, 0xE8AF, 0xE8AF, 0xE8AF, 0xE8AF, 0xE8AF, 0xE8AF,
    0xE8AF, 0xE8AF, 0xE8AF, 0xE8AF, 0xE8AF, 0xE8AF, 0xE8AF, 0xE8AF, 0xE8AF, 0xE8AF, 0xE8AF, 0xE8AF, 0xE8AF, 0xE8AF, 0xE8AF, 0xE8AF,
    0xE8AF, 0xE8AF, 0xE8AF, 0xE8AF, 0xE8AF, 0xE8AF, 0xE8AF, 0xE8AF, 0xE8AF, 0xE8AF, 0xE8AF, 0xE8AF, 0xE8AF, 0xE8AF, 0xE8AF, 0xE8AF,
    0xE8AF, 0xE8AF, 0xE8AF, 0xE8AF, 0xE8AF, 0xE8AF, 0xE8AF, 0xE8AF, 0xE8AF, 0xE8AF, 0xE8AF, 0xE8AF, 0xE8AF, 0xE8AF, 0xE8AF, 0xE8AF,
    0xE8AF, 0xE8AF, 0xE8AF, 0xE8AF, 0xE8AF, 0xE8AF, 0xE8AF, 0xE8AF, 0xE8AF, 0xE8AF, 0xE8AF, 0xE8AF, 0xE8AF, 0xE8AF, 0xE8AF, 0xE8AF,
    0xE8AF, 0xE8AF, 0xE8AF, 0xE8AF, 0xE8AF, 0xE8AF, 0xE8AF, 0xE8AF, 0xE8AF, 0xE8AF, 0xE8AF, 0xE8AF, 0xE8AF, 0xE8AF, 0xE8AF, 0xE8AF,
    0xE8AF, 0xE8AF, 0xE8AF, 0xE8AF, 0xE8AF, 0xE8AF, 0xE8AF, 0xE8AF, 0xE8AF, 0xE8AF, 0xE8AF, 0xE8AF, 0xE8AF, 0xE8AF, 0xE8AF, 0xA88B,
    0x0000, 0x0000, 0x0000, 0x0000, 0x0000, 0x0000, 0x0000, 0x0000, 0x0000, 0x0000, 0x0000, 0x0000, 0x0000, 0x0000, 0x0000, 0x0000,
    0x2965, 0xE6FC, 0xE6FC, 0xE6FC, 0xE6FC, 0xE6FC, 0xE6FC, 0xE6FC, 0xE6FC, 0xE6FC, 0xE6FC, 0xE6FC, 0xE6FC, 0xE6FC, 0xE6FC, 0xE6FC,
    0xE6FC, 0xE6FC, 0xE6FC, 0xE6FC, 0xE6FC, 0xE6FC, 0xE6FC, 0xE6FC, 0xE6FC, 0xE6FC, 0xE6FC, 0xE6FC, 0xE6FC, 0xE6FC, 0xE6FC, 0xE6FC,
    0xE6FC, 0xE6FC, 0xE6FC, 0xE6FC, 0xE6FC, 0xE6FC, 0xE6FC, 0xE6FC, 0xE6FC, 0xE6FC, 0xE6FC, 0xE6FC, 0xE6FC, 0xE6FC, 0xE6FC, 0xE6FC,
    0xE6FC, 0xE6FC, 0xE6FC, 0xE6FC, 0xAD55, 0x0000, 0x0000, 0x0000, 0x0000, 0x0000, 0x0000, 0x0000, 0x0000, 0x0000, 0x0000, 0x0000,
    0x0000, 0x0000, 0x0000, 0x0000, 0xAD55, 0xE6FC, 0xE6FC, 0xE6FC, 0xE6FC, 0xE6FC, 0xE6FC, 0xE6FC, 0xE6FC, 0xE6FC, 0xE6FC, 0xE6FC,
    0xE6FC, 0xE6FC, 0xE6FC, 0xE6FC, 0xE6FC, 0xE6FC, 0xE6FC, 0xE6FC, 0xE6FC, 0xE6FC, 0xE6FC, 0xE6FC, 0xE6FC, 0xE6FC, 0xE6FC, 0xE6FC,
    0xE6FC, 0xE6FC, 0xE6FC, 0xE6FC, 0xE6FC, 0xE6FC, 0xE6FC, 0xE6FC, 0xE6FC, 0xE6FC, 0xE6FC, 0xE6FC, 0xE6FC, 0xE6FC, 0xE6FC, 0xE6FC,
    0xE6FC, 0xE6FC, 0xE6FC, 0xE6FC, 0xE6FC, 0xE6FC, 0xE6FC, 0xE6FC, 0x2965, 0x0000, 0x0000, 0x0000, 0x0000, 0x0000, 0x0000, 0x0000,
    0x0000, 0x0000, 0x0000, 0x0000, 0x0000, 0x0000, 0x0000, 0x0000, 0x0000, 0xA88B, 0xE8AF, 0xE8AF, 0xE8AF, 0xE8AF, 0xE8AF, 0xE8AF,
    0xE8AF, 0xE8AF, 0xE8AF, 0xE8AF, 0xE8AF, 0xE8AF, 0xE8AF, 0xE8AF, 0xE8AF, 0xE8AF, 0xE8AF, 0xE8AF, 0xE8AF, 0xE8AF, 0xE8AF, 0xE8AF,
    0xE8AF, 0xE8AF, 0xE8AF, 0xE8AF, 0xE8AF, 0xE8AF, 0xE8AF, 0xE8AF, 0xE8AF, 0xE8AF, 0xE8AF, 0xE8AF, 0xE8AF, 0xE8AF, 0xE8AF, 0xE8AF,
    0xE8AF, 0xE8AF, 0xE8AF, 0xE8AF, 0xE8AF, 0xE8AF, 0xE8AF, 0xE8AF, 0xE8AF, 0xE8AF, 0xE8AF, 0xE8AF, 0xE8AF, 0xE8AF, 0xE8AF, 0xE8AF,
    0xE8AF, 0xE8AF, 0xE8AF, 0xE8AF, 0xE8AF, 0xE8AF, 0xE8AF, 0xE8AF, 0xE8AF, 0xE8AF, 0xE8AF, 0xE8AF, 0xE8AF, 0xE8AF, 0xE8AF, 0xE8AF,
    0xE8AF, 0xE8AF, 0xE8AF, 0xE8AF, 0xE8AF, 0xE8AF, 0xE8AF, 0xE8AF, 0xE8AF, 0xE8AF, 0xE8AF, 0xE8AF, 0xE8AF, 0xE8AF, 0xE8AF, 0xE8AF,
    0xE8AF, 0xE8AF, 0xE8AF, 0xE8AF, 0xE8AF, 0xE8AF, 0xE8AF, 0xE8AF, 0xE8AF, 0xE8AF, 0xE8AF, 0xE8AF, 0xE8AF, 0xE8AF, 0xE8AF, 0xE8AF,
    0xE8AF, 0xE8AF, 0xE8AF, 0xE8AF, 0xE8AF, 0xE8AF, 0xE8AF, 0xE8AF, 0xE8AF, 0xE8AF, 0xE8AF, 0xE8AF, 0xE8AF, 0xE8AF, 0xE8AF, 0xE8AF,
    0xE8AF, 0xE8AF, 0xE8AF, 0xE8AF, 0xE8AF, 0xE8AF, 0xE8AF, 0xE8AF, 0xE8AF, 0xE8AF, 0xE8AF, 0xE8AF, 0xE8AF, 0xE8AF, 0xE8AF, 0xE8AF,
    0xE8AF, 0xE8AF, 0xE8AF, 0xE8AF, 0xE8AF, 0xE8AF, 0xE8AF, 0xE8AF, 0xE8AF, 0xE8AF, 0xE8AF, 0x3023, 0x0000, 0x0000, 0x0000, 0x0000,
    0x0000, 0x0000, 0x0000, 0x0000, 0x0000, 0x0000, 0x0000, 0x0000, 0x0000, 0x0000, 0x0000, 0x0000, 0xAD55, 0xE6FC, 0xE6FC, 0xE6FC,
    0xE6FC, 0xE6FC, 0xE6FC, 0xE6FC, 0xE6FC, 0xE6FC, 0xE6FC, 0xE6FC, 0xE6FC, 0xE6FC, 0xE6FC, 0xE6FC, 0xE6FC, 0xE6FC, 0xE6FC, 0xE6FC,
    0xE6FC, 0xE6FC, 0xE6FC, 0xE6FC, 0xE6FC, 0xE6FC, 0xE6FC, 0xE6FC, 0xE6FC, 0xE6FC, 0xE6FC, 0xE6FC, 0xE6FC, 0xE6FC, 0xE6FC, 0xE6FC,
    0xE6FC, 0xE6FC, 0xE6FC, 0xE6FC, 0xE6FC, 0xE6FC, 0xE6FC, 0xE6FC, 0xE6FC, 0xE6FC, 0xE6FC, 0xE6FC, 0xE6FC, 0xE6FC, 0xE6FC, 0xD659,
    0x2965, 0x0000, 0x0000, 0x0000, 0x0000, 0x0000, 0x0000, 0x0000, 0x0000, 0x0000, 0x0000, 0x0000, 0x0000, 0x0000, 0x0000, 0x0000,
    0x2965, 0xD659, 0xE6FC, 0xE6FC, 0xE6FC, 0xE6FC, 0xE6FC, 0xE6FC, 0xE6FC, 0xE6FC, 0xE6FC, 0xE6FC, 0xE6FC, 0xE6FC, 0xE6FC, 0xE6FC,
    0xE6FC, 0xE6FC, 0xE6FC, 0xE6FC, 0xE6FC, 0xE6FC, 0xE6FC, 0xE6FC, 0xE6FC, 0xE6FC, 0xE6FC, 0xE6FC, 0xE6FC, 0xE6FC, 0xE6FC, 0xE6FC,
    0xE6FC, 0xE6FC, 0xE6FC, 0xE6FC, 0xE6FC, 0xE6FC, 0xE6FC, 0xE6FC, 0xE6FC, 0xE6FC, 0xE6FC, 0xE6FC, 0xE6FC, 0xE6FC, 0xE6FC, 0xE6FC,
    0xE6FC, 0xE6FC, 0xE6FC, 0xE6FC, 0xAD55, 0x0000, 0x0000, 0x0000, 0x0000, 0x0000, 0x0000, 0x0000, 0x0000, 0x0000, 0x0000, 0x0000,
    0x0000, 0x0000, 0x0000, 0x0000, 0x0000, 0x3023, 0xE8AF, 0xE8AF, 0xE8AF, 0xE8AF, 0xE8AF, 0xE8AF, 0xE8AF, 0xE8AF, 0xE8AF, 0xE8AF,
    0xE8AF, 0xE8AF, 0xE8AF, 0xE8AF, 0xE8AF, 0xE8AF, 0xE8AF, 0xE8AF, 0xE8AF, 0xE8AF, 0xE8AF, 0xE8AF, 0xE8AF, 0xE8AF, 0xE8AF, 0xE8AF,
    0xE8AF, 0xE8AF, 0xE8AF, 0xE8AF, 0xE8AF, 0xE8AF, 0xE8AF, 0xE8AF, 0xE8AF, 0xE8AF, 0xE8AF, 0xE8AF, 0xE8AF, 0xE8AF, 0xE8AF, 0xE8AF,
    0xE8AF, 0xE8AF, 0xE8AF, 0xE8AF, 0xE8AF, 0xE8AF, 0xE8AF, 0xE8AF, 0xE8AF, 0xE8AF, 0xE8AF, 0xE8AF, 0xE8AF, 0xE8AF, 0xE8AF, 0xE8AF,
    0xE8AF, 0xE8AF, 0xE8AF, 0xE8AF, 0xE8AF, 0xE8AF, 0xE8AF, 0xE8AF, 0xE8AF, 0xE8AF, 0xE8AF, 0xE8AF, 0xE8AF, 0xE8AF, 0xE8AF, 0xE8AF,
    0xE8AF, 0xE8AF, 0xE8AF, 0xE8AF, 0xE8AF, 0xE8AF, 0xE8AF, 0xE8AF, 0xE8AF, 0xE8AF, 0xE8AF, 0xE8AF, 0xE8AF, 0xE8AF, 0xE8AF, 0xE8AF,
    0xE8AF, 0xE8AF, 0xE8AF, 0xE8AF, 0xE8AF, 0xE8AF, 0xE8AF, 0xE8AF, 0xE8AF, 0xE8AF, 0xE8AF, 0xE8AF, 0xE8AF, 0xE8AF, 0xE8AF, 0xE8AF,
    0xE8AF, 0xE8AF, 0xE8AF, 0xE8AF, 0xE8AF, 0xE8AF, 0xE8AF, 0xE8AF, 0xE8AF, 0xE8AF, 0xE8AF, 0xE8AF, 0xE8AF, 0xE8AF, 0xE8AF, 0xE8AF,
    0xE8AF, 0xE8AF, 0xE8AF, 0xE8AF, 0xE8AF, 0xE8AF, 0xE8AF, 0xE8AF, 0xE8AF, 0xE8AF, 0xE8AF, 0xE8AF, 0xE8AF, 0xE8AF, 0xE8AF, 0xE8AF,
    0xE8AF, 0xE8AF, 0xE8AF, 0xE8AF, 0xE8AF, 0xE8AF, 0x7067, 0x0000, 0x0000, 0x0000, 0x0000, 0x0000, 0x0000, 0x0000, 0x0000, 0x0000,
    0x0000, 0x0000, 0x0000, 0x0000, 0x0000, 0x0000, 0x0000, 0x6B4D, 0xE6FC, 0xE6FC, 0xE6FC, 0xE6FC, 0xE6FC, 0xE6FC, 0xE6FC, 0xE6FC,
    0xE6FC, 0xE6FC, 0xE6FC, 0xE6FC, 0xE6FC, 0xE6FC, 0xE6FC, 0xE6FC, 0xE6FC, 0xE6FC, 0xE6FC, 0xE6FC, 0xE6FC, 0xE6FC, 0xE6FC, 0xE6FC,
    0xE6FC, 0xE6FC, 0xE6FC, 0xE6FC, 0xE6FC, 0xE6FC, 0xE6FC, 0xE6FC, 0xE6FC, 0xE6FC, 0xE6FC, 0xE6FC, 0xE6FC, 0xE6FC, 0xE6FC, 0xE6FC,
    0xE6FC, 0xE6FC, 0xE6FC, 0xE6FC, 0xE6FC, 0xE6FC, 0xE6FC, 0xE6FC, 0xE6FC, 0xE6FC, 0xE6FC, 0x6B4D, 0x0000, 0x0000, 0x0000, 0x0000,
    0x0000, 0x0000, 0x0000, 0x0000, 0x0000, 0x0000, 0x0000, 0x0000, 0x0000, 0x0000, 0x0000, 0x0000, 0x0000, 0x6B4D, 0xE6FC, 0xE6FC,
    0xE6FC, 0xE6FC, 0xE6FC, 0xE6FC, 0xE6FC, 0xE6FC, 0xE6FC, 0xE6FC, 0xE6FC, 0xE6FC, 0xE6FC, 0xE6FC, 0xE6FC, 0xE6FC, 0xE6FC, 0xE6FC,
    0xE6FC, 0xE6FC, 0xE6FC, 0xE6FC, 0xE6FC, 0xE6FC, 0xE6FC, 0xE6FC, 0xE6FC, 0xE6FC, 0xE6FC, 0xE6FC, 0xE6FC, 0xE6FC, 0xE6FC, 0xE6FC,
    0xE6FC, 0xE6FC, 0xE6FC, 0xE6FC, 0xE6FC, 0xE6FC, 0xE6FC, 0xE6FC, 0xE6FC, 0xE6FC, 0xE6FC, 0xE6FC, 0xE6FC, 0xE6FC, 0xE6FC, 0xE6FC,
    0xE6FC, 0x6B4D, 0x0000, 0x0000, 0x0000, 0x0000, 0x0000, 0x0000, 0x0000, 0x0000, 0x0000, 0x0000, 0x0000, 0x0000, 0x0000, 0x0000,
    0x0000, 0x0000, 0x7067, 0xE8AF, 0xE8AF, 0xE8AF, 0xE8AF, 0xE8AF, 0xE8AF, 0xE8AF, 0xE8AF, 0xE8AF, 0xE8AF, 0xE8AF, 0xE8AF, 0xE8AF,
    0xE8AF, 0xE8AF, 0xE8AF, 0xE8AF, 0xE8AF, 0xE8AF, 0xE8AF, 0xE8AF, 0xE8AF, 0xE8AF, 0xE8AF, 0xE8AF, 0xE8AF, 0xE8AF, 0xE8AF, 0xE8AF,
    0xE8AF, 0xE8AF, 0xE8AF, 0xE8AF, 0xE8AF, 0xE8AF, 0xE8AF, 0xE8AF, 0xE8AF, 0xE8AF, 0xE8AF, 0xE8AF, 0xE8AF, 0xE8AF, 0xE8AF, 0xE8AF,
    0xE8AF, 0xE8AF, 0xE8AF, 0xE8AF, 0xE8AF, 0xE8AF, 0xE8AF, 0xE8AF, 0xE8AF, 0xE8AF, 0xE8AF, 0xE8AF, 0xE8AF, 0xE8AF, 0xE8AF, 0xE8AF,
    0xE8AF, 0xE8AF, 0xE8AF, 0xE8AF, 0xE8AF, 0xE8AF, 0xE8AF, 0xE8AF, 0xE8AF, 0xE8AF, 0xE8AF, 0xE8AF, 0xE8AF, 0xE8AF, 0xE8AF, 0xE8AF,
    0xE8AF, 0xE8AF, 0xE8AF, 0xE8AF, 0xE8AF, 0xE8AF, 0xE8AF, 0xE8AF, 0xE8AF, 0xE8AF, 0xE8AF, 0xE8AF, 0xE8AF, 0xE8AF, 0xE8AF, 0xE8AF,
    0xE8AF, 0xE8AF, 0xE8AF, 0xE8AF, 0xE8AF, 0xE8AF, 0xE8AF, 0xE8AF, 0xE8AF, 0xE8AF, 0xE8AF, 0xE8AF, 0xE8AF, 0xE8AF, 0xE8AF, 0xE8AF,
    0xE8AF, 0xE8AF, 0xE8AF, 0xE8AF, 0xE8AF, 0xE8AF, 0xE8AF, 0xE8AF, 0xE8AF, 0xE8AF, 0xE8AF, 0xE8AF, 0xE8AF, 0xE8AF, 0xE8AF, 0xE8AF,
    0xE8AF, 0xE8AF, 0xE8AF, 0xE8AF, 0xE8AF, 0xE8AF, 0xE8AF, 0xE8AF, 0xE8AF, 0xE8AF, 0xE8AF, 0xE8AF, 0xE8AF, 0xE8AF, 0xE8AF, 0xE8AF,
    0xE8AF, 0xA88B, 0x0000, 0x0000, 0x0000, 0x0000, 0x0000, 0x0000, 0x0000, 0x0000, 0x0000, 0x0000, 0x0000, 0x0000, 0x0000, 0x0000,
    0x0000, 0x0000, 0x2965, 0xD659, 0xE6FC, 0xE6FC, 0xE6FC, 0xE6FC, 0xE6FC, 0xE6FC, 0xE6FC, 0xE6FC, 0xE6FC, 0xE6FC, 0xE6FC, 0xE6FC,
    0xE6FC, 0xE6FC, 0xE6FC, 0xE6FC, 0xE6FC, 0xE6FC, 0xE6FC, 0xE6FC, 0xE6FC, 0xE6FC, 0xE6FC, 0xE6FC, 0xE6FC, 0xE6FC, 0xE6FC, 0xE6FC,
    0xE6FC, 0xE6FC, 0xE6FC, 0xE6FC, 0xE6FC, 0xE6FC, 0xE6FC, 0xE6FC, 0xE6FC, 0xE6FC, 0xE6FC, 0xE6FC, 0xE6FC, 0xE6FC, 0xE6FC, 0xE6FC,
    0xE6FC, 0xE6FC, 0xE6FC, 0xE6FC, 0xE6FC, 0xE6FC, 0xAD55, 0x0000, 0x0000, 0x0000, 0x0000, 0x0000, 0x0000, 0x0000, 0x0000, 0x0000,
    0x0000, 0x0000, 0x0000, 0x0000, 0x0000, 0x0000, 0x0000, 0x0000, 0x0000, 0x0000, 0xAD55, 0xE6FC, 0xE6FC, 0xE6FC, 0xE6FC, 0xE6FC,
    0xE6FC, 0xE6FC, 0xE6FC, 0xE6FC, 0xE6FC, 0xE6FC, 0xE6FC, 0xE6FC, 0xE6FC, 0xE6FC, 0xE6FC, 0xE6FC, 0xE6FC, 0xE6FC, 0xE6FC, 0xE6FC,
    0xE6FC, 0xE6FC, 0xE6FC, 0xE6FC, 0xE6FC, 0xE6FC, 0xE6FC, 0xE6FC, 0xE6FC, 0xE6FC, 0xE6FC, 0xE6FC, 0xE6FC, 0xE6FC, 0xE6FC, 0xE6FC,
    0xE6FC, 0xE6FC, 0xE6FC, 0xE6FC, 0xE6FC, 0xE6FC, 0xE6FC, 0xE6FC, 0xE6FC, 0xE6FC, 0xE6FC, 0xE6FC, 0xE6FC, 0xD659, 0x2965, 0x0000,
    0x0000, 0x0000, 0x0000, 0x0000, 0x0000, 0x0000, 0x0000, 0x0000, 0x0000, 0x0000, 0x0000, 0x0000, 0x0000, 0x0000, 0x0000, 0xA88B,
    0xE8AF, 0xE8AF, 0xE8AF, 0xE8AF, 0xE8AF, 0xE8AF, 0xE8AF, 0xE8AF, 0xE8AF, 0xE8AF, 0xE8AF, 0xE8AF, 0xE8AF, 0xE8AF, 0xE8AF, 0xE8AF,
    0xE8AF, 0xE8AF, 0xE8AF, 0xE8AF, 0xE8AF, 0xE8AF, 0xE8AF, 0xE8AF, 0xE8AF, 0xE8AF, 0xE8AF, 0xE8AF, 0xE8AF, 0xE8AF, 0xE8AF, 0xE8AF,
    0xE8AF, 0xE8AF, 0xE8AF, 0xE8AF, 0xE8AF, 0xE8AF, 0xE8AF, 0xE8AF, 0xE8AF, 0xE8AF, 0xE8AF, 0xE8AF, 0xE8AF, 0xE8AF, 0xE8AF, 0xE8AF,
    0xE8AF, 0xE8AF, 0xE8AF, 0xE8AF, 0xE8AF, 0xE8AF, 0xE8AF, 0xE8AF, 0xE8AF, 0xE8AF, 0xE8AF, 0xE8AF, 0xE8AF, 0xE8AF, 0xE8AF, 0xE8AF,
    0xE8AF, 0xE8AF, 0xE8AF, 0xE8AF, 0xE8AF, 0xE8AF, 0xE8AF, 0xE8AF, 0xE8AF, 0xE8AF, 0xE8AF, 0xE8AF, 0xE8AF, 0xE8AF, 0xE8AF, 0xE8AF,
    0xE8AF, 0xE8AF, 0xE8AF, 0xE8AF, 0xE8AF, 0xE8AF, 0xE8AF, 0xE8AF, 0xE8AF, 0xE8AF, 0xE8AF, 0xE8AF, 0xE8AF, 0xE8AF, 0xE8AF, 0xE8AF,
    0xE8AF, 0xE8AF, 0xE8AF, 0xE8AF, 0xE8AF, 0xE8AF, 0xE8AF, 0xE8AF, 0xE8AF, 0xE8AF, 0xE8AF, 0xE8AF, 0xE8AF, 0xE8AF, 0xE8AF, 0xE8AF,
    0xE8AF, 0xE8AF, 0xE8AF, 0xE8AF, 0xE8AF, 0xE8AF, 0xE8AF, 0xE8AF, 0xE8AF, 0xE8AF, 0xE8AF, 0xE8AF, 0xE8AF, 0xE8AF, 0xE8AF, 0xE8AF,
    0xE8AF, 0xE8AF, 0xE8AF, 0xE8AF, 0xE8AF, 0xE8AF, 0xE8AF, 0xE8AF, 0xE8AF, 0xE8AF, 0xE8AF, 0xE8AF, 0xE8AF, 0x3023, 0x0000, 0x0000,
    0x0000, 0x0000, 0x0000, 0x0000, 0x0000, 0x0000, 0x0000, 0x0000, 0x0000, 0x0000, 0x0000, 0x0000, 0x0000, 0x0000, 0xAD55, 0xE6FC,
    0xE6FC, 0xE6FC, 0xE6FC, 0xE6FC, 0xE6FC, 0xE6FC, 0xE6FC, 0xE6FC, 0xE6FC, 0xE6FC, 0xE6FC, 0xE6FC, 0xE6FC, 0xE6FC, 0xE6FC, 0xE6FC,
    0xE6FC, 0xE6FC, 0xE6FC, 0xE6FC, 0xE6FC, 0xE6FC, 0xE6FC, 0xE6FC, 0xE6FC, 0xE6FC, 0xE6FC, 0xE6FC, 0xE6FC, 0xE6FC, 0xE6FC, 0xE6FC,
    0xE6FC, 0xE6FC, 0xE6FC, 0xE6FC, 0xE6FC, 0xE6FC, 0xE6FC, 0xE6FC, 0xE6FC, 0xE6FC, 0xE6FC, 0xE6FC, 0xE6FC, 0xE6FC, 0xE6FC, 0xE6FC,
    0xE6FC, 0xD659, 0x2965, 0x0000, 0x0000, 0x0000, 0x0000, 0x0000, 0x0000, 0x0000, 0x0000, 0x0000, 0x0000, 0x0000, 0x0000, 0x0000,
    0x0000, 0x0000, 0x0000, 0x0000, 0x0000, 0x0000, 0x2965, 0xE6FC, 0xE6FC, 0xE6FC, 0xE6FC, 0xE6FC, 0xE6FC, 0xE6FC, 0xE6FC, 0xE6FC,
    0xE6FC, 0xE6FC, 0xE6FC, 0xE6FC, 0xE6FC, 0xE6FC, 0xE6FC, 0xE6FC, 0xE6FC, 0xE6FC, 0xE6FC, 0xE6FC, 0xE6FC, 0xE6FC, 0xE6FC, 0xE6FC,
    0xE6FC, 0xE6FC, 0xE6FC, 0xE6FC, 0xE6FC, 0xE6FC, 0xE6FC, 0xE6FC, 0xE6FC, 0xE6FC, 0xE6FC, 0xE6FC, 0xE6FC, 0xE6FC, 0xE6FC, 0xE6FC,
    0xE6FC, 0xE6FC, 0xE6FC, 0xE6FC, 0xE6FC, 0xE6FC, 0xE6FC, 0xE6FC, 0xE6FC, 0xE6FC, 0xAD55, 0x0000, 0x0000, 0x0000, 0x0000, 0x0000,
    0x0000, 0x0000, 0x0000, 0x0000, 0x0000, 0x0000, 0x0000, 0x0000, 0x0000, 0x0000, 0x0000, 0x3023, 0xE8AF, 0xE8AF, 0xE8AF, 0xE8AF,
    0xE8AF, 0xE8AF, 0xE8AF, 0xE8AF, 0xE8AF, 0xE8AF, 0xE8AF, 0xE8AF, 0xE8AF, 0xE8AF, 0xE8AF, 0xE8AF, 0xE8AF, 0xE8AF, 0xE8AF, 0xE8AF,
    0xE8AF, 0xE8AF, 0xE8AF, 0xE8AF, 0xE8AF, 0xE8AF, 0xE8AF, 0xE8AF, 0xE8AF, 0xE8AF, 0xE8AF, 0xE8AF, 0xE8AF, 0xE8AF, 0xE8AF, 0xE8AF,
    0xE8AF, 0xE8AF, 0xE8AF, 0xE8AF, 0xE8AF, 0xE8AF, 0xE8AF, 0xE8AF, 0xE8AF, 0xE8AF, 0xE8AF, 0xE8AF, 0xE8AF, 0xE8AF, 0xE8AF, 0xE8AF,
    0xE8AF, 0xE8AF, 0xE8AF, 0xE8AF, 0xE8AF, 0xE8AF, 0xE8AF, 0xE8AF, 0xE8AF, 0xE8AF, 0xE8AF, 0xE8AF, 0xE8AF, 0xE8AF, 0xE8AF, 0xE8AF,
    0xE8AF, 0xE8AF, 0xE8AF, 0xE8AF, 0xE8AF, 0xE8AF, 0xE8AF, 0xE8AF, 0xE8AF, 0xE8AF, 0xE8AF, 0xE8AF, 0xE8AF, 0xE8AF, 0xE8AF, 0xE8AF,
    0xE8AF, 0xE8AF, 0xE8AF, 0xE8AF, 0xE8AF, 0xE8AF, 0xE8AF, 0xE8AF, 0xE8AF, 0xE8AF, 0xE8AF, 0xE8AF, 0xE8AF, 0xE8AF, 0xE8AF, 0xE8AF,
    0xE8AF, 0xE8AF, 0xE8AF, 0xE8AF, 0xE8AF, 0xE8AF, 0xE8AF, 0xE8AF, 0xE8AF, 0xE8AF, 0xE8AF, 0xE8AF, 0xE8AF, 0xE8AF, 0xE8AF, 0xE8AF,
    0xE8AF, 0xE8AF, 0xE8AF, 0xE8AF, 0xE8AF, 0xE8AF, 0xE8AF, 0xE8AF, 0xE8AF, 0xE8AF, 0xE8AF, 0xE8AF, 0xE8AF, 0xE8AF, 0xE8AF, 0xE8AF,
    0xE8AF, 0xE8AF, 0xE8AF, 0xE8AF, 0xE8AF, 0xE8AF, 0xE8AF, 0xE8AF, 0x7067, 0x0000, 0x0000, 0x0000, 0x0000, 0x0000, 0x0000, 0x0000,
    0x0000, 0x0000, 0x0000, 0x0000, 0x0000, 0x0000, 0x0000, 0x0000, 0x0000, 0x4A49, 0xE6FC, 0xE6FC, 0xE6FC, 0xE6FC, 0xE6FC, 0xE6FC,
    0xE6FC, 0xE6FC, 0xE6FC, 0xE6FC, 0xE6FC, 0xE6FC, 0xE6FC, 0xE6FC, 0xE6FC, 0xE6FC, 0xE6FC, 0xE6FC, 0xE6FC, 0xE6FC, 0xE6FC, 0xE6FC,
    0xE6FC, 0xE6FC, 0xE6FC, 0xE6FC, 0xE6FC, 0xE6FC, 0xE6FC, 0xE6FC, 0xE6FC, 0xE6FC, 0xE6FC, 0xE6FC, 0xE6FC, 0xE6FC, 0xE6FC, 0xE6FC,
    0xE6FC, 0xE6FC, 0xE6FC, 0xE6FC, 0xE6FC, 0xE6FC, 0xE6FC, 0xE6FC, 0xE6FC, 0xE6FC, 0xE6FC, 0xE6FC, 0xE6FC, 0x6B4D, 0x0000, 0x0000,
    0x0000, 0x0000, 0x0000, 0x0000, 0x0000, 0x0000, 0x0000, 0x0000, 0x0000, 0x0000, 0x0000, 0x0000, 0x0000, 0x0000, 0x0000, 0x0000,
    0x0000, 0x0000, 0x0000, 0x6B4D, 0xE6FC, 0xE6FC, 0xE6FC, 0xE6FC, 0xE6FC, 0xE6FC, 0xE6FC, 0xE6FC, 0xE6FC, 0xE6FC, 0xE6FC, 0xE6FC,
    0xE6FC, 0xE6FC, 0xE6FC, 0xE6FC, 0xE6FC, 0xE6FC, 0xE6FC, 0xE6FC, 0xE6FC, 0xE6FC, 0xE6FC, 0xE6FC, 0xE6FC, 0xE6FC, 0xE6FC, 0xE6FC,
    0xE6FC, 0xE6FC, 0xE6FC, 0xE6FC, 0xE6FC, 0xE6FC, 0xE6FC, 0xE6FC, 0xE6FC, 0xE6FC, 0xE6FC, 0xE6FC, 0xE6FC, 0xE6FC, 0xE6FC, 0xE6FC,
    0xE6FC, 0xE6FC, 0xE6FC, 0xE6FC, 0xE6FC, 0xE6FC, 0xE6FC, 0x4A49, 0x0000, 0x0000, 0x0000, 0x0000, 0x0000, 0x0000, 0x0000, 0x0000,
    0x0000, 0x0000, 0x0000, 0x0000, 0x0000, 0x0000, 0x0000, 0x0000, 0x7067, 0xE8AF, 0xE8AF, 0xE8AF, 0xE8AF, 0xE8AF, 0xE8AF, 0xE8AF,
    0xE8AF, 0xE8AF, 0xE8AF, 0xE8AF, 0xE8AF, 0xE8AF, 0xE8AF, 0xE8AF, 0xE8AF, 0xE8AF, 0xE8AF, 0xE8AF, 0xE8AF, 0xE8AF, 0xE8AF, 0xE8AF,
    0xE8AF, 0xE8AF, 0xE8AF, 0xE8AF, 0xE8AF, 0xE8AF, 0xE8AF, 0xE8AF, 0xE8AF, 0xE8AF, 0xE8AF, 0xE8AF, 0xE8AF, 0xE8AF, 0xE8AF, 0xE8AF,
    0xE8AF, 0xE8AF, 0xE8AF, 0xE8AF, 0xE8AF, 0xE8AF, 0xE8AF, 0xE8AF, 0xE8AF, 0xE8AF, 0xE8AF, 0xE8AF, 0xE8AF, 0xE8AF, 0xE8AF, 0xE8AF,
    0xE8AF, 0xE8AF, 0xE8AF, 0xE8AF, 0xE8AF, 0xE8AF, 0xE8AF, 0xE8AF, 0xE8AF, 0xE8AF, 0xE8AF, 0xE8AF, 0xE8AF, 0xE8AF, 0xE8AF, 0xE8AF,
    0xE8AF, 0xE8AF, 0xE8AF, 0xE8AF, 0xE8AF, 0xE8AF, 0xE8AF, 0xE8AF, 0xE8AF, 0xE8AF, 0xE8AF, 0xE8AF, 0xE8AF, 0xE8AF, 0xE8AF, 0xE8AF,
    0xE8AF, 0xE8AF, 0xE8AF, 0xE8AF, 0xE8AF, 0xE8AF, 0xE8AF, 0xE8AF, 0xE8AF, 0xE8AF, 0xE8AF, 0xE8AF, 0xE8AF, 0xE8AF, 0xE8AF, 0xE8AF,
    0xE8AF, 0xE8AF, 0xE8AF, 0xE8AF, 0xE8AF, 0xE8AF, 0xE8AF, 0xE8AF, 0xE8AF, 0xE8AF, 0xE8AF, 0xE8AF, 0xE8AF, 0xE8AF, 0xE8AF, 0xE8AF,
    0xE8AF, 0xE8AF, 0xE8AF, 0xE8AF, 0xE8AF, 0xE8AF, 0xE8AF, 0xE8AF, 0xE8AF, 0xE8AF, 0xE8AF, 0xE8AF, 0xE8AF, 0xE8AF, 0xE8AF, 0xE8AF,
    0xE8AF, 0xE8AF, 0xE8AF, 0xE8AF, 0x0000, 0x0000, 0x0000, 0x0000, 0x0000, 0x0000, 0x0000, 0x0000, 0x0000, 0x0000, 0x0000, 0x0000,
    0x0000, 0x0000, 0x0000, 0x0000, 0x0000, 0xD659, 0xE6FC, 0xE6FC, 0xE6FC, 0xE6FC, 0xE6FC, 0xE6FC, 0xE6FC, 0xE6FC, 0xE6FC, 0xE6FC,
    0xE6FC, 0xE6FC, 0xE6FC, 0xE6FC, 0xE6FC, 0xE6FC, 0xE6FC, 0xE6FC, 0xE6FC, 0xE6FC, 0xE6FC, 0xE6FC, 0xE6FC, 0xE6FC, 0xE6FC, 0xE6FC,
    0xE6FC, 0xE6FC, 0xE6FC, 0xE6FC, 0xE6FC, 0xE6FC, 0xE6FC, 0xE6FC, 0xE6FC, 0xE6FC, 0xE6FC, 0xE6FC, 0xE6FC, 0xE6FC, 0xE6FC, 0xE6FC,
    0xE6FC, 0xE6FC, 0xE6FC, 0xE6FC, 0xE6FC, 0xE6FC, 0xE6FC, 0xE6FC, 0xAD55, 0x0000, 0x0000, 0x0000, 0x0000, 0x0000, 0x0000, 0x0000,
    0x0000, 0x0000, 0x0000, 0x0000, 0x0000, 0x0000, 0x0000, 0x0000, 0x0000, 0x0000, 0x0000, 0x0000, 0x0000, 0x0000, 0x0000, 0x0000,
    0xAD55, 0xE6FC, 0xE6FC, 0xE6FC, 0xE6FC, 0xE6FC, 0xE6FC, 0xE6FC, 0xE6FC, 0xE6FC, 0xE6FC, 0xE6FC, 0xE6FC, 0xE6FC, 0xE6FC, 0xE6FC,
    0xE6FC, 0xE6FC, 0xE6FC, 0xE6FC, 0xE6FC, 0xE6FC, 0xE6FC, 0xE6FC, 0xE6FC, 0xE6FC, 0xE6FC, 0xE6FC, 0xE6FC, 0xE6FC, 0xE6FC, 0xE6FC,
    0xE6FC, 0xE6FC, 0xE6FC, 0xE6FC, 0xE6FC, 0xE6FC, 0xE6FC, 0xE6FC, 0xE6FC, 0xE6FC, 0xE6FC, 0xE6FC, 0xE6FC, 0xE6FC, 0xE6FC, 0xE6FC,
    0xE6FC, 0xE6FC, 0xE6FC, 0xD659, 0x0000, 0x0000, 0x0000, 0x0000, 0x0000, 0x0000, 0x0000, 0x0000, 0x0000, 0x0000, 0x0000, 0x0000,
    0x0000, 0x0000, 0x0000, 0x0000, 0x0000, 0xE8AF, 0xE8AF, 0xE8AF, 0xE8AF, 0xE8AF, 0xE8AF, 0xE8AF, 0xE8AF, 0xE8AF, 0xE8AF, 0xE8AF,
    0xE8AF, 0xE8AF, 0xE8AF, 0xE8AF, 0xE8AF, 0xE8AF, 0xE8AF, 0xE8AF, 0xE8AF, 0xE8AF, 0xE8AF, 0xE8AF, 0xE8AF, 0xE8AF, 0xE8AF, 0xE8AF,
    0xE8AF, 0xE8AF, 0xE8AF, 0xE8AF, 0xE8AF, 0xE8AF, 0xE8AF, 0xE8AF, 0xE8AF, 0xE8AF, 0xE8AF, 0xE8AF, 0xE8AF, 0xE8AF, 0xE8AF, 0xE8AF,
    0xE8AF, 0xE8AF, 0xE8AF, 0xE8AF, 0xE8AF, 0xE8AF, 0xE8AF, 0xE8AF, 0xE8AF, 0xE8AF, 0xE8AF, 0xE8AF, 0xE8AF, 0xE8AF, 0xE8AF, 0xE8AF,
    0xE8AF, 0xE8AF, 0xE8AF, 0xE8AF, 0xE8AF, 0xE8AF, 0xE8AF, 0xE8AF, 0xE8AF, 0xE8AF, 0xE8AF, 0xE8AF, 0xE8AF, 0xE8AF, 0xE8AF, 0xE8AF,
    0xE8AF, 0xE8AF, 0xE8AF, 0xE8AF, 0xE8AF, 0xE8AF, 0xE8AF, 0xE8AF, 0xE8AF, 0xE8AF, 0xE8AF, 0xE8AF, 0xE8AF, 0xE8AF, 0xE8AF, 0xE8AF,
    0xE8AF, 0xE8AF, 0xE8AF, 0xE8AF, 0xE8AF, 0xE8AF, 0xE8AF, 0xE8AF, 0xE8AF, 0xE8AF, 0xE8AF, 0xE8AF, 0xE8AF, 0xE8AF, 0xE8AF, 0xE8AF,
    0xE8AF, 0xE8AF, 0xE8AF, 0xE8AF, 0xE8AF, 0xE8AF, 0xE8AF, 0xE8AF, 0xE8AF, 0xE8AF, 0xE8AF, 0xE8AF, 0xE8AF, 0xE8AF, 0xE8AF, 0xE8AF,
    0xE8AF, 0xE8AF, 0xE8AF, 0xE8AF, 0xE8AF, 0xE8AF, 0xE8AF, 0xE8AF, 0xE8AF, 0xE8AF, 0xE8AF, 0xE8AF, 0xE8AF, 0xE8AF, 0xE8AF, 0x3023,
    0x0000, 0x0000, 0x0000, 0x0000, 0x0000, 0x0000, 0x0000, 0x0000, 0x0000, 0x0000, 0x0000, 0x0000, 0x0000, 0x0000, 0x0000, 0x0000,
    0x9CD3, 0xE6FC, 0xE6FC, 0xE6FC, 0xE6FC, 0xE6FC, 0xE6FC, 0xE6FC, 0xE6FC, 0xE6FC, 0xE6FC, 0xE6FC, 0xE6FC, 0xE6FC, 0xE6FC, 0xE6FC,
    0xE6FC, 0xE6FC, 0xE6FC, 0xE6FC, 0xE6FC, 0xE6FC, 0xE6FC, 0xE6FC, 0xE6FC, 0xE6FC, 0xE6FC, 0xE6FC, 0xE6FC, 0xE6FC, 0xE6FC, 0xE6FC,
    0xE6FC, 0xE6FC, 0xE6FC, 0xE6FC, 0xE6FC, 0xE6FC, 0xE6FC, 0xE6FC, 0xE6FC, 0xE6FC, 0xE6FC, 0xE6FC, 0xE6FC, 0xE6FC, 0xE6FC, 0xE6FC,
    0xE6FC, 0xE6FC, 0xE6FC, 0xD659, 0x2965, 0x0000, 0x0000, 0x0000, 0x0000, 0x0000, 0x0000, 0x0000, 0x0000, 0x0000, 0x0000, 0x0000,
    0x6B4D, 0x0000, 0x0000, 0x0000, 0x0000, 0x0000, 0x0000, 0x0000, 0x0000, 0x0000, 0x0000, 0x0000, 0x2965, 0xE6FC, 0xE6FC, 0xE6FC,
    0xE6FC, 0xE6FC, 0xE6FC, 0xE6FC, 0xE6FC, 0xE6FC, 0xE6FC, 0xE6FC, 0xE6FC, 0xE6FC, 0xE6FC, 0xE6FC, 0xE6FC, 0xE6FC, 0xE6FC, 0xE6FC,
    0xE6FC, 0xE6FC, 0xE6FC, 0xE6FC, 0xE6FC, 0xE6FC, 0xE6FC, 0xE6FC, 0xE6FC, 0xE6FC, 0xE6FC, 0xE6FC, 0xE6FC, 0xE6FC, 0xE6FC, 0xE6FC,
    0xE6FC, 0xE6FC, 0xE6FC, 0xE6FC, 0xE6FC, 0xE6FC, 0xE6FC, 0xE6FC, 0xE6FC, 0xE6FC, 0xE6FC, 0xE6FC, 0xE6FC, 0xE6FC, 0xE6FC, 0xE6FC,
    0x8C51, 0x0000, 0x0000, 0x0000, 0x0000, 0x0000, 0x0000, 0x0000, 0x0000, 0x0000, 0x0000, 0x0000, 0x0000, 0x0000, 0x0000, 0x0000,
    0x0000, 0x3023, 0xE8AF, 0xE8AF, 0xE8AF, 0xE8AF, 0xE8AF, 0xE8AF, 0xE8AF, 0xE8AF, 0xE8AF, 0xE8AF, 0xE8AF, 0xE8AF, 0xE8AF, 0xE8AF,
    0xE8AF, 0xE8AF, 0xE8AF, 0xE8AF, 0xE8AF, 0xE8AF, 0xE8AF, 0xE8AF, 0xE8AF, 0xE8AF, 0xE8AF, 0xE8AF, 0xE8AF, 0xE8AF, 0xE8AF, 0xE8AF,
    0xE8AF, 0xE8AF, 0xE8AF, 0xE8AF, 0xE8AF, 0xE8AF, 0xE8AF, 0xE8AF, 0xE8AF, 0xE8AF, 0xE8AF, 0xE8AF, 0xE8AF, 0xE8AF, 0xE8AF, 0xE8AF,
    0xE8AF, 0xE8AF, 0xE8AF, 0xE8AF, 0xE8AF, 0xE8AF, 0xE8AF, 0xE8AF, 0xE8AF, 0xE8AF, 0xE8AF, 0xE8AF, 0xE8AF, 0xE8AF, 0xE8AF, 0xE8AF,
    0xE8AF, 0xE8AF, 0xE8AF, 0xE8AF, 0xE8AF, 0xE8AF, 0xE8AF, 0xE8AF, 0xE8AF, 0xE8AF, 0xE8AF, 0xE8AF, 0xE8AF, 0xE8AF, 0xE8AF, 0xE8AF,
    0xE8AF, 0xE8AF, 0xE8AF, 0xE8AF, 0xE8AF, 0xE8AF, 0xE8AF, 0xE8AF, 0xE8AF, 0xE8AF, 0xE8AF, 0xE8AF, 0xE8AF, 0xE8AF, 0xE8AF, 0xE8AF,
    0xE8AF, 0xE8AF, 0xE8AF, 0xE8AF, 0xE8AF, 0xE8AF, 0xE8AF, 0xE8AF, 0xE8AF, 0xE8AF, 0xE8AF, 0xE8AF, 0xE8AF, 0xE8AF, 0xE8AF, 0xE8AF,
    0xE8AF, 0xE8AF, 0xE8AF, 0xE8AF, 0xE8AF, 0xE8AF, 0xE8AF, 0xE8AF, 0xE8AF, 0xE8AF, 0xE8AF, 0xE8AF, 0xE8AF, 0xE8AF, 0xE8AF, 0xE8AF,
    0xE8AF, 0xE8AF, 0xE8AF, 0xE8AF, 0xE8AF, 0xE8AF, 0xE8AF, 0xE8AF, 0xE8AF, 0xE8AF, 0xA88B, 0x0000, 0x0000, 0x0000, 0x0000, 0x0000,
    0x0000, 0x0000, 0x0000, 0x0000, 0x0000, 0x0000, 0x0000, 0x0000, 0x0000, 0x0000, 0x0000, 0x2965, 0xE6FC, 0xE6FC, 0xE6FC, 0xE6FC,
    0xE6FC, 0xE6FC, 0xE6FC, 0xE6FC, 0xE6FC, 0xE6FC, 0xE6FC, 0xE6FC, 0xE6FC, 0xE6FC, 0xE6FC, 0xE6FC, 0xE6FC, 0xE6FC, 0xE6FC, 0xE6FC,
    0xE6FC, 0xE6FC, 0xE6FC, 0xE6FC, 0xE6FC, 0xE6FC, 0xE6FC, 0xE6FC, 0xE6FC, 0xE6FC, 0xE6FC, 0xE6FC, 0xE6FC, 0xE6FC, 0xE6FC, 0xE6FC,
    0xE6FC, 0xE6FC, 0xE6FC, 0xE6FC, 0xE6FC, 0xE6FC, 0xE6FC, 0xE6FC, 0xE6FC, 0xE6FC, 0xE6FC, 0xE6FC, 0xE6FC, 0xE6FC, 0xE6FC, 0x6B4D,
    0x0000, 0x0000, 0x0000, 0x0000, 0x0000, 0x0000, 0x0000, 0x0000, 0x0000, 0x0000, 0x0000, 0x4A49, 0x8C72, 0x4A49, 0x0000, 0x0000,
    0x0000, 0x0000, 0x0000, 0x0000, 0x0000, 0x0000, 0x0000, 0x0000, 0x0000, 0x6B4D, 0xE6FC, 0xE6FC, 0xE6FC, 0xE6FC, 0xE6FC, 0xE6FC,
    0xE6FC, 0xE6FC, 0xE6FC, 0xE6FC, 0xE6FC, 0xE6FC, 0xE6FC, 0xE6FC, 0xE6FC, 0xE6FC, 0xE6FC, 0xE6FC, 0xE6FC, 0xE6FC, 0xE6FC, 0xE6FC,
    0xE6FC, 0xE6FC, 0xE6FC, 0xE6FC, 0xE6FC, 0xE6FC, 0xE6FC, 0xE6FC, 0xE6FC, 0xE6FC, 0xE6FC, 0xE6FC, 0xE6FC, 0xE6FC, 0xE6FC, 0xE6FC,
    0xE6FC, 0xE6FC, 0xE6FC, 0xE6FC, 0xE6FC, 0xE6FC, 0xE6FC, 0xE6FC, 0xE6FC, 0xE6FC, 0xE6FC, 0xE6FC, 0xE6FC, 0x2965, 0x0000, 0x0000,
    0x0000, 0x0000, 0x0000, 0x0000, 0x0000, 0x0000, 0x0000, 0x0000, 0x0000, 0x0000, 0x0000, 0x0000, 0x0000, 0x0000, 0xA88B, 0xE8AF,
    0xE8AF, 0xE8AF, 0xE8AF, 0xE8AF, 0xE8AF, 0xE8AF, 0xE8AF, 0xE8AF, 0xE8AF, 0xE8AF, 0xE8AF, 0xE8AF, 0xE8AF, 0xE8AF, 0xE8AF, 0xE8AF,
    0xE8AF, 0xE8AF, 0xE8AF, 0xE8AF, 0xE8AF, 0xE8AF, 0xE8AF, 0xE8AF, 0xE8AF, 0xE8AF, 0xE8AF, 0xE8AF, 0xE8AF, 0xE8AF, 0xE8AF, 0xE8AF,
    0xE8AF, 0xE8AF, 0xE8AF, 0xE8AF, 0xE8AF, 0xE8AF, 0xE8AF, 0xE8AF, 0xE8AF, 0xE8AF, 0xE8AF, 0xE8AF, 0xE8AF, 0xE8AF, 0xE8AF, 0xE8AF,
    0xE8AF, 0xE8AF, 0xE8AF, 0xE8AF, 0xE8AF, 0xE8AF, 0xE8AF, 0xE8AF, 0xE8AF, 0xE8AF, 0xE8AF, 0xE8AF, 0xE8AF, 0xE8AF, 0xE8AF, 0xE8AF,
    0xE8AF, 0xE8AF, 0xE8AF, 0xE8AF, 0xE8AF, 0xE8AF, 0xE8AF, 0xE8AF, 0xE8AF, 0xE8AF, 0xE8AF, 0xE8AF, 0xE8AF, 0xE8AF, 0xE8AF, 0xE8AF,
    0xE8AF, 0xE8AF, 0xE8AF, 0xE8AF, 0xE8AF, 0xE8AF, 0xE8AF, 0xE8AF, 0xE8AF, 0xE8AF, 0xE8AF, 0xE8AF, 0xE8AF, 0xE8AF, 0xE8AF, 0xE8AF,
    0xE8AF, 0xE8AF, 0xE8AF, 0xE8AF, 0xE8AF, 0xE8AF, 0xE8AF, 0xE8AF, 0xE8AF, 0xE8AF, 0xE8AF, 0xE8AF, 0xE8AF, 0xE8AF, 0xE8AF, 0xE8AF,
    0xE8AF, 0xE8AF, 0xE8AF, 0xE8AF, 0xE8AF, 0xE8AF, 0xE8AF, 0xE8AF, 0xE8AF, 0xE8AF, 0xE8AF, 0xE8AF, 0xE8AF, 0xE8AF, 0xE8AF, 0xE8AF,
    0xE8AF, 0xE8AF, 0xE8AF, 0xE8AF, 0xE8AF, 0xE8AF, 0x0000, 0x0000, 0x0000, 0x0000, 0x0000, 0x0000, 0x0000, 0x0000, 0x0000, 0x0000,
    0x0000, 0x0000, 0x0000, 0x0000, 0x0000, 0x0000, 0x0000, 0xD659, 0xE6FC, 0xE6FC, 0xE6FC, 0xE6FC, 0xE6FC, 0xE6FC, 0xE6FC, 0xE6FC,
    0xE6FC, 0xE6FC, 0xE6FC, 0xE6FC, 0xE6FC, 0xE6FC, 0xE6FC, 0xE6FC, 0xE6FC, 0xE6FC, 0xE6FC, 0xE6FC, 0xE6FC, 0xE6FC, 0xE6FC, 0xE6FC,
    0xE6FC, 0xE6FC, 0xE6FC, 0xE6FC, 0xE6FC, 0xE6FC, 0xE6FC, 0xE6FC, 0xE6FC, 0xE6FC, 0xE6FC, 0xE6FC, 0xE6FC, 0xE6FC, 0xE6FC, 0xE6FC,
    0xE6FC, 0xE6FC, 0xE6FC, 0xE6FC, 0xE6FC, 0xE6FC, 0xE6FC, 0xE6FC, 0xE6FC, 0xE6FC, 0xAD55, 0x0000, 0x0000, 0x0000, 0x0000, 0x0000,
    0x0000, 0x0000, 0x0000, 0x0000, 0x0000, 0x0000, 0x2965, 0x8C72, 0x8C72, 0x8C72, 0x2965, 0x0000, 0x0000, 0x0000, 0x0000, 0x0000,
    0x0000, 0x0000, 0x0000, 0x0000, 0x0000, 0x0000, 0xAD55, 0xE6FC, 0xE6FC, 0xE6FC, 0xE6FC, 0xE6FC, 0xE6FC, 0xE6FC, 0xE6FC, 0xE6FC,
    0xE6FC, 0xE6FC, 0xE6FC, 0xE6FC, 0xE6FC, 0xE6FC, 0xE6FC, 0xE6FC, 0xE6FC, 0xE6FC, 0xE6FC, 0xE6FC, 0xE6FC, 0xE6FC, 0xE6FC, 0xE6FC,
    0xE6FC, 0xE6FC, 0xE6FC, 0xE6FC, 0xE6FC, 0xE6FC, 0xE6FC, 0xE6FC, 0xE6FC, 0xE6FC, 0xE6FC, 0xE6FC, 0xE6FC, 0xE6FC, 0xE6FC, 0xE6FC,
    0xE6FC, 0xE6FC, 0xE6FC, 0xE6FC, 0xE6FC, 0xE6FC, 0xE6FC, 0xE6FC, 0xE6FC, 0xD659, 0x0000, 0x0000, 0x0000, 0x0000, 0x0000, 0x0000,
    0x0000, 0x0000, 0x0000, 0x0000, 0x0000, 0x0000, 0x0000, 0x0000, 0x0000, 0x0000, 0x3023, 0xE8AF, 0xE8AF, 0xE8AF, 0xE8AF, 0xE8AF,
    0xE8AF, 0xE8AF, 0xE8AF, 0xE8AF, 0xE8AF, 0xE8AF, 0xE8AF, 0xE8AF, 0xE8AF, 0xE8AF, 0xE8AF, 0xE8AF, 0xE8AF, 0xE8AF, 0xE8AF, 0xE8AF,
    0xE8AF, 0xE8AF, 0xE8AF, 0xE8AF, 0xE8AF, 0xE8AF, 0xE8AF, 0xE8AF, 0xE8AF, 0xE8AF, 0xE8AF, 0xE8AF, 0xE8AF, 0xE8AF, 0xE8AF, 0xE8AF,
    0xE8AF, 0xE8AF, 0xE8AF, 0xE8AF, 0xE8AF, 0xE8AF, 0xE8AF, 0xE8AF, 0xE8AF, 0xE8AF, 0xE8AF, 0xE8AF, 0xE8AF, 0xE8AF, 0xE8AF, 0xE8AF,
    0xE8AF, 0xE8AF, 0xE8AF, 0xE8AF, 0xE8AF, 0xE8AF, 0xE8AF, 0xE8AF, 0xE8AF, 0xE8AF, 0xE8AF, 0xE8AF, 0xE8AF, 0xE8AF, 0xE8AF, 0xE8AF,
    0xE8AF, 0xE8AF, 0xE8AF, 0xE8AF, 0xE8AF, 0xE8AF, 0xE8AF, 0xE8AF, 0xE8AF, 0xE8AF, 0xE8AF, 0xE8AF, 0xE8AF, 0xE8AF, 0xE8AF, 0xE8AF,
    0xE8AF, 0xE8AF, 0xE8AF, 0xE8AF, 0xE8AF, 0xE8AF, 0xE8AF, 0xE8AF, 0xE8AF, 0xE8AF, 0xE8AF, 0xE8AF, 0xE8AF, 0xE8AF, 0xE8AF, 0xE8AF,
    0xE8AF, 0xE8AF, 0xE8AF, 0xE8AF, 0xE8AF, 0xE8AF, 0xE8AF, 0xE8AF, 0xE8AF, 0xE8AF, 0xE8AF, 0xE8AF, 0xE8AF, 0xE8AF, 0xE8AF, 0xE8AF,
    0xE8AF, 0xE8AF, 0xE8AF, 0xE8AF, 0xE8AF, 0xE8AF, 0xE8AF, 0xE8AF, 0xE8AF, 0xE8AF, 0xE8AF, 0xE8AF, 0xE8AF, 0xE8AF, 0xE8AF, 0xE8AF,
    0xE8AF, 0x7067, 0x0000, 0x0000, 0x0000, 0x0000, 0x0000, 0x0000, 0x0000, 0x0000, 0x0000, 0x0000, 0x0000, 0x0000, 0x0000, 0x0000,
    0x0000, 0x0000, 0x6B4D, 0xE6FC, 0xE6FC, 0xE6FC, 0xE6FC, 0xE6FC, 0xE6FC, 0xE6FC, 0xE6FC, 0xE6FC, 0xE6FC, 0xE6FC, 0xE6FC, 0xE6FC,
    0xE6FC, 0xE6FC, 0xE6FC, 0xE6FC, 0xE6FC, 0xE6FC, 0xE6FC, 0xE6FC, 0xE6FC, 0xE6FC, 0xE6FC, 0xE6FC, 0xE6FC, 0xE6FC, 0xE6FC, 0xE6FC,
    0xE6FC, 0xE6FC, 0xE6FC, 0xE6FC, 0xE6FC, 0xE6FC, 0xE6FC, 0xE6FC, 0xE6FC, 0xE6FC, 0xE6FC, 0xE6FC, 0xE6FC, 0xE6FC, 0xE6FC, 0xE6FC,
    0xE6FC, 0xE6FC, 0xE6FC, 0xE6FC, 0xE6FC, 0xD659, 0x2965, 0x0000, 0x0000, 0x0000, 0x0000, 0x0000, 0x0000, 0x0000, 0x0000, 0x0000,
    0x0000, 0x0000, 0x7BEF, 0x8C72, 0x8C72, 0x8C72, 0x6B4D, 0x0000, 0x0000, 0x0000, 0x0000, 0x0000, 0x0000, 0x0000, 0x0000, 0x0000,
    0x0000, 0x0000, 0x2965, 0xE6FC, 0xE6FC, 0xE6FC, 0xE6FC, 0xE6FC, 0xE6FC, 0xE6FC, 0xE6FC, 0xE6FC, 0xE6FC, 0xE6FC, 0xE6FC, 0xE6FC,
    0xE6FC, 0xE6FC, 0xE6FC, 0xE6FC, 0xE6FC, 0xE6FC, 0xE6FC, 0xE6FC, 0xE6FC, 0xE6FC, 0xE6FC, 0xE6FC, 0xE6FC, 0xE6FC, 0xE6FC, 0xE6FC,
    0xE6FC, 0xE6FC, 0xE6FC, 0xE6FC, 0xE6FC, 0xE6FC, 0xE6FC, 0xE6FC, 0xE6FC, 0xE6FC, 0xE6FC, 0xE6FC, 0xE6FC, 0xE6FC, 0xE6FC, 0xE6FC,
    0xE6FC, 0xE6FC, 0xE6FC, 0xE6FC, 0xE6FC, 0xE6FC, 0x6B4D, 0x0000, 0x0000, 0x0000, 0x0000, 0x0000, 0x0000, 0x0000, 0x0000, 0x0000,
    0x0000, 0x0000, 0x0000, 0x0000, 0x0000, 0x0000, 0x0000, 0x7067, 0xE8AF, 0xE8AF, 0xE8AF, 0xE8AF, 0xE8AF, 0xE8AF, 0xE8AF, 0xE8AF,
    0xE8AF, 0xE8AF, 0xE8AF, 0xE8AF, 0xE8AF, 0xE8AF, 0xE8AF, 0xE8AF, 0xE8AF, 0xE8AF, 0xE8AF, 0xE8AF, 0xE8AF, 0xE8AF, 0xE8AF, 0xE8AF,
    0xE8AF, 0xE8AF, 0xE8AF, 0xE8AF, 0xE8AF, 0xE8AF, 0xE8AF, 0xE8AF, 0xE8AF, 0xE8AF, 0xE8AF, 0xE8AF, 0xE8AF, 0xE8AF, 0xE8AF, 0xE8AF,
    0xE8AF, 0xE8AF, 0xE8AF, 0xE8AF, 0xE8AF, 0xE8AF, 0xE8AF, 0xE8AF, 0xE8AF, 0xE8AF, 0xE8AF, 0xE8AF, 0xE8AF, 0xE8AF, 0xE8AF, 0xE8AF,
    0xE8AF, 0xE8AF, 0xE8AF, 0xE8AF, 0xE8AF, 0xE8AF, 0xE8AF, 0xE8AF, 0xE8AF, 0xE8AF, 0xE8AF, 0xE8AF, 0xE8AF, 0xE8AF, 0xE8AF, 0xE8AF,
    0xE8AF, 0xE8AF, 0xE8AF, 0xE8AF, 0xE8AF, 0xE8AF, 0xE8AF, 0xE8AF, 0xE8AF, 0xE8AF, 0xE8AF, 0xE8AF, 0xE8AF, 0xE8AF, 0xE8AF, 0xE8AF,
    0xE8AF, 0xE8AF, 0xE8AF, 0xE8AF, 0xE8AF, 0xE8AF, 0xE8AF, 0xE8AF, 0xE8AF, 0xE8AF, 0xE8AF, 0xE8AF, 0xE8AF, 0xE8AF, 0xE8AF, 0xE8AF,
    0xE8AF, 0xE8AF, 0xE8AF, 0xE8AF, 0xE8AF, 0xE8AF, 0xE8AF, 0xE8AF, 0xE8AF, 0xE8AF, 0xE8AF, 0xE8AF, 0xE8AF, 0xE8AF, 0xE8AF, 0xE8AF,
    0xE8AF, 0xE8AF, 0xE8AF, 0xE8AF, 0xE8AF, 0xE8AF, 0xE8AF, 0xE8AF, 0xE8AF, 0xE8AF, 0xE8AF, 0xE8AF, 0xA88B, 0x0000, 0x0000, 0x0000,
    0x0000, 0x0000, 0x0000, 0x0000, 0x0000, 0x0000, 0x0000, 0x0000, 0x0000, 0x0000, 0x0000, 0x0000, 0x0000, 0x2965, 0xE6FC, 0xE6FC,
    0xE6FC, 0xE6FC, 0xE6FC, 0xE6FC, 0xE6FC, 0xE6FC, 0xE6FC, 0xE6FC, 0xE6FC, 0xE6FC, 0xE6FC, 0xE6FC, 0xE6FC, 0xE6FC, 0xE6FC, 0xE6FC,
    0xE6FC, 0xE6FC, 0xE6FC, 0xE6FC, 0xE6FC, 0xE6FC, 0xE6FC, 0xE6FC, 0xE6FC, 0xE6FC, 0xE6FC, 0xE6FC, 0xE6FC, 0xE6FC, 0xE6FC, 0xE6FC,
    0xE6FC, 0xE6FC, 0xE6FC, 0xE6FC, 0xE6FC, 0xE6FC, 0xE6FC, 0xE6FC, 0xE6FC, 0xE6FC, 0xE6FC, 0xE6FC, 0xE6FC, 0xE6FC, 0xE6FC, 0xE6FC,
    0xE6FC, 0x6B4D, 0x0000, 0x0000, 0x0000, 0x0000, 0x0000, 0x0000, 0x0000, 0x0000, 0x0000, 0x0000, 0x0000, 0x4A49, 0x8C72, 0x8C72,
    0x8C72, 0x8C72, 0x8C72, 0x4A49, 0x0000, 0x0000, 0x0000, 0x0000, 0x0000, 0x0000, 0x0000, 0x0000, 0x0000, 0x0000, 0x0000, 0x6B4D,
    0xE6FC, 0xE6FC, 0xE6FC, 0xE6FC, 0xE6FC, 0xE6FC, 0xE6FC, 0xE6FC, 0xE6FC, 0xE6FC, 0xE6FC, 0xE6FC, 0xE6FC, 0xE6FC, 0xE6FC, 0xE6FC,
    0xE6FC, 0xE6FC, 0xE6FC, 0xE6FC, 0xE6FC, 0xE6FC, 0xE6FC, 0xE6FC, 0xE6FC, 0xE6FC, 0xE6FC, 0xE6FC, 0xE6FC, 0xE6FC, 0xE6FC, 0xE6FC,
    0xE6FC, 0xE6FC, 0xE6FC, 0xE6FC, 0xE6FC, 0xE6FC, 0xE6FC, 0xE6FC, 0xE6FC, 0xE6FC, 0xE6FC, 0xE6FC, 0xE6FC, 0xE6FC, 0xE6FC, 0xE6FC,
    0xE6FC, 0xE6FC, 0xE6FC, 0x2965, 0x0000, 0x0000, 0x0000, 0x0000, 0x0000, 0x0000, 0x0000, 0x0000, 0x0000, 0x0000, 0x0000, 0x0000,
    0x0000, 0x0000, 0x0000, 0x0000, 0xA88B, 0xE8AF, 0xE8AF, 0xE8AF, 0xE8AF, 0xE8AF, 0xE8AF, 0xE8AF, 0xE8AF, 0xE8AF, 0xE8AF, 0xE8AF,
    0xE8AF, 0xE8AF, 0xE8AF, 0xE8AF, 0xE8AF, 0xE8AF, 0xE8AF, 0xE8AF, 0xE8AF, 0xE8AF, 0xE8AF, 0xE8AF, 0xE8AF, 0xE8AF, 0xE8AF, 0xE8AF,
    0xE8AF, 0xE8AF, 0xE8AF, 0xE8AF, 0xE8AF, 0xE8AF, 0xE8AF, 0xE8AF, 0xE8AF, 0xE8AF, 0xE8AF, 0xE8AF, 0xE8AF, 0xE8AF, 0xE8AF, 0xE8AF,
    0xE8AF, 0xE8AF, 0xE8AF, 0xE8AF, 0xE8AF, 0xE8AF, 0xE8AF, 0xE8AF, 0xE8AF, 0xE8AF, 0xE8AF, 0xE8AF, 0xE8AF, 0xE8AF, 0xE8AF, 0xE8AF,
    0xE8AF, 0xE8AF, 0xE8AF, 0xE8AF, 0xE8AF, 0xE8AF, 0xE8AF, 0xE8AF, 0xE8AF, 0xE8AF, 0xE8AF, 0xE8AF, 0xE8AF, 0xE8AF, 0xE8AF, 0xE8AF,
    0xE8AF, 0xE8AF, 0xE8AF, 0xE8AF, 0xE8AF, 0xE8AF, 0xE8AF, 0xE8AF, 0xE8AF, 0xE8AF, 0xE8AF, 0xE8AF, 0xE8AF, 0xE8AF, 0xE8AF, 0xE8AF,
    0xE8AF, 0xE8AF, 0xE8AF, 0xE8AF, 0xE8AF, 0xE8AF, 0xE8AF, 0xE8AF, 0xE8AF, 0xE8AF, 0xE8AF, 0xE8AF, 0xE8AF, 0xE8AF, 0xE8AF, 0xE8AF,
    0xE8AF, 0xE8AF, 0xE8AF, 0xE8AF, 0xE8AF, 0xE8AF, 0xE8AF, 0xE8AF, 0xE8AF, 0xE8AF, 0xE8AF, 0xE8AF, 0xE8AF, 0xE8AF, 0xE8AF, 0xE8AF,
    0xE8AF, 0xE8AF, 0xE8AF, 0xE8AF, 0xE8AF, 0xE8AF, 0xE8AF, 0xE8AF, 0x3023, 0x0000, 0x0000, 0x0000, 0x0000, 0x0000, 0x0000, 0x0000,
    0x0000, 0x0000, 0x0000, 0x0000, 0x0000, 0x0000, 0x0000, 0x0000, 0x0000, 0xAD55, 0xE6FC, 0xE6FC, 0xE6FC, 0xE6FC, 0xE6FC, 0xE6FC,
    0xE6FC, 0xE6FC, 0xE6FC, 0xE6FC, 0xE6FC, 0xE6FC, 0xE6FC, 0xE6FC, 0xE6FC, 0xE6FC, 0xE6FC, 0xE6FC, 0xE6FC, 0xE6FC, 0xE6FC, 0xE6FC,
    0xE6FC, 0xE6FC, 0xE6FC, 0xE6FC, 0xE6FC, 0xE6FC, 0xE6FC, 0xE6FC, 0xE6FC, 0xE6FC, 0xE6FC, 0xE6FC, 0xE6FC, 0xE6FC, 0xE6FC, 0xE6FC,
    0xE6FC, 0xE6FC, 0xE6FC, 0xE6FC, 0xE6FC, 0xE6FC, 0xE6FC, 0xE6FC, 0xE6FC, 0xE6FC, 0xE6FC, 0xE6FC, 0xAD55, 0x0000, 0x0000, 0x0000,
    0x0000, 0x0000, 0x0000, 0x0000, 0x0000, 0x0000, 0x0000, 0x0000, 0x2965, 0x8C72, 0x8C72, 0x8C72, 0x8C72, 0x8C72, 0x8C72, 0x8C72,
    0x2965, 0x0000, 0x0000, 0x0000, 0x0000, 0x0000, 0x0000, 0x0000, 0x0000, 0x0000, 0x0000, 0x0000, 0xAD55, 0xE6FC, 0xE6FC, 0xE6FC,
    0xE6FC, 0xE6FC, 0xE6FC, 0xE6FC, 0xE6FC, 0xE6FC, 0xE6FC, 0xE6FC, 0xE6FC, 0xE6FC, 0xE6FC, 0xE6FC, 0xE6FC, 0xE6FC, 0xE6FC, 0xE6FC,
    0xE6FC, 0xE6FC, 0xE6FC, 0xE6FC, 0xE6FC, 0xE6FC, 0xE6FC, 0xE6FC, 0xE6FC, 0xE6FC, 0xE6FC, 0xE6FC, 0xE6FC, 0xE6FC, 0xE6FC, 0xE6FC,
    0xE6FC, 0xE6FC, 0xE6FC, 0xE6FC, 0xE6FC, 0xE6FC, 0xE6FC, 0xE6FC, 0xE6FC, 0xE6FC, 0xE6FC, 0xE6FC, 0xE6FC, 0xE6FC, 0xE6FC, 0xAD55,
    0x0000, 0x0000, 0x0000, 0x0000, 0x0000, 0x0000, 0x0000, 0x0000, 0x0000, 0x0000, 0x0000, 0x0000, 0x0000, 0x0000, 0x0000, 0x0000,
    0x3023, 0xE8AF, 0xE8AF, 0xE8AF, 0xE8AF, 0xE8AF, 0xE8AF, 0xE8AF, 0xE8AF, 0xE8AF, 0xE8AF, 0xE8AF, 0xE8AF, 0xE8AF, 0xE8AF, 0xE8AF,
    0xE8AF, 0xE8AF, 0xE8AF, 0xE8AF, 0xE8AF, 0xE8AF, 0xE8AF, 0xA88B, 0x7067, 0x7067, 0x7067, 0x7067, 0x7067, 0x7067, 0x7067, 0x7067,
    0x7067, 0x7067, 0x7067, 0x7067, 0x7067, 0x7067, 0x7067, 0x7067, 0x7067, 0x7067, 0x7067, 0x7067, 0x7067, 0x7067, 0x7067, 0x7067,
    0x7067, 0x7067, 0x7067, 0x7067, 0x7067, 0x7067, 0x7067, 0x7067, 0x7067, 0x7067, 0x7067, 0x7067, 0x7067, 0x7067, 0x7067, 0x7067,
    0x7067, 0x7067, 0x7067, 0x7067, 0x7067, 0x7067, 0x7067, 0x7067, 0x7067, 0x7067, 0x7067, 0x7067, 0x7067, 0x7067, 0x7067, 0x7067,
    0x7067, 0x7067, 0x7067, 0x7067, 0x7067, 0x7067, 0x7067, 0x7067, 0x7067, 0x7067, 0x7067, 0x7067, 0x7067, 0x7067, 0x7067, 0x7067,
    0x7067, 0x7067, 0x7067, 0x7067, 0x7067, 0x7067, 0x7067, 0x7067, 0x7067, 0x7067, 0x7067, 0x7067, 0xA88B, 0xE8AF, 0xE8AF, 0xE8AF,
    0xE8AF, 0xE8AF, 0xE8AF, 0xE8AF, 0xE8AF, 0xE8AF, 0xE8AF, 0xE8AF, 0xE8AF, 0xE8AF, 0xE8AF, 0xE8AF, 0xE8AF, 0xE8AF, 0xE8AF, 0xE8AF,
    0xE8AF, 0xE8AF, 0xE8AF, 0x7067, 0x0000, 0x0000, 0x0000, 0x0000, 0x0000, 0x0000, 0x0000, 0x0000, 0x0000, 0x0000, 0x0000, 0x0000,
    0x0000, 0x0000, 0x0000, 0x0000, 0x6B4D, 0xE6FC, 0xE6FC, 0xE6FC, 0xE6FC, 0xE6FC, 0xE6FC, 0xE6FC, 0xE6FC, 0xE6FC, 0xE6FC, 0xE6FC,
    0xE6FC, 0xE6FC, 0xE6FC, 0xE6FC, 0xE6FC, 0xE6FC, 0xE6FC, 0xE6FC, 0xE6FC, 0xE6FC, 0xE6FC, 0xE6FC, 0xE6FC, 0xE6FC, 0xE6FC, 0xE6FC,
    0xE6FC, 0xE6FC, 0xE6FC, 0xE6FC, 0xE6FC, 0xE6FC, 0xE6FC, 0xE6FC, 0xE6FC, 0xE6FC, 0xE6FC, 0xE6FC, 0xE6FC, 0xE6FC, 0xE6FC, 0xE6FC,
    0xE6FC, 0xE6FC, 0xE6FC, 0xE6FC, 0xE6FC, 0xE6FC, 0xE6FC, 0xD659, 0x2965, 0x0000, 0x0000, 0x0000, 0x0000, 0x0000, 0x0000, 0x0000,
    0x0000, 0x0000, 0x0000, 0x0000, 0x7BEF, 0x8C72, 0x8C72, 0x8C72, 0x8C72, 0x8C72, 0x8C72, 0x8C72, 0x7BEF, 0x0000, 0x0000, 0x0000,
    0x0000, 0x0000, 0x0000, 0x0000, 0x0000, 0x0000, 0x0000, 0x0000, 0x2965, 0xE6FC, 0xE6FC, 0xE6FC, 0xE6FC, 0xE6FC, 0xE6FC, 0xE6FC,
    0xE6FC, 0xE6FC, 0xE6FC, 0xE6FC, 0xE6FC, 0xE6FC, 0xE6FC, 0xE6FC, 0xE6FC, 0xE6FC, 0xE6FC, 0xE6FC, 0xE6FC, 0xE6FC, 0xE6FC, 0xE6FC,
    0xE6FC, 0xE6FC, 0xE6FC, 0xE6FC, 0xE6FC, 0xE6FC, 0xE6FC, 0xE6FC, 0xE6FC, 0xE6FC, 0xE6FC, 0xE6FC, 0xE6FC, 0xE6FC, 0xE6FC, 0xE6FC,
    0xE6FC, 0xE6FC, 0xE6FC, 0xE6FC, 0xE6FC, 0xE6FC, 0xE6FC, 0xE6FC, 0xE6FC, 0xE6FC, 0xE6FC, 0xE6FC, 0x6B4D, 0x0000, 0x0000, 0x0000,
    0x0000, 0x0000, 0x0000, 0x0000, 0x0000, 0x0000, 0x0000, 0x0000, 0x0000, 0x0000, 0x0000, 0x0000, 0x0000, 0x7067, 0xE8AF, 0xE8AF,
    0xE8AF, 0xE8AF, 0xE8AF, 0xE8AF, 0xE8AF, 0xE8AF, 0xE8AF, 0xE8AF, 0xE8AF, 0xE8AF, 0xE8AF, 0xE8AF, 0xE8AF, 0xE8AF, 0xE8AF, 0xE8AF,
    0xE8AF, 0xE8AF, 0xE8AF, 0xE8AF, 0x3023, 0x0000, 0x0000, 0x0000, 0x0000, 0x0000, 0x0000, 0x0000, 0x0000, 0x0000, 0x0000, 0x0000,
    0x0000, 0x0000, 0x0000, 0x0000, 0x0000, 0x0000, 0x0000, 0x0000, 0x0000, 0x0000, 0x0000, 0x0000, 0x0000, 0x0000, 0x0000, 0x0000,
    0x0000, 0x0000, 0x0000, 0x0000, 0x0000, 0x0000, 0x0000, 0x0000, 0x0000, 0x0000, 0x0000, 0x0000, 0x0000, 0x0000, 0x0000, 0x0000,
    0x0000, 0x0000, 0x0000, 0x0000, 0x0000, 0x0000, 0x0000, 0x0000, 0x0000, 0x0000, 0x0000, 0x0000, 0x0000, 0x0000, 0x0000, 0x0000,
    0x0000, 0x0000, 0x0000, 0x0000, 0x0000, 0x0000, 0x0000, 0x0000, 0x0000, 0x0000, 0x0000, 0x0000, 0x0000, 0x0000, 0x0000, 0x0000,
    0x0000, 0x0000, 0x0000, 0x0000, 0x0000, 0x0000, 0x0000, 0x0000, 0xA88B, 0xE8AF, 0xE8AF, 0xE8AF, 0xE8AF, 0xE8AF, 0xE8AF, 0xE8AF,
    0xE8AF, 0xE8AF, 0xE8AF, 0xE8AF, 0xE8AF, 0xE8AF, 0xE8AF, 0xE8AF, 0xE8AF, 0xE8AF, 0xE8AF, 0xE8AF, 0xE8AF, 0xE8AF, 0xE8AF, 0x0000,
    0x0000, 0x0000, 0x0000, 0x0000, 0x0000, 0x0000, 0x0000, 0x0000, 0x0000, 0x0000, 0x0000, 0x0000, 0x0000, 0x0000, 0x0000, 0x2965,
    0xD659, 0xE6FC, 0xE6FC, 0xE6FC, 0xE6FC, 0xE6FC, 0xE6FC, 0xE6FC, 0xE6FC, 0xE6FC, 0xE6FC, 0xE6FC, 0xE6FC, 0xE6FC, 0xE6FC, 0xE6FC,
    0xE6FC, 0xE6FC, 0xE6FC, 0xE6FC, 0xE6FC, 0xE6FC, 0xE6FC, 0xE6FC, 0xE6FC, 0xE6FC, 0xE6FC, 0xE6FC, 0xE6FC, 0xE6FC, 0xE6FC, 0xE6FC,
    0xE6FC, 0xE6FC, 0xE6FC, 0xE6FC, 0xE6FC, 0xE6FC, 0xE6FC, 0xE6FC, 0xE6FC, 0xE6FC, 0xE6FC, 0xE6FC, 0xE6FC, 0xE6FC, 0xE6FC, 0xE6FC,
    0xE6FC, 0xE6FC, 0xE6FC, 0x6B4D, 0x0000, 0x0000, 0x0000, 0x0000, 0x0000, 0x0000, 0x0000, 0x0000, 0x0000, 0x0000, 0x0000, 0x6B4D,
    0x8C72, 0x8C72, 0x8C72, 0x8C72, 0x8C72, 0x8C72, 0x8C72, 0x8C72, 0x8C72, 0x4A49, 0x0000, 0x0000, 0x0000, 0x0000, 0x0000, 0x0000,
    0x0000, 0x0000, 0x0000, 0x0000, 0x0000, 0x6B4D, 0xE6FC, 0xE6FC, 0xE6FC, 0xE6FC, 0xE6FC, 0xE6FC, 0xE6FC, 0xE6FC, 0xE6FC, 0xE6FC,
    0xE6FC, 0xE6FC, 0xE6FC, 0xE6FC, 0xE6FC, 0xE6FC, 0xE6FC, 0xE6FC, 0xE6FC, 0xE6FC, 0xE6FC, 0xE6FC, 0xE6FC, 0xE6FC, 0xE6FC, 0xE6FC,
    0xE6FC, 0xE6FC, 0xE6FC, 0xE6FC, 0xE6FC, 0xE6FC, 0xE6FC, 0xE6FC, 0xE6FC, 0xE6FC, 0xE6FC, 0xE6FC, 0xE6FC, 0xE6FC, 0xE6FC, 0xE6FC,
    0xE6FC, 0xE6FC, 0xE6FC, 0xE6FC, 0xE6FC, 0xE6FC, 0xE6FC, 0xE6FC, 0xD659, 0x2965, 0x0000, 0x0000, 0x0000, 0x0000, 0x0000, 0x0000,
    0x0000, 0x0000, 0x0000, 0x0000, 0x0000, 0x0000, 0x0000, 0x0000, 0x0000, 0x0000, 0xE8AF, 0xE8AF, 0xE8AF, 0xE8AF, 0xE8AF, 0xE8AF,
    0xE8AF, 0xE8AF, 0xE8AF, 0xE8AF, 0xE8AF, 0xE8AF, 0xE8AF, 0xE8AF, 0xE8AF, 0xE8AF, 0xE8AF, 0xE8AF, 0xE8AF, 0xE8AF, 0xE8AF, 0xE8AF,
    0xA88B, 0x0000, 0x0000, 0x0000, 0x0000, 0x0000, 0x0000, 0x0000, 0x0000, 0x0000, 0x0000, 0x0000, 0x0000, 0x0000, 0x0000, 0x0000,
    0x0000, 0x0000, 0x0000, 0x0000, 0x0000, 0x0000, 0x0000, 0x0000, 0x0000, 0x0000, 0x0000, 0x0000, 0x0000, 0x0000, 0x0000, 0x0000,
    0x0000, 0x0000, 0x0000, 0x0000, 0x0000, 0x0000, 0x0000, 0x0000, 0x0000, 0x0000, 0x0000, 0x0000, 0x0000, 0x0000, 0x0000, 0x0000,
    0x0000, 0x0000, 0x0000, 0x0000, 0x0000, 0x0000, 0x0000, 0x0000, 0x0000, 0x0000, 0x0000, 0x0000, 0x0000, 0x0000, 0x0000, 0x0000,
    0x0000, 0x0000, 0x0000, 0x0000, 0x0000, 0x0000, 0x0000, 0x0000, 0x0000, 0x0000, 0x0000, 0x0000, 0x0000, 0x0000, 0x0000, 0x0000,
    0x0000, 0x0000, 0x0000, 0x7067, 0xE8AF, 0xE8AF, 0xE8AF, 0xE8AF, 0xE8AF, 0xE8AF, 0xE8AF, 0xE8AF, 0xE8AF, 0xE8AF, 0xE8AF, 0xE8AF,
    0xE8AF, 0xE8AF, 0xE8AF, 0xE8AF, 0xE8AF, 0xE8AF, 0xE8AF, 0xE8AF, 0xE8AF, 0xE8AF, 0x3023, 0x0000, 0x0000, 0x0000, 0x0000, 0x0000,
    0x0000, 0x0000, 0x0000, 0x0000, 0x0000, 0x0000, 0x0000, 0x0000, 0x0000, 0x0000, 0x0000, 0xAD55, 0xE6FC, 0xE6FC, 0xE6FC, 0xE6FC,
    0xE6FC, 0xE6FC, 0xE6FC, 0xE6FC, 0xE6FC, 0xE6FC, 0xE6FC, 0xE6FC, 0xE6FC, 0xE6FC, 0xE6FC, 0xE6FC, 0xE6FC, 0xE6FC, 0xE6FC, 0xE6FC,
    0xE6FC, 0xE6FC, 0xE6FC, 0xE6FC, 0xE6FC, 0xE6FC, 0xE6FC, 0xE6FC, 0xE6FC, 0xE6FC, 0xE6FC, 0xE6FC, 0xE6FC, 0xE6FC, 0xE6FC, 0xE6FC,
    0xE6FC, 0xE6FC, 0xE6FC, 0xE6FC, 0xE6FC, 0xE6FC, 0xE6FC, 0xE6FC, 0xE6FC, 0xE6FC, 0xE6FC, 0xE6FC, 0xE6FC, 0xE6FC, 0xAD55, 0x0000,
    0x0000, 0x0000, 0x0000, 0x0000, 0x0000, 0x0000, 0x0000, 0x0000, 0x0000, 0x0000, 0x2965, 0x8C72, 0x8C72, 0x8C72, 0x8C72, 0x8C72,
    0x8C72, 0x8C72, 0x8C72, 0x8C72, 0x8C72, 0x8C72, 0x2965, 0x0000, 0x0000, 0x0000, 0x0000, 0x0000, 0x0000, 0x0000, 0x0000, 0x0000,
    0x0000, 0x0000, 0xAD55, 0xE6FC, 0xE6FC, 0xE6FC, 0xE6FC, 0xE6FC, 0xE6FC, 0xE6FC, 0xE6FC, 0xE6FC, 0xE6FC, 0xE6FC, 0xE6FC, 0xE6FC,
    0xE6FC, 0xE6FC, 0xE6FC, 0xE6FC, 0xE6FC, 0xE6FC, 0xE6FC, 0xE6FC, 0xE6FC, 0xE6FC, 0xE6FC, 0xE6FC, 0xE6FC, 0xE6FC, 0xE6FC, 0xE6FC,
    0xE6FC, 0xE6FC, 0xE6FC, 0xE6FC, 0xE6FC, 0xE6FC, 0xE6FC, 0xE6FC, 0xE6FC, 0xE6FC, 0xE6FC, 0xE6FC, 0xE6FC, 0xE6FC, 0xE6FC, 0xE6FC,
    0xE6FC, 0xE6FC, 0xE6FC, 0xE6FC, 0xE6FC, 0x9CD3, 0x0000, 0x0000, 0x0000, 0x0000, 0x0000, 0x0000, 0x0000, 0x0000, 0x0000, 0x0000,
    0x0000, 0x0000, 0x0000, 0x0000, 0x0000, 0x0000, 0x3023, 0xE8AF, 0xE8AF, 0xE8AF, 0xE8AF, 0xE8AF, 0xE8AF, 0xE8AF, 0xE8AF, 0xE8AF,
    0xE8AF, 0xE8AF, 0xE8AF, 0xE8AF, 0xE8AF, 0xE8AF, 0xE8AF, 0xE8AF, 0xE8AF, 0xE8AF, 0xE8AF, 0xE8AF, 0xE8AF, 0x7067, 0x0000, 0x0000,
    0x0000, 0x0000, 0x0000, 0x0000, 0x0000, 0x0000, 0x0000, 0x0000, 0x0000, 0x0000, 0x0000, 0x0000, 0x0000, 0x0000, 0x0000, 0x0000,
    0x0000, 0x0000, 0x0000, 0x0000, 0x0000, 0x0000, 0x0000, 0x0000, 0x0000, 0x0000, 0x0000, 0x0000, 0x0000, 0x0000, 0x0000, 0x0000,
    0x0000, 0x0000, 0x0000, 0x0000, 0x0000, 0x0000, 0x0000, 0x0000, 0x0000, 0x0000, 0x0000, 0x0000, 0x0000, 0x0000, 0x0000, 0x0000,
    0x0000, 0x0000, 0x0000, 0x0000, 0x0000, 0x0000, 0x0000, 0x0000, 0x0000, 0x0000, 0x0000, 0x0000, 0x0000, 0x0000, 0x0000, 0x0000,
    0x0000, 0x0000, 0x0000, 0x0000, 0x0000, 0x0000, 0x0000, 0x0000, 0x0000, 0x0000, 0x0000, 0x0000, 0x0000, 0x0000, 0x0000, 0xE8AF,
    0xE8AF, 0xE8AF, 0xE8AF, 0xE8AF, 0xE8AF, 0xE8AF, 0xE8AF, 0xE8AF, 0xE8AF, 0xE8AF, 0xE8AF, 0xE8AF, 0xE8AF, 0xE8AF, 0xE8AF, 0xE8AF,
    0xE8AF, 0xE8AF, 0xE8AF, 0xE8AF, 0xE8AF, 0xA88B, 0x0000, 0x0000, 0x0000, 0x0000, 0x0000, 0x0000, 0x0000, 0x0000, 0x0000, 0x0000,
    0x0000, 0x0000, 0x0000, 0x0000, 0x0000, 0x0000, 0x4A49, 0xE6FC, 0xE6FC, 0xE6FC, 0xE6FC, 0xE6FC, 0xE6FC, 0xE6FC, 0xE6FC, 0xE6FC,
    0xE6FC, 0xE6FC, 0xE6FC, 0xE6FC, 0xE6FC, 0xE6FC, 0xE6FC, 0xE6FC, 0xE6FC, 0xE6FC, 0xE6FC, 0xE6FC, 0xE6FC, 0xE6FC, 0xE6FC, 0xE6FC,
    0xE6FC, 0xE6FC, 0xE6FC, 0xE6FC, 0xE6FC, 0xE6FC, 0xE6FC, 0xE6FC, 0xE6FC, 0xE6FC, 0xE6FC, 0xE6FC, 0xE6FC, 0xE6FC, 0xE6FC, 0xE6FC,
    0xE6FC, 0xE6FC, 0xE6FC, 0xE6FC, 0xE6FC, 0xE6FC, 0xE6FC, 0xE6FC, 0xE6FC, 0xD659, 0x2965, 0x0000, 0x0000, 0x0000, 0x0000, 0x0000,
    0x0000, 0x0000, 0x0000, 0x0000, 0x0000, 0x0000, 0x8C51, 0x8C72, 0x8C72, 0x8C72, 0x8C72, 0x8C72, 0x8C72, 0x8C72, 0x8C72, 0x8C72,
    0x8C72, 0x8C72, 0x8C51, 0x0000, 0x0000, 0x0000, 0x0000, 0x0000, 0x0000, 0x0000, 0x0000, 0x0000, 0x0000, 0x0000, 0x2965, 0xE6FC,
    0xE6FC, 0xE6FC, 0xE6FC, 0xE6FC, 0xE6FC, 0xE6FC, 0xE6FC, 0xE6FC, 0xE6FC, 0xE6FC, 0xE6FC, 0xE6FC, 0xE6FC, 0xE6FC, 0xE6FC, 0xE6FC,
    0xE6FC, 0xE6FC, 0xE6FC, 0xE6FC, 0xE6FC, 0xE6FC, 0xE6FC, 0xE6FC, 0xE6FC, 0xE6FC, 0xE6FC, 0xE6FC, 0xE6FC, 0xE6FC, 0xE6FC, 0xE6FC,
    0xE6FC, 0xE6FC, 0xE6FC, 0xE6FC, 0xE6FC, 0xE6FC, 0xE6FC, 0xE6FC, 0xE6FC, 0xE6FC, 0xE6FC, 0xE6FC, 0xE6FC, 0xE6FC, 0xE6FC, 0xE6FC,
    0xE6FC, 0xE6FC, 0x4A49, 0x0000, 0x0000, 0x0000, 0x0000, 0x0000, 0x0000, 0x0000, 0x0000, 0x0000, 0x0000, 0x0000, 0x0000, 0x0000,
    0x0000, 0x0000, 0x0000, 0xA88B, 0xE8AF, 0xE8AF, 0xE8AF, 0xE8AF, 0xE8AF, 0xE8AF, 0xE8AF, 0xE8AF, 0xE8AF, 0xE8AF, 0xE8AF, 0xE8AF,
    0xE8AF, 0xE8AF, 0xE8AF, 0xE8AF, 0xE8AF, 0xE8AF, 0xE8AF, 0xE8AF, 0xE8AF, 0xE8AF, 0x3023, 0x0000, 0x0000, 0x0000, 0x0000, 0x0000,
    0x0000, 0x0000, 0x0000, 0x0000, 0x0000, 0x0000, 0x0000, 0x0000, 0x0000, 0x0000, 0x0000, 0x0000, 0x0000, 0x0000, 0x0000, 0x0000,
    0x0000, 0x0000, 0x0000, 0x0000, 0x0000, 0x0000, 0x0000, 0x0000, 0x0000, 0x0000, 0x0000, 0x0000, 0x0000, 0x0000, 0x0000, 0x0000,
    0x0000, 0x0000, 0x0000, 0x0000, 0x0000, 0x0000, 0x0000, 0x0000, 0x0000, 0x0000, 0x0000, 0x0000, 0x0000, 0x0000, 0x0000, 0x0000,
    0x0000, 0x0000, 0x0000, 0x0000, 0x0000, 0x0000, 0x0000, 0x0000, 0x0000, 0x0000, 0x0000, 0x0000, 0x0000, 0x0000, 0x0000, 0x0000,
    0x0000, 0x0000, 0x0000, 0x0000, 0x0000, 0x0000, 0x0000, 0x0000, 0x0000, 0x0000, 0xA88B, 0xE8AF, 0xE8AF, 0xE8AF, 0xE8AF, 0xE8AF,
    0xE8AF, 0xE8AF, 0xE8AF, 0xE8AF, 0xE8AF, 0xE8AF, 0xE8AF, 0xE8AF, 0xE8AF, 0xE8AF, 0xE8AF, 0xE8AF, 0xE8AF, 0xE8AF, 0xE8AF, 0xE8AF,
    0xE8AF, 0x0000, 0x0000, 0x0000, 0x0000, 0x0000, 0x0000, 0x0000, 0x0000, 0x0000, 0x0000, 0x0000, 0x0000, 0x0000, 0x0000, 0x0000,
    0x0000, 0x0000, 0xD659, 0xE6FC, 0xE6FC, 0xE6FC, 0xE6FC, 0xE6FC, 0xE6FC, 0xE6FC, 0xE6FC, 0xE6FC, 0xE6FC, 0xE6FC, 0xE6FC, 0xE6FC,
    0xE6FC, 0xE6FC, 0xE6FC, 0xE6FC, 0xE6FC, 0xE6FC, 0xE6FC, 0xE6FC, 0xE6FC, 0xE6FC, 0xE6FC, 0xE6FC, 0xE6FC, 0xE6FC, 0xE6FC, 0xE6FC,
    0xE6FC, 0xE6FC, 0xE6FC, 0xE6FC, 0xE6FC, 0xE6FC, 0xE6FC, 0xE6FC, 0xE6FC, 0xE6FC, 0xE6FC, 0xE6FC, 0xE6FC, 0xE6FC, 0xE6FC, 0xE6FC,
    0xE6FC, 0xE6FC, 0xE6FC, 0xE6FC, 0xE6FC, 0x6B4D, 0x0000, 0x0000, 0x0000, 0x0000, 0x0000, 0x0000, 0x0000, 0x0000, 0x0000, 0x0000,
    0x0000, 0x6B4D, 0x8C72, 0x8C72, 0x8C72, 0x8C72, 0x8C72, 0x8C72, 0x8C72, 0x8C72, 0x8C72, 0x8C72, 0x8C72, 0x8C72, 0x8C72, 0x6B4D,
    0x0000, 0x0000, 0x0000, 0x0000, 0x0000, 0x0000, 0x0000, 0x0000, 0x0000, 0x0000, 0x0000, 0x6B4D, 0xE6FC, 0xE6FC, 0xE6FC, 0xE6FC,
    0xE6FC, 0xE6FC, 0xE6FC, 0xE6FC, 0xE6FC, 0xE6FC, 0xE6FC, 0xE6FC, 0xE6FC, 0xE6FC, 0xE6FC, 0xE6FC, 0xE6FC, 0xE6FC, 0xE6FC, 0xE6FC,
    0xE6FC, 0xE6FC, 0xE6FC, 0xE6FC, 0xE6FC, 0xE6FC, 0xE6FC, 0xE6FC, 0xE6FC, 0xE6FC, 0xE6FC, 0xE6FC, 0xE6FC, 0xE6FC, 0xE6FC, 0xE6FC,
    0xE6FC, 0xE6FC, 0xE6FC, 0xE6FC, 0xE6FC, 0xE6FC, 0xE6FC, 0xE6FC, 0xE6FC, 0xE6FC, 0xE6FC, 0xE6FC, 0xE6FC, 0xE6FC, 0xD659, 0x0000,
    0x0000, 0x0000, 0x0000, 0x0000, 0x0000, 0x0000, 0x0000, 0x0000, 0x0000, 0x0000, 0x0000, 0x0000, 0x0000, 0x0000, 0x0000, 0x0000,
    0xE8AF, 0xE8AF, 0xE8AF, 0xE8AF, 0xE8AF, 0xE8AF, 0xE8AF, 0xE8AF, 0xE8AF, 0xE8AF, 0xE8AF, 0xE8AF, 0xE8AF, 0xE8AF, 0xE8AF, 0xE8AF,
    0xE8AF, 0xE8AF, 0xE8AF, 0xE8AF, 0xE8AF, 0xE8AF, 0xA88B, 0x0000, 0x0000, 0x0000, 0x0000, 0x0000, 0x0000, 0x0000, 0x0000, 0x0000,
    0x0000, 0x0000, 0x0000, 0x0000, 0x0000, 0x0000, 0x0000, 0x0000, 0x0000, 0x0000, 0x0000, 0x0000, 0x0000, 0x0000, 0x0000, 0x0000,
    0x0000, 0x0000, 0x0000, 0x0000, 0x0000, 0x0000, 0x0000, 0x0000, 0x0000, 0x0000, 0x0000, 0x0000, 0x0000, 0x0000, 0x0000, 0x0000,
    0x0000, 0x0000, 0x0000, 0x0000, 0x0000, 0x0000, 0x0000, 0x0000, 0x0000, 0x0000, 0x0000, 0x0000, 0x0000, 0x0000, 0x0000, 0x0000,
    0x0000, 0x0000, 0x0000, 0x0000, 0x0000, 0x0000, 0x0000, 0x0000, 0x0000, 0x0000, 0x0000, 0x0000, 0x0000, 0x0000, 0x0000, 0x0000,
    0x0000, 0x0000, 0x0000, 0x0000, 0x0000, 0x3023, 0xE8AF, 0xE8AF, 0xE8AF, 0xE8AF, 0xE8AF, 0xE8AF, 0xE8AF, 0xE8AF, 0xE8AF, 0xE8AF,
    0xE8AF, 0xE8AF, 0xE8AF, 0xE8AF, 0xE8AF, 0xE8AF, 0xE8AF, 0xE8AF, 0xE8AF, 0xE8AF, 0xE8AF, 0xE8AF, 0x3023, 0x0000, 0x0000, 0x0000,
    0x0000, 0x0000, 0x0000, 0x0000, 0x0000, 0x0000, 0x0000, 0x0000, 0x0000, 0x0000, 0x0000, 0x0000, 0x0000, 0x8C51, 0xE6FC, 0xE6FC,
    0xE6FC, 0xE6FC, 0xE6FC, 0xE6FC, 0xE6FC, 0xE6FC, 0xE6FC, 0xE6FC, 0xE6FC, 0xE6FC, 0xE6FC, 0xE6FC, 0xE6FC, 0xE6FC, 0xE6FC, 0xE6FC,
    0xE6FC, 0xE6FC, 0xE6FC, 0xE6FC, 0xE6FC, 0xE6FC, 0xE6FC, 0xE6FC, 0xE6FC, 0xE6FC, 0xE6FC, 0xE6FC, 0xE6FC, 0xE6FC, 0xE6FC, 0xE6FC,
    0xE6FC, 0xE6FC, 0xE6FC, 0xE6FC, 0xE6FC, 0xE6FC, 0xE6FC, 0xE6FC, 0xE6FC, 0xE6FC, 0xE6FC, 0xE6FC, 0xE6FC, 0xE6FC, 0xE6FC, 0xE6FC,
    0xAD55, 0x0000, 0x0000, 0x0000, 0x0000, 0x0000, 0x0000, 0x0000, 0x0000, 0x0000, 0x0000, 0x0000, 0x4A49, 0x8C72, 0x8C72, 0x8C72,
    0x8C72, 0x8C72, 0x8C72, 0x8C72, 0x8C72, 0x8C72, 0x8C72, 0x8C72, 0x8C72, 0x8C72, 0x8C72, 0x8C72, 0x2965, 0x0000, 0x0000, 0x0000,
    0x0000, 0x0000, 0x0000, 0x0000, 0x0000, 0x0000, 0x0000, 0x0000, 0xAD55, 0xE6FC, 0xE6FC, 0xE6FC, 0xE6FC, 0xE6FC, 0xE6FC, 0xE6FC,
    0xE6FC, 0xE6FC, 0xE6FC, 0xE6FC, 0xE6FC, 0xE6FC, 0xE6FC, 0xE6FC, 0xE6FC, 0xE6FC, 0xE6FC, 0xE6FC, 0xE6FC, 0xE6FC, 0xE6FC, 0xE6FC,
    0xE6FC, 0xE6FC, 0xE6FC, 0xE6FC, 0xE6FC, 0xE6FC, 0xE6FC, 0xE6FC, 0xE6FC, 0xE6FC, 0xE6FC, 0xE6FC, 0xE6FC, 0xE6FC, 0xE6FC, 0xE6FC,
    0xE6FC, 0xE6FC, 0xE6FC, 0xE6FC, 0xE6FC, 0xE6FC, 0xE6FC, 0xE6FC, 0xE6FC, 0xE6FC, 0xE6FC, 0x7BEF, 0x0000, 0x0000, 0x0000, 0x0000,
    0x0000, 0x0000, 0x0000, 0x0000, 0x0000, 0x0000, 0x0000, 0x0000, 0x0000, 0x0000, 0x0000, 0x0000, 0x7067, 0xE8AF, 0xE8AF, 0xE8AF,
    0xE8AF, 0xE8AF, 0xE8AF, 0xE8AF, 0xE8AF, 0xE8AF, 0xE8AF, 0xE8AF, 0xE8AF, 0xE8AF, 0xE8AF, 0xE8AF, 0xE8AF, 0xE8AF, 0xE8AF, 0xE8AF,
    0xE8AF, 0xE8AF, 0xE8AF, 0x3023, 0x0000, 0x0000, 0x0000, 0x0000, 0x0000, 0x0000, 0x0000, 0x0000, 0x0000, 0x0000, 0x0000, 0x0000,
    0x0000, 0x0000, 0x0000, 0x0000, 0x0000, 0x0000, 0x0000, 0x0000, 0x0000, 0x0000, 0x0000, 0x0000, 0x0000, 0x0000, 0x0000, 0x0000,
    0x0000, 0x0000, 0x0000, 0x0000, 0x0000, 0x0000, 0x0000, 0x0000, 0x0000, 0x0000, 0x0000, 0x0000, 0x0000, 0x0000, 0x0000, 0x0000,
    0x0000, 0x0000, 0x0000, 0x0000, 0x0000, 0x0000, 0x0000, 0x0000, 0x0000, 0x0000, 0x0000, 0x0000, 0x0000, 0x0000, 0x0000, 0x0000,
    0x0000, 0x0000, 0x0000, 0x0000, 0x0000, 0x0000, 0x0000, 0x0000, 0x0000, 0x0000, 0x0000, 0x0000, 0x0000, 0x0000, 0x0000, 0x0000,
    0x0000, 0xE8AF, 0xE8AF, 0xE8AF, 0xE8AF, 0xE8AF, 0xE8AF, 0xE8AF, 0xE8AF, 0xE8AF, 0xE8AF, 0xE8AF, 0xE8AF, 0xE8AF, 0xE8AF, 0xE8AF,
    0xE8AF, 0xE8AF, 0xE8AF, 0xE8AF, 0xE8AF, 0xE8AF, 0xE8AF, 0xA88B, 0x0000, 0x0000, 0x0000, 0x0000, 0x0000, 0x0000, 0x0000, 0x0000,
    0x0000, 0x0000, 0x0000, 0x0000, 0x0000, 0x0000, 0x0000, 0x0000, 0x2965, 0xE6FC, 0xE6FC, 0xE6FC, 0xE6FC, 0xE6FC, 0xE6FC, 0xE6FC,
    0xE6FC, 0xE6FC, 0xE6FC, 0xE6FC, 0xE6FC, 0xE6FC, 0xE6FC, 0xE6FC, 0xE6FC, 0xE6FC, 0xE6FC, 0xE6FC, 0xE6FC, 0xE6FC, 0xE6FC, 0xE6FC,
    0xE6FC, 0xE6FC, 0xE6FC, 0xE6FC, 0xE6FC, 0xE6FC, 0xE6FC, 0xE6FC, 0xE6FC, 0xE6FC, 0xE6FC, 0xE6FC, 0xE6FC, 0xE6FC, 0xE6FC, 0xE6FC,
    0xE6FC, 0xE6FC, 0xE6FC, 0xE6FC, 0xE6FC, 0xE6FC, 0xE6FC, 0xE6FC, 0xE6FC, 0xE6FC, 0xE6FC, 0xE6FC, 0x2965, 0x0000, 0x0000, 0x0000,
    0x0000, 0x0000, 0x0000, 0x0000, 0x0000, 0x0000, 0x0000, 0x0000, 0x8C51, 0x8C72, 0x8C72, 0x8C72, 0x8C72, 0x8C72, 0x8C72, 0x8C72,
    0x8C72, 0x8C72, 0x8C72, 0x8C72, 0x8C72, 0x8C72, 0x8C72, 0x8C72, 0x8C51, 0x0000, 0x0000, 0x0000, 0x0000, 0x0000, 0x0000, 0x0000,
    0x0000, 0x0000, 0x0000, 0x0000, 0x2965, 0xE6FC, 0xE6FC, 0xE6FC, 0xE6FC, 0xE6FC, 0xE6FC, 0xE6FC, 0xE6FC, 0xE6FC, 0xE6FC, 0xE6FC,
    0xE6FC, 0xE6FC, 0xE6FC, 0xE6FC, 0xE6FC, 0xE6FC, 0xE6FC, 0xE6FC, 0xE6FC, 0xE6FC, 0xE6FC, 0xE6FC, 0xE6FC, 0xE6FC, 0xE6FC, 0xE6FC,
    0xE6FC, 0xE6FC, 0xE6FC, 0xE6FC, 0xE6FC, 0xE6FC, 0xE6FC, 0xE6FC, 0xE6FC, 0xE6FC, 0xE6FC, 0xE6FC, 0xE6FC, 0xE6FC, 0xE6FC, 0xE6FC,
    0xE6FC, 0xE6FC, 0xE6FC, 0xE6FC, 0xE6FC, 0xE6FC, 0xE6FC, 0xE6FC, 0x2965, 0x0000, 0x0000, 0x0000, 0x0000, 0x0000, 0x0000, 0x0000,
    0x0000, 0x0000, 0x0000, 0x0000, 0x0000, 0x0000, 0x0000, 0x0000, 0x0000, 0xA88B, 0xE8AF, 0xE8AF, 0xE8AF, 0xE8AF, 0xE8AF, 0xE8AF,
    0xE8AF, 0xE8AF, 0xE8AF, 0xE8AF, 0xE8AF, 0xE8AF, 0xE8AF, 0xE8AF, 0xE8AF, 0xE8AF, 0xE8AF, 0xE8AF, 0xE8AF, 0xE8AF, 0xE8AF, 0xE8AF,
    0x0000, 0x0000, 0x0000, 0x0000, 0x0000, 0x0000, 0x0000, 0x0000, 0x0000, 0x0000, 0x0000, 0x0000, 0x0000, 0x0000, 0x0000, 0x0000,
    0x0000, 0x0000, 0x0000, 0x0000, 0x0000, 0x0000, 0x0000, 0x0000, 0x0000, 0x0000, 0x0000, 0x0000, 0x0000, 0x0000, 0x0000, 0x0000,
    0x0000, 0x0000, 0x0000, 0x0000, 0x0000, 0x0000, 0x0000, 0x0000, 0x0000, 0x0000, 0x0000, 0x0000, 0x0000, 0x0000, 0x0000, 0x0000,
    0x0000, 0x0000, 0x0000, 0x0000, 0x0000, 0x0000, 0x0000, 0x0000, 0x0000, 0x0000, 0x0000, 0x0000, 0x0000, 0x0000, 0x0000, 0x0000,
    0x0000, 0x0000, 0x0000, 0x0000, 0x0000, 0x0000, 0x0000, 0x0000, 0x0000, 0x0000, 0x0000, 0x0000, 0x7067, 0xE8AF, 0xE8AF, 0xE8AF,
    0xE8AF, 0xE8AF, 0xE8AF, 0xE8AF, 0xE8AF, 0xE8AF, 0xE8AF, 0xE8AF, 0xE8AF, 0xE8AF, 0xE8AF, 0xE8AF, 0xE8AF, 0xE8AF, 0xE8AF, 0xE8AF,
    0xE8AF, 0xE8AF, 0xE8AF, 0x3023, 0x0000, 0x0000, 0x0000, 0x0000, 0x0000, 0x0000, 0x0000, 0x0000, 0x0000, 0x0000, 0x0000, 0x0000,
    0x0000, 0x0000, 0x0000, 0x0000, 0xD659, 0xE6FC, 0xE6FC, 0xE6FC, 0xE6FC, 0xE6FC, 0xE6FC, 0xE6FC, 0xE6FC, 0xE6FC, 0xE6FC, 0xE6FC,
    0xE6FC, 0xE6FC, 0xE6FC, 0xE6FC, 0xE6FC, 0xE6FC, 0xE6FC, 0xE6FC, 0xE6FC, 0xE6FC, 0xE6FC, 0xE6FC, 0xE6FC, 0xE6FC, 0xE6FC, 0xE6FC,
    0xE6FC, 0xE6FC, 0xE6FC, 0xE6FC, 0xE6FC, 0xE6FC, 0xE6FC, 0xE6FC, 0xE6FC, 0xE6FC, 0xE6FC, 0xE6FC, 0xE6FC, 0xE6FC, 0xE6FC, 0xE6FC,
    0xE6FC, 0xE6FC, 0xE6FC, 0xE6FC, 0xE6FC, 0xE6FC, 0xE6FC, 0x6B4D, 0x0000, 0x0000, 0x0000, 0x0000, 0x0000, 0x0000, 0x0000, 0x0000,
    0x0000, 0x0000, 0x0000, 0x6B4D, 0x8C72, 0x8C72, 0x8C72, 0x8C72, 0x8C72, 0x8C72, 0x8C72, 0x8C72, 0x8C72, 0x8C72, 0x8C72, 0x8C72,
    0x8C72, 0x8C72, 0x8C72, 0x8C72, 0x8C72, 0x6B4D, 0x0000, 0x0000, 0x0000, 0x0000, 0x0000, 0x0000, 0x0000, 0x0000, 0x0000, 0x0000,
    0x0000, 0x6B4D, 0xE6FC, 0xE6FC, 0xE6FC, 0xE6FC, 0xE6FC, 0xE6FC, 0xE6FC, 0xE6FC, 0xE6FC, 0xE6FC, 0xE6FC, 0xE6FC, 0xE6FC, 0xE6FC,
    0xE6FC, 0xE6FC, 0xE6FC, 0xE6FC, 0xE6FC, 0xE6FC, 0xE6FC, 0xE6FC, 0xE6FC, 0xE6FC, 0xE6FC, 0xE6FC, 0xE6FC, 0xE6FC, 0xE6FC, 0xE6FC,
    0xE6FC, 0xE6FC, 0xE6FC, 0xE6FC, 0xE6FC, 0xE6FC, 0xE6FC, 0xE6FC, 0xE6FC, 0xE6FC, 0xE6FC, 0xE6FC, 0xE6FC, 0xE6FC, 0xE6FC, 0xE6FC,
    0xE6FC, 0xE6FC, 0xE6FC, 0xE6FC, 0xD659, 0x0000, 0x0000, 0x0000, 0x0000, 0x0000, 0x0000, 0x0000, 0x0000, 0x0000, 0x0000, 0x0000,
    0x0000, 0x0000, 0x0000, 0x0000, 0x0000, 0x3023, 0xE8AF, 0xE8AF, 0xE8AF, 0xE8AF, 0xE8AF, 0xE8AF, 0xE8AF, 0xE8AF, 0xE8AF, 0xE8AF,
    0xE8AF, 0xE8AF, 0xE8AF, 0xE8AF, 0xE8AF, 0xE8AF, 0xE8AF, 0xE8AF, 0xE8AF, 0xE8AF, 0xE8AF, 0xE8AF, 0x7067, 0x0000, 0x0000, 0x0000,
    0x0000, 0x0000, 0x0000, 0x0000, 0x0000, 0x0000, 0x0000, 0x0000, 0x0000, 0x0000, 0x0000, 0x0000, 0x0000, 0x0000, 0x0000, 0x0000,
    0x0000, 0x0000, 0x0000, 0x0000, 0x0000, 0x0000, 0x0000, 0x0000, 0x0000, 0x0000, 0x0000, 0x0000, 0x0000, 0x0000, 0x0000, 0x0000,
    0x0000, 0x0000, 0x0000, 0x0000, 0x0000, 0x0000, 0x0000, 0x0000, 0x0000, 0x0000, 0x0000, 0x0000, 0x0000, 0x0000, 0x0000, 0x0000,
    0x0000, 0x0000, 0x0000, 0x0000, 0x0000, 0x0000, 0x0000, 0x0000, 0x0000, 0x0000, 0x0000, 0x0000, 0x0000, 0x0000, 0x0000, 0x0000,
    0x0000, 0x0000, 0x0000, 0x0000, 0x0000, 0x0000, 0x0000, 0x3023, 0xE8AF, 0xE8AF, 0xE8AF, 0xE8AF, 0xE8AF, 0xE8AF, 0xE8AF, 0xE8AF,
    0xE8AF, 0xE8AF, 0xE8AF, 0xE8AF, 0xE8AF, 0xE8AF, 0xE8AF, 0xE8AF, 0xE8AF, 0xE8AF, 0xE8AF, 0xE8AF, 0xE8AF, 0xE8AF, 0x7067, 0x0000,
    0x0000, 0x0000, 0x0000, 0x0000, 0x0000, 0x0000, 0x0000, 0x0000, 0x0000, 0x0000, 0x0000, 0x0000, 0x0000, 0x0000, 0x0000, 0x6B4D,
    0xE6FC, 0xE6FC, 0xE6FC, 0xE6FC, 0xE6FC, 0xE6FC, 0xE6FC, 0xE6FC, 0xE6FC, 0xE6FC, 0xE6FC, 0xE6FC, 0xE6FC, 0xE6FC, 0xE6FC, 0xE6FC,
    0xE6FC, 0xE6FC, 0xE6FC, 0xE6FC, 0xE6FC, 0xE6FC, 0xE6FC, 0xE6FC, 0xE6FC, 0xE6FC, 0xE6FC, 0xE6FC, 0xE6FC, 0xE6FC, 0xE6FC, 0xE6FC,
    0xE6FC, 0xE6FC, 0xE6FC, 0xE6FC, 0xE6FC, 0xE6FC, 0xE6FC, 0xE6FC, 0xE6FC, 0xE6FC, 0xE6FC, 0xE6FC, 0xE6FC, 0xE6FC, 0xE6FC, 0xE6FC,
    0xE6FC, 0xE6FC, 0xAD55, 0x0000, 0x0000, 0x0000, 0x0000, 0x0000, 0x0000, 0x0000, 0x0000, 0x0000, 0x0000, 0x0000, 0x4A49, 0x8C72,
    0x8C72, 0x8C72, 0x8C72, 0x8C72, 0x8C72, 0x8C72, 0x8C72, 0x8C72, 0x8C72, 0x8C72, 0x8C72, 0x8C72, 0x8C72, 0x8C72, 0x8C72, 0x8C72,
    0x8C72, 0x8C72, 0x4A49, 0x0000, 0x0000, 0x0000, 0x0000, 0x0000, 0x0000, 0x0000, 0x0000, 0x0000, 0x0000, 0x0000, 0xAD55, 0xE6FC,
    0xE6FC, 0xE6FC, 0xE6FC, 0xE6FC, 0xE6FC, 0xE6FC, 0xE6FC, 0xE6FC, 0xE6FC, 0xE6FC, 0xE6FC, 0xE6FC, 0xE6FC, 0xE6FC, 0xE6FC, 0xE6FC,
    0xE6FC, 0xE6FC, 0xE6FC, 0xE6FC, 0xE6FC, 0xE6FC, 0xE6FC, 0xE6FC, 0xE6FC, 0xE6FC, 0xE6FC, 0xE6FC, 0xE6FC, 0xE6FC, 0xE6FC, 0xE6FC,
    0xE6FC, 0xE6FC, 0xE6FC, 0xE6FC, 0xE6FC, 0xE6FC, 0xE6FC, 0xE6FC, 0xE6FC, 0xE6FC, 0xE6FC, 0xE6FC, 0xE6FC, 0xE6FC, 0xE6FC, 0xE6FC,
    0xE6FC, 0x6B4D, 0x0000, 0x0000, 0x0000, 0x0000, 0x0000, 0x0000, 0x0000, 0x0000, 0x0000, 0x0000, 0x0000, 0x0000, 0x0000, 0x0000,
    0x0000, 0x0000, 0x7067, 0xE8AF, 0xE8AF, 0xE8AF, 0xE8AF, 0xE8AF, 0xE8AF, 0xE8AF, 0xE8AF, 0xE8AF, 0xE8AF, 0xE8AF, 0xE8AF, 0xE8AF,
    0xE8AF, 0xE8AF, 0xE8AF, 0xE8AF, 0xE8AF, 0xE8AF, 0xE8AF, 0xE8AF, 0xE8AF, 0x3023, 0x0000, 0x0000, 0x0000, 0x0000, 0x0000, 0x0000,
    0x0000, 0x0000, 0x0000, 0x0000, 0x0000, 0x0000, 0x0000, 0x0000, 0x0000, 0x0000, 0x0000, 0x0000, 0x0000, 0x0000, 0x0000, 0x0000,
    0x0000, 0x0000, 0x0000, 0x0000, 0x0000, 0x0000, 0x0000, 0x0000, 0x0000, 0x0000, 0x0000, 0x0000, 0x0000, 0x0000, 0x0000, 0x0000,
    0x0000, 0x0000, 0x0000, 0x0000, 0x0000, 0x0000, 0x0000, 0x0000, 0x0000, 0x0000, 0x0000, 0x0000, 0x0000, 0x0000, 0x0000, 0x0000,
    0x0000, 0x0000, 0x0000, 0x0000, 0x0000, 0x0000, 0x0000, 0x0000, 0x0000, 0x0000, 0x0000, 0x0000, 0x0000, 0x0000, 0x0000, 0x0000,
    0x0000, 0x0000, 0x0000, 0xA88B, 0xE8AF, 0xE8AF, 0xE8AF, 0xE8AF, 0xE8AF, 0xE8AF, 0xE8AF, 0xE8AF, 0xE8AF, 0xE8AF, 0xE8AF, 0xE8AF,
    0xE8AF, 0xE8AF, 0xE8AF, 0xE8AF, 0xE8AF, 0xE8AF, 0xE8AF, 0xE8AF, 0xE8AF, 0xA88B, 0x0000, 0x0000, 0x0000, 0x0000, 0x0000, 0x0000,
    0x0000, 0x0000, 0x0000, 0x0000, 0x0000, 0x0000, 0x0000, 0x0000, 0x0000, 0x0000, 0x2965, 0xE6FC, 0xE6FC, 0xE6FC, 0xE6FC, 0xE6FC,
    0xE6FC, 0xE6FC, 0xE6FC, 0xE6FC, 0xE6FC, 0xE6FC, 0xE6FC, 0xE6FC, 0xE6FC, 0xE6FC, 0xE6FC, 0xE6FC, 0xE6FC, 0xE6FC, 0xE6FC, 0xE6FC,
    0xE6FC, 0xE6FC, 0xE6FC, 0xE6FC, 0xE6FC, 0xE6FC, 0xE6FC, 0xE6FC, 0xE6FC, 0xE6FC, 0xE6FC, 0xE6FC, 0xE6FC, 0xE6FC, 0xE6FC, 0xE6FC,
    0xE6FC, 0xE6FC, 0xE6FC, 0xE6FC, 0xE6FC, 0xE6FC, 0xE6FC, 0xE6FC, 0xE6FC, 0xE6FC, 0xE6FC, 0xE6FC, 0xE6FC, 0xE6FC, 0x2965, 0x0000,
    0x0000, 0x0000, 0x0000, 0x0000, 0x0000, 0x0000, 0x0000, 0x0000, 0x0000, 0x2965, 0x8C72, 0x8C72, 0x8C72, 0x8C72, 0x8C72, 0x8C72,
    0x8C72, 0x8C72, 0x8C72, 0x8C72, 0x8C72, 0x8C72, 0x8C72, 0x8C72, 0x8C72, 0x8C72, 0x8C72, 0x8C72, 0x8C72, 0x8C72, 0x8C51, 0x2965,
    0x0000, 0x0000, 0x0000, 0x0000, 0x0000, 0x0000, 0x0000, 0x0000, 0x0000, 0x0000, 0x2965, 0xE6FC, 0xE6FC, 0xE6FC, 0xE6FC, 0xE6FC,
    0xE6FC, 0xE6FC, 0xE6FC, 0xE6FC, 0xE6FC, 0xE6FC, 0xE6FC, 0xE6FC, 0xE6FC, 0xE6FC, 0xE6FC, 0xE6FC, 0xE6FC, 0xE6FC, 0xE6FC, 0xE6FC,
    0xE6FC, 0xE6FC, 0xE6FC, 0xE6FC, 0xE6FC, 0xE6FC, 0xE6FC, 0xE6FC, 0xE6FC, 0xE6FC, 0xE6FC, 0xE6FC, 0xE6FC, 0xE6FC, 0xE6FC, 0xE6FC,
    0xE6FC, 0xE6FC, 0xE6FC, 0xE6FC, 0xE6FC, 0xE6FC, 0xE6FC, 0xE6FC, 0xE6FC, 0xE6FC, 0xE6FC, 0xE6FC, 0xE6FC, 0xE6FC, 0x2965, 0x0000,
    0x0000, 0x0000, 0x0000, 0x0000, 0x0000, 0x0000, 0x0000, 0x0000, 0x0000, 0x0000, 0x0000, 0x0000, 0x0000, 0x0000, 0x0000, 0xA88B,
    0xE8AF, 0xE8AF, 0xE8AF, 0xE8AF, 0xE8AF, 0xE8AF, 0xE8AF, 0xE8AF, 0xE8AF, 0xE8AF, 0xE8AF, 0xE8AF, 0xE8AF, 0xE8AF, 0xE8AF, 0xE8AF,
    0xE8AF, 0xE8AF, 0xE8AF, 0xE8AF, 0xE8AF, 0xA88B, 0x0000, 0x0000, 0x0000, 0x0000, 0x0000, 0x0000, 0x0000, 0x0000, 0x0000, 0x0000,
    0x0000, 0x0000, 0x0000, 0x0000, 0x0000, 0x0000, 0x0000, 0x0000, 0x0000, 0x0000, 0x0000, 0x0000, 0x0000, 0x0000, 0x0000, 0x0000,
    0x0000, 0x0000, 0x0000, 0x0000, 0x0000, 0x0000, 0x0000, 0x0000, 0x0000, 0x0000, 0x0000, 0x0000, 0x0000, 0x0000, 0x0000, 0x0000,
    0x0000, 0x0000, 0x0000, 0x0000, 0x0000, 0x0000, 0x0000, 0x0000, 0x0000, 0x0000, 0x0000, 0x0000, 0x0000, 0x0000, 0x0000, 0x0000,
    0x0000, 0x0000, 0x0000, 0x0000, 0x0000, 0x0000, 0x0000, 0x0000, 0x0000, 0x0000, 0x0000, 0x0000, 0x0000, 0x0000, 0x7067, 0xE8AF,
    0xE8AF, 0xE8AF, 0xE8AF, 0xE8AF, 0xE8AF, 0xE8AF, 0xE8AF, 0xE8AF, 0xE8AF, 0xE8AF, 0xE8AF, 0xE8AF, 0xE8AF, 0xE8AF, 0xE8AF, 0xE8AF,
    0xE8AF, 0xE8AF, 0xE8AF, 0xE8AF, 0xE8AF, 0x3023, 0x0000, 0x0000, 0x0000, 0x0000, 0x0000, 0x0000, 0x0000, 0x0000, 0x0000, 0x0000,
    0x0000, 0x0000, 0x0000, 0x0000, 0x0000, 0x0000, 0xAD55, 0xE6FC, 0xE6FC, 0xE6FC, 0xE6FC, 0xE6FC, 0xE6FC, 0xE6FC, 0xE6FC, 0xE6FC,
    0xE6FC, 0xE6FC, 0xE6FC, 0xE6FC, 0xE6FC, 0xE6FC, 0xE6FC, 0xE6FC, 0xE6FC, 0xE6FC, 0xE6FC, 0xE6FC, 0xE6FC, 0xE6FC, 0xE6FC, 0xE6FC,
    0xE6FC, 0xE6FC, 0xE6FC, 0xE6FC, 0xE6FC, 0xE6FC, 0xE6FC, 0xE6FC, 0xE6FC, 0xE6FC, 0xE6FC, 0xE6FC, 0xE6FC, 0xE6FC, 0xE6FC, 0xE6FC,
    0xE6FC, 0xE6FC, 0xE6FC, 0xE6FC, 0xE6FC, 0xE6FC, 0xE6FC, 0xE6FC, 0xE6FC, 0x6B4D, 0x0000, 0x0000, 0x0000, 0x0000, 0x0000, 0x0000,
    0x0000, 0x0000, 0x0000, 0x0000, 0x0000, 0x6B4D, 0x8C72, 0x8C72, 0x8C72, 0x8C72, 0x8C72, 0x8C72, 0x8C72, 0x8C72, 0x8C72, 0x8C72,
    0x8C72, 0x8C72, 0x8C72, 0x8C72, 0x8C72, 0x8C72, 0x8C72, 0x8C72, 0x8C72, 0x8C72, 0x8C72, 0x6B4D, 0x0000, 0x0000, 0x0000, 0x0000,
    0x0000, 0x0000, 0x0000, 0x0000, 0x0000, 0x0000, 0x0000, 0x6B4D, 0xE6FC, 0xE6FC, 0xE6FC, 0xE6FC, 0xE6FC, 0xE6FC, 0xE6FC, 0xE6FC,
    0xE6FC, 0xE6FC, 0xE6FC, 0xE6FC, 0xE6FC, 0xE6FC, 0xE6FC, 0xE6FC, 0xE6FC, 0xE6FC, 0xE6FC, 0xE6FC, 0xE6FC, 0xE6FC, 0xE6FC, 0xE6FC,
    0xE6FC, 0xE6FC, 0xE6FC, 0xE6FC, 0xE6FC, 0xE6FC, 0xE6FC, 0xE6FC, 0xE6FC, 0xE6FC, 0xE6FC, 0xE6FC, 0xE6FC, 0xE6FC, 0xE6FC, 0xE6FC,
    0xE6FC, 0xE6FC, 0xE6FC, 0xE6FC, 0xE6FC, 0xE6FC, 0xE6FC, 0xE6FC, 0xE6FC, 0xE6FC, 0xAD55, 0x0000, 0x0000, 0x0000, 0x0000, 0x0000,
    0x0000, 0x0000, 0x0000, 0x0000, 0x0000, 0x0000, 0x0000, 0x0000, 0x0000, 0x0000, 0x0000, 0x3023, 0xE8AF, 0xE8AF, 0xE8AF, 0xE8AF,
    0xE8AF, 0xE8AF, 0xE8AF, 0xE8AF, 0xE8AF, 0xE8AF, 0xE8AF, 0xE8AF, 0xE8AF, 0xE8AF, 0xE8AF, 0xE8AF, 0xE8AF, 0xE8AF, 0xE8AF, 0xE8AF,
    0xE8AF, 0xE8AF, 0x7067, 0x0000, 0x0000, 0x0000, 0x0000, 0x0000, 0x0000, 0x0000, 0x0000, 0x0000, 0x0000, 0x0000, 0x0000, 0x0000,
    0x0000, 0x0000, 0x0000, 0x0000, 0x0000, 0x0000, 0x0000, 0x0000, 0x0000, 0x0000, 0x0000, 0x0000, 0x0000, 0x0000, 0x0000, 0x0000,
    0x0000, 0x0000, 0x0000, 0x0000, 0x0000, 0x0000, 0x0000, 0x0000, 0x0000, 0x0000, 0x0000, 0x0000, 0x0000, 0x0000, 0x0000, 0x0000,
    0x0000, 0x0000, 0x0000, 0x0000, 0x0000, 0x0000, 0x0000, 0x0000, 0x0000, 0x0000, 0x0000, 0x0000, 0x0000, 0x0000, 0x0000, 0x0000,
    0x0000, 0x0000, 0x0000, 0x0000, 0x0000, 0x0000, 0x0000, 0x0000, 0x0000, 0x3023, 0xE8AF, 0xE8AF, 0xE8AF, 0xE8AF, 0xE8AF, 0xE8AF,
    0xE8AF, 0xE8AF, 0xE8AF, 0xE8AF, 0xE8AF, 0xE8AF, 0xE8AF, 0xE8AF, 0xE8AF, 0xE8AF, 0xE8AF, 0xE8AF, 0xE8AF, 0xE8AF, 0xE8AF, 0xE8AF,
    0x7067, 0x0000, 0x0000, 0x0000, 0x0000, 0x0000, 0x0000, 0x0000, 0x0000, 0x0000, 0x0000, 0x0000, 0x0000, 0x0000, 0x0000, 0x0000,
    0x0000, 0x6B4D, 0xE6FC, 0xE6FC, 0xE6FC, 0xE6FC, 0xE6FC, 0xE6FC, 0xE6FC, 0xE6FC, 0xE6FC, 0xE6FC, 0xE6FC, 0xE6FC, 0xE6FC, 0xE6FC,
    0xE6FC, 0xE6FC, 0xE6FC, 0xE6FC, 0xE6FC, 0xE6FC, 0xE6FC, 0xE6FC, 0xE6FC, 0xE6FC, 0xE6FC, 0xE6FC, 0xE6FC, 0xE6FC, 0xE6FC, 0xE6FC,
    0xE6FC, 0xE6FC, 0xE6FC, 0xE6FC, 0xE6FC, 0xE6FC, 0xE6FC, 0xE6FC, 0xE6FC, 0xE6FC, 0xE6FC, 0xE6FC, 0xE6FC, 0xE6FC, 0xE6FC, 0xE6FC,
    0xE6FC, 0xE6FC, 0xE6FC, 0xE6FC, 0xAD55, 0x0000, 0x0000, 0x0000, 0x0000, 0x0000, 0x0000, 0x0000, 0x0000, 0x0000, 0x0000, 0x0000,
    0x4A49, 0x8C72, 0x8C72, 0x8C72, 0x8C72, 0x8C72, 0x8C72, 0x8C72, 0x8C72, 0x8C72, 0x8C72, 0x8C72, 0x8C72, 0x8C72, 0x8C72, 0x8C72,
    0x8C72, 0x8C72, 0x8C72, 0x8C72, 0x8C72, 0x8C72, 0x8C72, 0x8C72, 0x4A49, 0x0000, 0x0000, 0x0000, 0x0000, 0x0000, 0x0000, 0x0000,
    0x0000, 0x0000, 0x0000, 0x0000, 0xAD55, 0xE6FC, 0xE6FC, 0xE6FC, 0xE6FC, 0xE6FC, 0xE6FC, 0xE6FC, 0xE6FC, 0xE6FC, 0xE6FC, 0xE6FC,
    0xE6FC, 0xE6FC, 0xE6FC, 0xE6FC, 0xE6FC, 0xE6FC, 0xE6FC, 0xE6FC, 0xE6FC, 0xE6FC, 0xE6FC, 0xE6FC, 0xE6FC, 0xE6FC, 0xE6FC, 0xE6FC,
    0xE6FC, 0xE6FC, 0xE6FC, 0xE6FC, 0xE6FC, 0xE6FC, 0xE6FC, 0xE6FC, 0xE6FC, 0xE6FC, 0xE6FC, 0xE6FC, 0xE6FC, 0xE6FC, 0xE6FC, 0xE6FC,
    0xE6FC, 0xE6FC, 0xE6FC, 0xE6FC, 0xE6FC, 0xE6FC, 0xE6FC, 0x6B4D, 0x0000, 0x0000, 0x0000, 0x0000, 0x0000, 0x0000, 0x0000, 0x0000,
    0x0000, 0x0000, 0x0000, 0x0000, 0x0000, 0x0000, 0x0000, 0x0000, 0x7067, 0xE8AF, 0xE8AF, 0xE8AF, 0xE8AF, 0xE8AF, 0xE8AF, 0xE8AF,
    0xE8AF, 0xE8AF, 0xE8AF, 0xE8AF, 0xE8AF, 0xE8AF, 0xE8AF, 0xE8AF, 0xE8AF, 0xE8AF, 0xE8AF, 0xE8AF, 0xE8AF, 0xE8AF, 0xE8AF, 0x3023,
    0x0000, 0x0000, 0x0000, 0x0000, 0x0000, 0x0000, 0x0000, 0x0000, 0x0000, 0x0000, 0x0000, 0x0000, 0x0000, 0x0000, 0x0000, 0x0000,
    0x0000, 0x0000, 0x0000, 0x0000, 0x0000, 0x0000, 0x0000, 0x0000, 0x0000, 0x0000, 0x0000, 0x0000, 0x0000, 0x0000, 0x0000, 0x0000,
    0x0000, 0x0000, 0x0000, 0x0000, 0x0000, 0x0000, 0x0000, 0x0000, 0x0000, 0x0000, 0x0000, 0x0000, 0x0000, 0x0000, 0x0000, 0x0000,
    0x0000, 0x0000, 0x0000, 0x0000, 0x0000, 0x0000, 0x0000, 0x0000, 0x0000, 0x0000, 0x0000, 0x0000, 0x0000, 0x0000, 0x0000, 0x0000,
    0x0000, 0x0000, 0x0000, 0x0000, 0x0000, 0xA88B, 0xE8AF, 0xE8AF, 0xE8AF, 0xE8AF, 0xE8AF, 0xE8AF, 0xE8AF, 0xE8AF, 0xE8AF, 0xE8AF,
    0xE8AF, 0xE8AF, 0xE8AF, 0xE8AF, 0xE8AF, 0xE8AF, 0xE8AF, 0xE8AF, 0xE8AF, 0xE8AF, 0xE8AF, 0xE8AF, 0x0000, 0x0000, 0x0000, 0x0000,
    0x0000, 0x0000, 0x0000, 0x0000, 0x0000, 0x0000, 0x0000, 0x0000, 0x0000, 0x0000, 0x0000, 0x0000, 0x2965, 0xD659, 0xE6FC, 0xE6FC,
    0xE6FC, 0xE6FC, 0xE6FC, 0xE6FC, 0xE6FC, 0xE6FC, 0xE6FC, 0xE6FC, 0xE6FC, 0xE6FC, 0xE6FC, 0xE6FC, 0xE6FC, 0xE6FC, 0xE6FC, 0xE6FC,
    0xE6FC, 0xE6FC, 0xE6FC, 0xE6FC, 0xE6FC, 0xE6FC, 0xE6FC, 0xE6FC, 0xE6FC, 0xE6FC, 0xE6FC, 0xE6FC, 0xE6FC, 0xE6FC, 0xE6FC, 0xE6FC,
    0xE6FC, 0xE6FC, 0xE6FC, 0xE6FC, 0xE6FC, 0xE6FC, 0xE6FC, 0xE6FC, 0xE6FC, 0xE6FC, 0xE6FC, 0xE6FC, 0xE6FC, 0xE6FC, 0xE6FC, 0xE6FC,
    0x2965, 0x0000, 0x0000, 0x0000, 0x0000, 0x0000, 0x0000, 0x0000, 0x0000, 0x0000, 0x0000, 0x2965, 0x8C72, 0x8C72, 0x8C72, 0x8C72,
    0x8C72, 0x8C72, 0x8C72, 0x8C72, 0x8C72, 0x8C72, 0x8C72, 0x8C72, 0x8C72, 0x8C72, 0x8C72, 0x8C72, 0x8C72, 0x8C72, 0x8C72, 0x8C72,
    0x8C72, 0x8C72, 0x8C72, 0x8C72, 0x8C72, 0x2965, 0x0000, 0x0000, 0x0000, 0x0000, 0x0000, 0x0000, 0x0000, 0x0000, 0x0000, 0x0000,
    0x2965, 0xE6FC, 0xE6FC, 0xE6FC, 0xE6FC, 0xE6FC, 0xE6FC, 0xE6FC, 0xE6FC, 0xE6FC, 0xE6FC, 0xE6FC, 0xE6FC, 0xE6FC, 0xE6FC, 0xE6FC,
    0xE6FC, 0xE6FC, 0xE6FC, 0xE6FC, 0xE6FC, 0xE6FC, 0xE6FC, 0xE6FC, 0xE6FC, 0xE6FC, 0xE6FC, 0xE6FC, 0xE6FC, 0xE6FC, 0xE6FC, 0xE6FC,
    0xE6FC, 0xE6FC, 0xE6FC, 0xE6FC, 0xE6FC, 0xE6FC, 0xE6FC, 0xE6FC, 0xE6FC, 0xE6FC, 0xE6FC, 0xE6FC, 0xE6FC, 0xE6FC, 0xE6FC, 0xE6FC,
    0xE6FC, 0xE6FC, 0xE6FC, 0xD659, 0x0000, 0x0000, 0x0000, 0x0000, 0x0000, 0x0000, 0x0000, 0x0000, 0x0000, 0x0000, 0x0000, 0x0000,
    0x0000, 0x0000, 0x0000, 0x0000, 0x0000, 0xE8AF, 0xE8AF, 0xE8AF, 0xE8AF, 0xE8AF, 0xE8AF, 0xE8AF, 0xE8AF, 0xE8AF, 0xE8AF, 0xE8AF,
    0xE8AF, 0xE8AF, 0xE8AF, 0xE8AF, 0xE8AF, 0xE8AF, 0xE8AF, 0xE8AF, 0xE8AF, 0xE8AF, 0xE8AF, 0xA88B, 0x0000, 0x0000, 0x0000, 0x0000,
    0x0000, 0x0000, 0x0000, 0x0000, 0x0000, 0x0000, 0x0000, 0x0000, 0x0000, 0x0000, 0x0000, 0x0000, 0x0000, 0x0000, 0x0000, 0x0000,
    0x0000, 0x0000, 0x0000, 0x0000, 0x0000, 0x0000, 0x0000, 0x0000, 0x0000, 0x0000, 0x0000, 0x0000, 0x0000, 0x0000, 0x0000, 0x0000,
    0x0000, 0x0000, 0x0000, 0x0000, 0x0000, 0x0000, 0x0000, 0x0000, 0x0000, 0x0000, 0x0000, 0x0000, 0x0000, 0x0000, 0x0000, 0x0000,
    0x0000, 0x0000, 0x0000, 0x0000, 0x0000, 0x0000, 0x0000, 0x0000, 0x0000, 0x0000, 0x0000, 0x0000, 0x0000, 0x0000, 0x0000, 0x0000,
    0x7067, 0xE8AF, 0xE8AF, 0xE8AF, 0xE8AF, 0xE8AF, 0xE8AF, 0xE8AF, 0xE8AF, 0xE8AF, 0xE8AF, 0xE8AF, 0xE8AF, 0xE8AF, 0xE8AF, 0xE8AF,
    0xE8AF, 0xE8AF, 0xE8AF, 0xE8AF, 0xE8AF, 0xE8AF, 0xE8AF, 0x3023, 0x0000, 0x0000, 0x0000, 0x0000, 0x0000, 0x0000, 0x0000, 0x0000,
    0x0000, 0x0000, 0x0000, 0x0000, 0x0000, 0x0000, 0x0000, 0x0000, 0x9CD3, 0xE6FC, 0xE6FC, 0xE6FC, 0xE6FC, 0xE6FC, 0xE6FC, 0xE6FC,
    0xE6FC, 0xE6FC, 0xE6FC, 0xE6FC, 0xE6FC, 0xE6FC, 0xE6FC, 0xE6FC, 0xE6FC, 0xE6FC, 0xE6FC, 0xE6FC, 0xE6FC, 0xE6FC, 0xE6FC, 0xE6FC,
    0xE6FC, 0xE6FC, 0xE6FC, 0xE6FC, 0xE6FC, 0xE6FC, 0xE6FC, 0xE6FC, 0xE6FC, 0xE6FC, 0xE6FC, 0xE6FC, 0xE6FC, 0xE6FC, 0xE6FC, 0xE6FC,
    0xE6FC, 0xE6FC, 0xE6FC, 0xE6FC, 0xE6FC, 0xE6FC, 0xE6FC, 0xE6FC, 0xE6FC, 0xE6FC, 0xE6FC, 0x6B4D, 0x0000, 0x0000, 0x0000, 0x0000,
    0x0000, 0x0000, 0x0000, 0x0000, 0x0000, 0x0000, 0x0000, 0x7BEF, 0x8C72, 0x8C72, 0x8C72, 0x8C72, 0x8C72, 0x8C72, 0x8C72, 0x8C72,
    0x8C72, 0x8C72, 0x8C72, 0x8C72, 0x8C72, 0x8C72, 0x8C72, 0x8C72, 0x8C72, 0x8C72, 0x8C72, 0x8C72, 0x8C72, 0x8C72, 0x8C72, 0x8C72,
    0x8C72, 0x7BEF, 0x0000, 0x0000, 0x0000, 0x0000, 0x0000, 0x0000, 0x0000, 0x0000, 0x0000, 0x0000, 0x0000, 0x6B4D, 0xE6FC, 0xE6FC,
    0xE6FC, 0xE6FC, 0xE6FC, 0xE6FC, 0xE6FC, 0xE6FC, 0xE6FC, 0xE6FC, 0xE6FC, 0xE6FC, 0xE6FC, 0xE6FC, 0xE6FC, 0xE6FC, 0xE6FC, 0xE6FC,
    0xE6FC, 0xE6FC, 0xE6FC, 0xE6FC, 0xE6FC, 0xE6FC, 0xE6FC, 0xE6FC, 0xE6FC, 0xE6FC, 0xE6FC, 0xE6FC, 0xE6FC, 0xE6FC, 0xE6FC, 0xE6FC,
    0xE6FC, 0xE6FC, 0xE6FC, 0xE6FC, 0xE6FC, 0xE6FC, 0xE6FC, 0xE6FC, 0xE6FC, 0xE6FC, 0xE6FC, 0xE6FC, 0xE6FC, 0xE6FC, 0xE6FC, 0xE6FC,
    0x9CD3, 0x0000, 0x0000, 0x0000, 0x0000, 0x0000, 0x0000, 0x0000, 0x0000, 0x0000, 0x0000, 0x0000, 0x0000, 0x0000, 0x0000, 0x0000,
    0x0000, 0x3023, 0xE8AF, 0xE8AF, 0xE8AF, 0xE8AF, 0xE8AF, 0xE8AF, 0xE8AF, 0xE8AF, 0xE8AF, 0xE8AF, 0xE8AF, 0xE8AF, 0xE8AF, 0xE8AF,
    0xE8AF, 0xE8AF, 0xE8AF, 0xE8AF, 0xE8AF, 0xE8AF, 0xE8AF, 0xE8AF, 0x7067, 0x0000, 0x0000, 0x0000, 0x0000, 0x0000, 0x0000, 0x0000,
    0x0000, 0x0000, 0x0000, 0x0000, 0x0000, 0x0000, 0x0000, 0x2965, 0x2965, 0x2965, 0x2965, 0x2965, 0x2965, 0x2965, 0x2965, 0x2965,
    0x2965, 0x2965, 0x2965, 0x2965, 0x2965, 0x2965, 0x2965, 0x2965, 0x2965, 0x2965, 0x2965, 0x2965, 0x2965, 0x2965, 0x2965, 0x2965,
    0x2965, 0x2965, 0x2965, 0x2965, 0x2965, 0x2965, 0x2965, 0x2965, 0x2965, 0x2965, 0x2965, 0x2965, 0x2965, 0x0000, 0x0000, 0x0000,
    0x0000, 0x0000, 0x0000, 0x0000, 0x0000, 0x0000, 0x0000, 0x0000, 0x0000, 0x0000, 0x0000, 0x0000, 0xE8AF, 0xE8AF, 0xE8AF, 0xE8AF,
    0xE8AF, 0xE8AF, 0xE8AF, 0xE8AF, 0xE8AF, 0xE8AF, 0xE8AF, 0xE8AF, 0xE8AF, 0xE8AF, 0xE8AF, 0xE8AF, 0xE8AF, 0xE8AF, 0xE8AF, 0xE8AF,
    0xE8AF, 0xE8AF, 0xA88B, 0x0000, 0x0000, 0x0000, 0x0000, 0x0000, 0x0000, 0x0000, 0x0000, 0x0000, 0x0000, 0x0000, 0x0000, 0x0000,
    0x0000, 0x0000, 0x0000, 0x4A49, 0xE6FC, 0xE6FC, 0xE6FC, 0xE6FC, 0xE6FC, 0xE6FC, 0xE6FC, 0xE6FC, 0xE6FC, 0xE6FC, 0xE6FC, 0xE6FC,
    0xE6FC, 0xE6FC, 0xE6FC, 0xE6FC, 0xE6FC, 0xE6FC, 0xE6FC, 0xE6FC, 0xE6FC, 0xE6FC, 0xE6FC, 0xE6FC, 0xE6FC, 0xE6FC, 0xE6FC, 0xE6FC,
    0xE6FC, 0xE6FC, 0xE6FC, 0xE6FC, 0xE6FC, 0xE6FC, 0xE6FC, 0xE6FC, 0xE6FC, 0xE6FC, 0xE6FC, 0xE6FC, 0xE6FC, 0xE6FC, 0xE6FC, 0xE6FC,
    0xE6FC, 0xE6FC, 0xE6FC, 0xE6FC, 0xE6FC, 0xE6FC, 0xAD55, 0x0000, 0x0000, 0x0000, 0x0000, 0x0000, 0x0000, 0x0000, 0x0000, 0x0000,
    0x0000, 0x0000, 0x4A49, 0x8C72, 0x8C72, 0x8C72, 0x8C72, 0x8C72, 0x8C72, 0x8C72, 0x8C72, 0x8C72, 0x8C72, 0x8C72, 0x8C72, 0x8C72,
    0x8C72, 0x8C72, 0x8C72, 0x8C72, 0x8C72, 0x8C72, 0x8C72, 0x8C72, 0x8C72, 0x8C72, 0x8C72, 0x8C72, 0x8C72, 0x8C72, 0x4A49, 0x0000,
    0x0000, 0x0000, 0x0000, 0x0000, 0x0000, 0x0000, 0x0000, 0x0000, 0x0000, 0x0000, 0xD659, 0xE6FC, 0xE6FC, 0xE6FC, 0xE6FC, 0xE6FC,
    0xE6FC, 0xE6FC, 0xE6FC, 0xE6FC, 0xE6FC, 0xE6FC, 0xE6FC, 0xE6FC, 0xE6FC, 0xE6FC, 0xE6FC, 0xE6FC, 0xE6FC, 0xE6FC, 0xE6FC, 0xE6FC,
    0xE6FC, 0xE6FC, 0xE6FC, 0xE6FC, 0xE6FC, 0xE6FC, 0xE6FC, 0xE6FC, 0xE6FC, 0xE6FC, 0xE6FC, 0xE6FC, 0xE6FC, 0xE6FC, 0xE6FC, 0xE6FC,
    0xE6FC, 0xE6FC, 0xE6FC, 0xE6FC, 0xE6FC, 0xE6FC, 0xE6FC, 0xE6FC, 0xE6FC, 0xE6FC, 0xE6FC, 0xE6FC, 0xE6FC, 0x4A49, 0x0000, 0x0000,
    0x0000, 0x0000, 0x0000, 0x0000, 0x0000, 0x0000, 0x0000, 0x0000, 0x0000, 0x0000, 0x0000, 0x0000, 0x0000, 0x0000, 0xA88B, 0xE8AF,
    0xE8AF, 0xE8AF, 0xE8AF, 0xE8AF, 0xE8AF, 0xE8AF, 0xE8AF, 0xE8AF, 0xE8AF, 0xE8AF, 0xE8AF, 0xE8AF, 0xE8AF, 0xE8AF, 0xE8AF, 0xE8AF,
    0xE8AF, 0xE8AF, 0xE8AF, 0xE8AF, 0xE8AF, 0x0000, 0x0000, 0x0000, 0x0000, 0x0000, 0x0000, 0x0000, 0x0000, 0x0000, 0x0000, 0x0000,
    0x0000, 0x0000, 0x0000, 0x9CD3, 0xE6FC, 0xE6FC, 0xE6FC, 0xE6FC, 0xE6FC, 0xE6FC, 0xE6FC, 0xE6FC, 0xE6FC, 0xE6FC, 0xE6FC, 0xE6FC,
    0xE6FC, 0xE6FC, 0xE6FC, 0xE6FC, 0xE6FC, 0xE6FC, 0xE6FC, 0xE6FC, 0xE6FC, 0xE6FC, 0xE6FC, 0xE6FC, 0xE6FC, 0xE6FC, 0xE6FC, 0xE6FC,
    0xE6FC, 0xE6FC, 0xE6FC, 0xE6FC, 0xE6FC, 0xE6FC, 0xE6FC, 0xE6FC, 0xD659, 0x0000, 0x0000, 0x0000, 0x0000, 0x0000, 0x0000, 0x0000,
    0x0000, 0x0000, 0x0000, 0x0000, 0x0000, 0x0000, 0x0000, 0xA88B, 0xE8AF, 0xE8AF, 0xE8AF, 0xE8AF, 0xE8AF, 0xE8AF, 0xE8AF, 0xE8AF,
    0xE8AF, 0xE8AF, 0xE8AF, 0xE8AF, 0xE8AF, 0xE8AF, 0xE8AF, 0xE8AF, 0xE8AF, 0xE8AF, 0xE8AF, 0xE8AF, 0xE8AF, 0xE8AF, 0x0000, 0x0000,
    0x0000, 0x0000, 0x0000, 0x0000, 0x0000, 0x0000, 0x0000, 0x0000, 0x0000, 0x0000, 0x0000, 0x0000, 0x0000, 0x0000, 0x0000, 0xD659,
    0xE6FC, 0xE6FC, 0xE6FC, 0xE6FC, 0xE6FC, 0xE6FC, 0xE6FC, 0xE6FC, 0xE6FC, 0xE6FC, 0xE6FC, 0xE6FC, 0xE6FC, 0xE6FC, 0xE6FC, 0xE6FC,
    0xE6FC, 0xE6FC, 0xE6FC, 0xE6FC, 0xE6FC, 0xE6FC, 0xE6FC, 0xE6FC, 0xE6FC, 0xE6FC, 0xE6FC, 0xE6FC, 0xE6FC, 0xE6FC, 0xE6FC, 0xE6FC,
    0xE6FC, 0xE6FC, 0xE6FC, 0xE6FC, 0xE6FC, 0xE6FC, 0xE6FC, 0xE6FC, 0xE6FC, 0xE6FC, 0xE6FC, 0xE6FC, 0xE6FC, 0xE6FC, 0xE6FC, 0xE6FC,
    0xE6FC, 0xE6FC, 0x2965, 0x0000, 0x0000, 0x0000, 0x0000, 0x0000, 0x0000, 0x0000, 0x0000, 0x0000, 0x0000, 0x2965, 0x8C72, 0x8C72,
    0x8C72, 0x8C72, 0x8C72, 0x8C72, 0x8C72, 0x8C72, 0x8C72, 0x8C72, 0x8C72, 0x8C72, 0x8C72, 0x8C72, 0x8C72, 0x8C72, 0x8C72, 0x8C72,
    0x8C72, 0x8C72, 0x8C72, 0x8C72, 0x8C72, 0x8C72, 0x8C72, 0x8C72, 0x8C72, 0x8C72, 0x8C72, 0x2965, 0x0000, 0x0000, 0x0000, 0x0000,
    0x0000, 0x0000, 0x0000, 0x0000, 0x0000, 0x0000, 0x2965, 0xE6FC, 0xE6FC, 0xE6FC, 0xE6FC, 0xE6FC, 0xE6FC, 0xE6FC, 0xE6FC, 0xE6FC,
    0xE6FC, 0xE6FC, 0xE6FC, 0xE6FC, 0xE6FC, 0xE6FC, 0xE6FC, 0xE6FC, 0xE6FC, 0xE6FC, 0xE6FC, 0xE6FC, 0xE6FC, 0xE6FC, 0xE6FC, 0xE6FC,
    0xE6FC, 0xE6FC, 0xE6FC, 0xE6FC, 0xE6FC, 0xE6FC, 0xE6FC, 0xE6FC, 0xE6FC, 0xE6FC, 0xE6FC, 0xE6FC, 0xE6FC, 0xE6FC, 0xE6FC, 0xE6FC,
    0xE6FC, 0xE6FC, 0xE6FC, 0xE6FC, 0xE6FC, 0xE6FC, 0xE6FC, 0xE6FC, 0xE6FC, 0xD659, 0x0000, 0x0000, 0x0000, 0x0000, 0x0000, 0x0000,
    0x0000, 0x0000, 0x0000, 0x0000, 0x0000, 0x0000, 0x0000, 0x0000, 0x0000, 0x0000, 0x3023, 0xE8AF, 0xE8AF, 0xE8AF, 0xE8AF, 0xE8AF,
    0xE8AF, 0xE8AF, 0xE8AF, 0xE8AF, 0xE8AF, 0xE8AF, 0xE8AF, 0xE8AF, 0xE8AF, 0xE8AF, 0xE8AF, 0xE8AF, 0xE8AF, 0xE8AF, 0xE8AF, 0xE8AF,
    0xE8AF, 0xA88B, 0x0000, 0x0000, 0x0000, 0x0000, 0x0000, 0x0000, 0x0000, 0x0000, 0x0000, 0x0000, 0x0000, 0x0000, 0x0000, 0x0000,
    0xD659, 0xE6FC, 0xE6FC, 0xE6FC, 0xE6FC, 0xE6FC, 0xE6FC, 0xE6FC, 0xE6FC, 0xE6FC, 0xE6FC, 0xE6FC, 0xE6FC, 0xE6FC, 0xE6FC, 0xE6FC,
    0xE6FC, 0xE6FC, 0xE6FC, 0xE6FC, 0xE6FC, 0xE6FC, 0xE6FC, 0xE6FC, 0xE6FC, 0xE6FC, 0xE6FC, 0xE6FC, 0xE6FC, 0xE6FC, 0xE6FC, 0xE6FC,
    0xE6FC, 0xE6FC, 0xE6FC, 0xE6FC, 0x2965, 0x0000, 0x0000, 0x0000, 0x0000, 0x0000, 0x0000, 0x0000, 0x0000, 0x0000, 0x0000, 0x0000,
    0x0000, 0x0000, 0x3023, 0xE8AF, 0xE8AF, 0xE8AF, 0xE8AF, 0xE8AF, 0xE8AF, 0xE8AF, 0xE8AF, 0xE8AF, 0xE8AF, 0xE8AF, 0xE8AF, 0xE8AF,
    0xE8AF, 0xE8AF, 0xE8AF, 0xE8AF, 0xE8AF, 0xE8AF, 0xE8AF, 0xE8AF, 0xE8AF, 0x7067, 0x0000, 0x0000, 0x0000, 0x0000, 0x0000, 0x0000,
    0x0000, 0x0000, 0x0000, 0x0000, 0x0000, 0x0000, 0x0000, 0x0000, 0x0000, 0x0000, 0x7BEF, 0xE6FC, 0xE6FC, 0xE6FC, 0xE6FC, 0xE6FC,
    0xE6FC, 0xE6FC, 0xE6FC, 0xE6FC, 0xE6FC, 0xE6FC, 0xE6FC, 0xE6FC, 0xE6FC, 0xE6FC, 0xE6FC, 0xE6FC, 0xE6FC, 0xE6FC, 0xE6FC, 0xE6FC,
    0xE6FC, 0xE6FC, 0xE6FC, 0xE6FC, 0xE6FC, 0xE6FC, 0xE6FC, 0xE6FC, 0xE6FC, 0xE6FC, 0xE6FC, 0xE6FC, 0xE6FC, 0xE6FC, 0xE6FC, 0xE6FC,
    0xE6FC, 0xE6FC, 0xE6FC, 0xE6FC, 0xE6FC, 0xE6FC, 0xE6FC, 0xE6FC, 0xE6FC, 0xE6FC, 0xE6FC, 0xE6FC, 0xE6FC, 0x6B4D, 0x0000, 0x0000,
    0x0000, 0x0000, 0x0000, 0x0000, 0x0000, 0x0000, 0x0000, 0x0000, 0x0000, 0x7BEF, 0x8C72, 0x8C72, 0x8C72, 0x8C72, 0x8C72, 0x8C72,
    0x8C72, 0x8C72, 0x8C72, 0x8C72, 0x8C72, 0x8C72, 0x8C72, 0x8C72, 0x8C72, 0x8C72, 0x8C72, 0x8C72, 0x8C72, 0x8C72, 0x8C72, 0x8C72,
    0x8C72, 0x8C72, 0x8C72, 0x8C72, 0x8C72, 0x8C72, 0x8C72, 0x7BEF, 0x0000, 0x0000, 0x0000, 0x0000, 0x0000, 0x0000, 0x0000, 0x0000,
    0x0000, 0x0000, 0x0000, 0x7BEF, 0xE6FC, 0xE6FC, 0xE6FC, 0xE6FC, 0xE6FC, 0xE6FC, 0xE6FC, 0xE6FC, 0xE6FC, 0xE6FC, 0xE6FC, 0xE6FC,
    0xE6FC, 0xE6FC, 0xE6FC, 0xE6FC, 0xE6FC, 0xE6FC, 0xE6FC, 0xE6FC, 0xE6FC, 0xE6FC, 0xE6FC, 0xE6FC, 0xE6FC, 0xE6FC, 0xE6FC, 0xE6FC,
    0xE6FC, 0xE6FC, 0xE6FC, 0xE6FC, 0xE6FC, 0xE6FC, 0xE6FC, 0xE6FC, 0xE6FC, 0xE6FC, 0xE6FC, 0xE6FC, 0xE6FC, 0xE6FC, 0xE6FC, 0xE6FC,
    0xE6FC, 0xE6FC, 0xE6FC, 0xE6FC, 0xE6FC, 0xE6FC, 0x7BEF, 0x0000, 0x0000, 0x0000, 0x0000, 0x0000, 0x0000, 0x0000, 0x0000, 0x0000,
    0x0000, 0x0000, 0x0000, 0x0000, 0x0000, 0x0000, 0x0000, 0x7067, 0xE8AF, 0xE8AF, 0xE8AF, 0xE8AF, 0xE8AF, 0xE8AF, 0xE8AF, 0xE8AF,
    0xE8AF, 0xE8AF, 0xE8AF, 0xE8AF, 0xE8AF, 0xE8AF, 0xE8AF, 0xE8AF, 0xE8AF, 0xE8AF, 0xE8AF, 0xE8AF, 0xE8AF, 0xE8AF, 0x3023, 0x0000,
    0x0000, 0x0000, 0x0000, 0x0000, 0x0000, 0x0000, 0x0000, 0x0000, 0x0000, 0x0000, 0x0000, 0x0000, 0x6B4D, 0xE6FC, 0xE6FC, 0xE6FC,
    0xE6FC, 0xE6FC, 0xE6FC, 0xE6FC, 0xE6FC, 0xE6FC, 0xE6FC, 0xE6FC, 0xE6FC, 0xE6FC, 0xE6FC, 0xE6FC, 0xE6FC, 0xE6FC, 0xE6FC, 0xE6FC,
    0xE6FC, 0xE6FC, 0xE6FC, 0xE6FC, 0xE6FC, 0xE6FC, 0xE6FC, 0xE6FC, 0xE6FC, 0xE6FC, 0xE6FC, 0xE6FC, 0xE6FC, 0xE6FC, 0xE6FC, 0x9CD3,
    0x0000, 0x0000, 0x0000, 0x0000, 0x0000, 0x0000, 0x0000, 0x0000, 0x0000, 0x0000, 0x0000, 0x0000, 0x0000, 0x0000, 0xE8AF, 0xE8AF,
    0xE8AF, 0xE8AF, 0xE8AF, 0xE8AF, 0xE8AF, 0xE8AF, 0xE8AF, 0xE8AF, 0xE8AF, 0xE8AF, 0xE8AF, 0xE8AF, 0xE8AF, 0xE8AF, 0xE8AF, 0xE8AF,
    0xE8AF, 0xE8AF, 0xE8AF, 0xE8AF, 0xA88B, 0x0000, 0x0000, 0x0000, 0x0000, 0x0000, 0x0000, 0x0000, 0x0000, 0x0000, 0x0000, 0x0000,
    0x0000, 0x0000, 0x0000, 0x0000, 0x0000, 0x2965, 0xE6FC, 0xE6FC, 0xE6FC, 0xE6FC, 0xE6FC, 0xE6FC, 0xE6FC, 0xE6FC, 0xE6FC, 0xE6FC,
    0xE6FC, 0xE6FC, 0xE6FC, 0xE6FC, 0xE6FC, 0xE6FC, 0xE6FC, 0xE6FC, 0xE6FC, 0xE6FC, 0xE6FC, 0xE6FC, 0xE6FC, 0xE6FC, 0xE6FC, 0xE6FC,
    0xE6FC, 0xE6FC, 0xE6FC, 0xE6FC, 0xE6FC, 0xE6FC, 0xE6FC, 0xE6FC, 0xE6FC, 0xE6FC, 0xE6FC, 0xE6FC, 0xE6FC, 0xE6FC, 0xE6FC, 0xE6FC,
    0xE6FC, 0xE6FC, 0xE6FC, 0xE6FC, 0xE6FC, 0xE6FC, 0xE6FC, 0xE6FC, 0xAD55, 0x0000, 0x0000, 0x0000, 0x0000, 0x0000, 0x0000, 0x0000,
    0x0000, 0x0000, 0x0000, 0x0000, 0x6B4D, 0x8C72, 0x8C72, 0x8C72, 0x8C72, 0x8C72, 0x8C72, 0x8C72, 0x8C72, 0x8C72, 0x8C72, 0x8C72,
    0x8C72, 0x8C72, 0x8C72, 0x8C72, 0x8C72, 0x8C72, 0x8C72, 0x8C72, 0x8C72, 0x8C72, 0x8C72, 0x8C72, 0x8C72, 0x8C72, 0x8C72, 0x8C72,
    0x8C72, 0x8C72, 0x8C72, 0x8C72, 0x6B4D, 0x0000, 0x0000, 0x0000, 0x0000, 0x0000, 0x0000, 0x0000, 0x0000, 0x0000, 0x0000, 0x0000,
    0xD659, 0xE6FC, 0xE6FC, 0xE6FC, 0xE6FC, 0xE6FC, 0xE6FC, 0xE6FC, 0xE6FC, 0xE6FC, 0xE6FC, 0xE6FC, 0xE6FC, 0xE6FC, 0xE6FC, 0xE6FC,
    0xE6FC, 0xE6FC, 0xE6FC, 0xE6FC, 0xE6FC, 0xE6FC, 0xE6FC, 0xE6FC, 0xE6FC, 0xE6FC, 0xE6FC, 0xE6FC, 0xE6FC, 0xE6FC, 0xE6FC, 0xE6FC,
    0xE6FC, 0xE6FC, 0xE6FC, 0xE6FC, 0xE6FC, 0xE6FC, 0xE6FC, 0xE6FC, 0xE6FC, 0xE6FC, 0xE6FC, 0xE6FC, 0xE6FC, 0xE6FC, 0xE6FC, 0xE6FC,
    0xE6FC, 0xE6FC, 0xE6FC, 0x2965, 0x0000, 0x0000, 0x0000, 0x0000, 0x0000, 0x0000, 0x0000, 0x0000, 0x0000, 0x0000, 0x0000, 0x0000,
    0x0000, 0x0000, 0x0000, 0x0000, 0xA88B, 0xE8AF, 0xE8AF, 0xE8AF, 0xE8AF, 0xE8AF, 0xE8AF, 0xE8AF, 0xE8AF, 0xE8AF, 0xE8AF, 0xE8AF,
    0xE8AF, 0xE8AF, 0xE8AF, 0xE8AF, 0xE8AF, 0xE8AF, 0xE8AF, 0xE8AF, 0xE8AF, 0xE8AF, 0xE8AF, 0x0000, 0x0000, 0x0000, 0x0000, 0x0000,
    0x0000, 0x0000, 0x0000, 0x0000, 0x0000, 0x0000, 0x0000, 0x0000, 0x0000, 0xAD55, 0xE6FC, 0xE6FC, 0xE6FC, 0xE6FC, 0xE6FC, 0xE6FC,
    0xE6FC, 0xE6FC, 0xE6FC, 0xE6FC, 0xE6FC, 0xE6FC, 0xE6FC, 0xE6FC, 0xE6FC, 0xE6FC, 0xE6FC, 0xE6FC, 0xE6FC, 0xE6FC, 0xE6FC, 0xE6FC,
    0xE6FC, 0xE6FC, 0xE6FC, 0xE6FC, 0xE6FC, 0xE6FC, 0xE6FC, 0xE6FC, 0xE6FC, 0xE6FC, 0xD659, 0x0000, 0x0000, 0x0000, 0x0000, 0x0000,
    0x0000, 0x0000, 0x0000, 0x0000, 0x0000, 0x0000, 0x0000, 0x0000, 0x0000, 0x7067, 0xE8AF, 0xE8AF, 0xE8AF, 0xE8AF, 0xE8AF, 0xE8AF,
    0xE8AF, 0xE8AF, 0xE8AF, 0xE8AF, 0xE8AF, 0xE8AF, 0xE8AF, 0xE8AF, 0xE8AF, 0xE8AF, 0xE8AF, 0xE8AF, 0xE8AF, 0xE8AF, 0xE8AF, 0xE8AF,
    0x3023, 0x0000, 0x0000, 0x0000, 0x0000, 0x0000, 0x0000, 0x0000, 0x0000, 0x0000, 0x0000, 0x0000, 0x0000, 0x0000, 0x0000, 0x0000,
    0x0000, 0xD659, 0xE6FC, 0xE6FC, 0xE6FC, 0xE6FC, 0xE6FC, 0xE6FC, 0xE6FC, 0xE6FC, 0xE6FC, 0xE6FC, 0xE6FC, 0xE6FC, 0xE6FC, 0xE6FC,
    0xE6FC, 0xE6FC, 0xE6FC, 0xE6FC, 0xE6FC, 0xE6FC, 0xE6FC, 0xE6FC, 0xE6FC, 0xE6FC, 0xE6FC, 0xE6FC, 0xE6FC, 0xE6FC, 0xE6FC, 0xE6FC,
    0xE6FC, 0xE6FC, 0xE6FC, 0xE6FC, 0xE6FC, 0xE6FC, 0xE6FC, 0xE6FC, 0xE6FC, 0xE6FC, 0xE6FC, 0xE6FC, 0xE6FC, 0xE6FC, 0xE6FC, 0xE6FC,
    0xE6FC, 0xE6FC, 0xE6FC, 0xE6FC, 0x2965, 0x0000, 0x0000, 0x0000, 0x0000, 0x0000, 0x0000, 0x0000, 0x0000, 0x0000, 0x0000, 0x2965,
    0x8C72, 0x8C72, 0x8C72, 0x8C72, 0x8C72, 0x8C72, 0x8C72, 0x8C72, 0x8C72, 0x8C72, 0x8C72, 0x8C72, 0x8C72, 0x8C72, 0x8C72, 0x8C72,
    0x8C72, 0x8C72, 0x8C72, 0x8C72, 0x8C72, 0x8C72, 0x8C72, 0x8C72, 0x8C72, 0x8C72, 0x8C72, 0x8C72, 0x8C72, 0x8C72, 0x8C72, 0x8C72,
    0x8C72, 0x2965, 0x0000, 0x0000, 0x0000, 0x0000, 0x0000, 0x0000, 0x0000, 0x0000, 0x0000, 0x0000, 0x2965, 0xE6FC, 0xE6FC, 0xE6FC,
    0xE6FC, 0xE6FC, 0xE6FC, 0xE6FC, 0xE6FC, 0xE6FC, 0xE6FC, 0xE6FC, 0xE6FC, 0xE6FC, 0xE6FC, 0xE6FC, 0xE6FC, 0xE6FC, 0xE6FC, 0xE6FC,
    0xE6FC, 0xE6FC, 0xE6FC, 0xE6FC, 0xE6FC, 0xE6FC, 0xE6FC, 0xE6FC, 0xE6FC, 0xE6FC, 0xE6FC, 0xE6FC, 0xE6FC, 0xE6FC, 0xE6FC, 0xE6FC,
    0xE6FC, 0xE6FC, 0xE6FC, 0xE6FC, 0xE6FC, 0xE6FC, 0xE6FC, 0xE6FC, 0xE6FC, 0xE6FC, 0xE6FC, 0xE6FC, 0xE6FC, 0xE6FC, 0xE6FC, 0xAD55,
    0x0000, 0x0000, 0x0000, 0x0000, 0x0000, 0x0000, 0x0000, 0x0000, 0x0000, 0x0000, 0x0000, 0x0000, 0x0000, 0x0000, 0x0000, 0x0000,
    0x3023, 0xE8AF, 0xE8AF, 0xE8AF, 0xE8AF, 0xE8AF, 0xE8AF, 0xE8AF, 0xE8AF, 0xE8AF, 0xE8AF, 0xE8AF, 0xE8AF, 0xE8AF, 0xE8AF, 0xE8AF,
    0xE8AF, 0xE8AF, 0xE8AF, 0xE8AF, 0xE8AF, 0xE8AF, 0xE8AF, 0x7067, 0x0000, 0x0000, 0x0000, 0x0000, 0x0000, 0x0000, 0x0000, 0x0000,
    0x0000, 0x0000, 0x0000, 0x0000, 0x0000, 0x2965, 0xE6FC, 0xE6FC, 0xE6FC, 0xE6FC, 0xE6FC, 0xE6FC, 0xE6FC, 0xE6FC, 0xE6FC, 0xE6FC,
    0xE6FC, 0xE6FC, 0xE6FC, 0xE6FC, 0xE6FC, 0xE6FC, 0xE6FC, 0xE6FC, 0xE6FC, 0xE6FC, 0xE6FC, 0xE6FC, 0xE6FC, 0xE6FC, 0xE6FC, 0xE6FC,
    0xE6FC, 0xE6FC, 0xE6FC, 0xE6FC, 0xE6FC, 0xE6FC, 0x4A49, 0x0000, 0x0000, 0x0000, 0x0000, 0x0000, 0x0000, 0x0000, 0x0000, 0x0000,
    0x0000, 0x0000, 0x0000, 0x0000, 0x3023, 0xE8AF, 0xE8AF, 0xE8AF, 0xE8AF, 0xE8AF, 0xE8AF, 0xE8AF, 0xE8AF, 0xE8AF, 0xE8AF, 0xE8AF,
    0xE8AF, 0xE8AF, 0xE8AF, 0xE8AF, 0xE8AF, 0xE8AF, 0xE8AF, 0xE8AF, 0xE8AF, 0xE8AF, 0xE8AF, 0x7067, 0x0000, 0x0000, 0x0000, 0x0000,
    0x0000, 0x0000, 0x0000, 0x0000, 0x0000, 0x0000, 0x0000, 0x0000, 0x0000, 0x0000, 0x0000, 0x0000, 0x6B4D, 0xE6FC, 0xE6FC, 0xE6FC,
    0xE6FC, 0xE6FC, 0xE6FC, 0xE6FC, 0xE6FC, 0xE6FC, 0xE6FC, 0xE6FC, 0xE6FC, 0xE6FC, 0xE6FC, 0xE6FC, 0xE6FC, 0xE6FC, 0xE6FC, 0xE6FC,
    0xE6FC, 0xE6FC, 0xE6FC, 0xE6FC, 0xE6FC, 0xE6FC, 0xE6FC, 0xE6FC, 0xE6FC, 0xE6FC, 0xE6FC, 0xE6FC, 0xE6FC, 0xE6FC, 0xE6FC, 0xE6FC,
    0xE6FC, 0xE6FC, 0xE6FC, 0xE6FC, 0xE6FC, 0xE6FC, 0xE6FC, 0xE6FC, 0xE6FC, 0xE6FC, 0xE6FC, 0xE6FC, 0xE6FC, 0xE6FC, 0xE6FC, 0x6B4D,
    0x0000, 0x0000, 0x0000, 0x0000, 0x0000, 0x0000, 0x0000, 0x0000, 0x0000, 0x0000, 0x0000, 0x8C51, 0x8C72, 0x8C72, 0x8C72, 0x8C72,
    0x8C72, 0x8C72, 0x8C72, 0x8C72, 0x8C72, 0x8C72, 0x8C72, 0x8C72, 0x8C72, 0x8C72, 0x8C72, 0x8C72, 0x8C72, 0x8C72, 0x8C72, 0x8C72,
    0x8C72, 0x8C72, 0x8C72, 0x8C72, 0x8C72, 0x8C72, 0x8C72, 0x8C72, 0x8C72, 0x8C72, 0x8C72, 0x8C72, 0x8C72, 0x8C51, 0x0000, 0x0000,
    0x0000, 0x0000, 0x0000, 0x0000, 0x0000, 0x0000, 0x0000, 0x0000, 0x0000, 0x7BEF, 0xE6FC, 0xE6FC, 0xE6FC, 0xE6FC, 0xE6FC, 0xE6FC,
    0xE6FC, 0xE6FC, 0xE6FC, 0xE6FC, 0xE6FC, 0xE6FC, 0xE6FC, 0xE6FC, 0xE6FC, 0xE6FC, 0xE6FC, 0xE6FC, 0xE6FC, 0xE6FC, 0xE6FC, 0xE6FC,
    0xE6FC, 0xE6FC, 0xE6FC, 0xE6FC, 0xE6FC, 0xE6FC, 0xE6FC, 0xE6FC, 0xE6FC, 0xE6FC, 0xE6FC, 0xE6FC, 0xE6FC, 0xE6FC, 0xE6FC, 0xE6FC,
    0xE6FC, 0xE6FC, 0xE6FC, 0xE6FC, 0xE6FC, 0xE6FC, 0xE6FC, 0xE6FC, 0xE6FC, 0xE6FC, 0xE6FC, 0xE6FC, 0x6B4D, 0x0000, 0x0000, 0x0000,
    0x0000, 0x0000, 0x0000, 0x0000, 0x0000, 0x0000, 0x0000, 0x0000, 0x0000, 0x0000, 0x0000, 0x0000, 0x0000, 0x7067, 0xE8AF, 0xE8AF,
    0xE8AF, 0xE8AF, 0xE8AF, 0xE8AF, 0xE8AF, 0xE8AF, 0xE8AF, 0xE8AF, 0xE8AF, 0xE8AF, 0xE8AF, 0xE8AF, 0xE8AF, 0xE8AF, 0xE8AF, 0xE8AF,
    0xE8AF, 0xE8AF, 0xE8AF, 0xE8AF, 0x3023, 0x0000, 0x0000, 0x0000, 0x0000, 0x0000, 0x0000, 0x0000, 0x0000, 0x0000, 0x0000, 0x0000,
    0x0000, 0x0000, 0x6B4D, 0xE6FC, 0xE6FC, 0xE6FC, 0xE6FC, 0xE6FC, 0xE6FC, 0xE6FC, 0xE6FC, 0xE6FC, 0xE6FC, 0xE6FC, 0xE6FC, 0xE6FC,
    0xE6FC, 0xE6FC, 0xE6FC, 0xE6FC, 0xE6FC, 0xE6FC, 0xE6FC, 0xE6FC, 0xE6FC, 0xE6FC, 0xE6FC, 0xE6FC, 0xE6FC, 0xE6FC, 0xE6FC, 0xE6FC,
    0xE6FC, 0xAD55, 0x0000, 0x0000, 0x0000, 0x0000, 0x0000, 0x0000, 0x0000, 0x0000, 0x0000, 0x0000, 0x0000, 0x0000, 0x0000, 0x0000,
    0xA88B, 0xE8AF, 0xE8AF, 0xE8AF, 0xE8AF, 0xE8AF, 0xE8AF, 0xE8AF, 0xE8AF, 0xE8AF, 0xE8AF, 0xE8AF, 0xE8AF, 0xE8AF, 0xE8AF, 0xE8AF,
    0xE8AF, 0xE8AF, 0xE8AF, 0xE8AF, 0xE8AF, 0xE8AF, 0xA88B, 0x0000, 0x0000, 0x0000, 0x0000, 0x0000, 0x0000, 0x0000, 0x0000, 0x0000,
    0x0000, 0x0000, 0x0000, 0x0000, 0x0000, 0x0000, 0x0000, 0x2965, 0xE6FC, 0xE6FC, 0xE6FC, 0xE6FC, 0xE6FC, 0xE6FC, 0xE6FC, 0xE6FC,
    0xE6FC, 0xE6FC, 0xE6FC, 0xE6FC, 0xE6FC, 0xE6FC, 0xE6FC, 0xE6FC, 0xE6FC, 0xE6FC, 0xE6FC, 0xE6FC, 0xE6FC, 0xE6FC, 0xE6FC, 0xE6FC,
    0xE6FC, 0xE6FC, 0xE6FC, 0xE6FC, 0xE6FC, 0xE6FC, 0xE6FC, 0xE6FC, 0xE6FC, 0xE6FC, 0xE6FC, 0xE6FC, 0xE6FC, 0xE6FC, 0xE6FC, 0xE6FC,
    0xE6FC, 0xE6FC, 0xE6FC, 0xE6FC, 0xE6FC, 0xE6FC, 0xE6FC, 0xE6FC, 0xE6FC, 0xE6FC, 0xAD55, 0x0000, 0x0000, 0x0000, 0x0000, 0x0000,
    0x0000, 0x0000, 0x0000, 0x0000, 0x0000, 0x0000, 0x6B4D, 0x8C72, 0x8C72, 0x8C72, 0x8C72, 0x8C72, 0x8C72, 0x8C72, 0x8C72, 0x8C72,
    0x8C72, 0x8C72, 0x8C72, 0x8C72, 0x8C72, 0x8C72, 0x8C72, 0x8C72, 0x8C72, 0x8C72, 0x8C72, 0x8C72, 0x8C72, 0x8C72, 0x8C72, 0x8C72,
    0x8C72, 0x8C72, 0x8C72, 0x8C72, 0x8C72, 0x8C72, 0x8C72, 0x8C72, 0x8C72, 0x8C72, 0x6B4D, 0x0000, 0x0000, 0x0000, 0x0000, 0x0000,
    0x0000, 0x0000, 0x0000, 0x0000, 0x0000, 0x0000, 0xD659, 0xE6FC, 0xE6FC, 0xE6FC, 0xE6FC, 0xE6FC, 0xE6FC, 0xE6FC, 0xE6FC, 0xE6FC,
    0xE6FC, 0xE6FC, 0xE6FC, 0xE6FC, 0xE6FC, 0xE6FC, 0xE6FC, 0xE6FC, 0xE6FC, 0xE6FC, 0xE6FC, 0xE6FC, 0xE6FC, 0xE6FC, 0xE6FC, 0xE6FC,
    0xE6FC, 0xE6FC, 0xE6FC, 0xE6FC, 0xE6FC, 0xE6FC, 0xE6FC, 0xE6FC, 0xE6FC, 0xE6FC, 0xE6FC, 0xE6FC, 0xE6FC, 0xE6FC, 0xE6FC, 0xE6FC,
    0xE6FC, 0xE6FC, 0xE6FC, 0xE6FC, 0xE6FC, 0xE6FC, 0xE6FC, 0xE6FC, 0xE6FC, 0x2965, 0x0000, 0x0000, 0x0000, 0x0000, 0x0000, 0x0000,
    0x0000, 0x0000, 0x0000, 0x0000, 0x0000, 0x0000, 0x0000, 0x0000, 0x0000, 0x0000, 0xE8AF, 0xE8AF, 0xE8AF, 0xE8AF, 0xE8AF, 0xE8AF,
    0xE8AF, 0xE8AF, 0xE8AF, 0xE8AF, 0xE8AF, 0xE8AF, 0xE8AF, 0xE8AF, 0xE8AF, 0xE8AF, 0xE8AF, 0xE8AF, 0xE8AF, 0xE8AF, 0xE8AF, 0xE8AF,
    0xA88B, 0x0000, 0x0000, 0x0000, 0x0000, 0x0000, 0x0000, 0x0000, 0x0000, 0x0000, 0x0000, 0x0000, 0x0000, 0x0000, 0x0000, 0xD659,
    0xE6FC, 0xE6FC, 0xE6FC, 0xE6FC, 0xE6FC, 0xE6FC, 0xE6FC, 0xE6FC, 0xE6FC, 0xE6FC, 0xE6FC, 0xE6FC, 0xE6FC, 0xE6FC, 0xE6FC, 0xE6FC,
    0xE6FC, 0xE6FC, 0xE6FC, 0xE6FC, 0xE6FC, 0xE6FC, 0xE6FC, 0xE6FC, 0xE6FC, 0xE6FC, 0xE6FC, 0xE6FC, 0xE6FC, 0x2965, 0x0000, 0x0000,
    0x0000, 0x0000, 0x0000, 0x0000, 0x0000, 0x0000, 0x0000, 0x0000, 0x0000, 0x0000, 0x0000, 0x7067, 0xE8AF, 0xE8AF, 0xE8AF, 0xE8AF,
    0xE8AF, 0xE8AF, 0xE8AF, 0xE8AF, 0xE8AF, 0xE8AF, 0xE8AF, 0xE8AF, 0xE8AF, 0xE8AF, 0xE8AF, 0xE8AF, 0xE8AF, 0xE8AF, 0xE8AF, 0xE8AF,
    0xE8AF, 0xE8AF, 0x3023, 0x0000, 0x0000, 0x0000, 0x0000, 0x0000, 0x0000, 0x0000, 0x0000, 0x0000, 0x0000, 0x0000, 0x0000, 0x0000,
    0x0000, 0x0000, 0x0000, 0xAD55, 0xE6FC, 0xE6FC, 0xE6FC, 0xE6FC, 0xE6FC, 0xE6FC, 0xE6FC, 0xE6FC, 0xE6FC, 0xE6FC, 0xE6FC, 0xE6FC,
    0xE6FC, 0xE6FC, 0xE6FC, 0xE6FC, 0xE6FC, 0xE6FC, 0xE6FC, 0xE6FC, 0xE6FC, 0xE6FC, 0xE6FC, 0xE6FC, 0xE6FC, 0xE6FC, 0xE6FC, 0xE6FC,
    0xE6FC, 0xE6FC, 0xE6FC, 0xE6FC, 0xE6FC, 0xE6FC, 0xE6FC, 0xE6FC, 0xE6FC, 0xE6FC, 0xE6FC, 0xE6FC, 0xE6FC, 0xE6FC, 0xE6FC, 0xE6FC,
    0xE6FC, 0xE6FC, 0xE6FC, 0xE6FC, 0xE6FC, 0xE6FC, 0x2965, 0x0000, 0x0000, 0x0000, 0x0000, 0x0000, 0x0000, 0x0000, 0x0000, 0x0000,
    0x0000, 0x2965, 0x8C72, 0x8C72, 0x8C72, 0x8C72, 0x8C72, 0x8C72, 0x8C72, 0x8C72, 0x8C72, 0x8C72, 0x8C72, 0x8C72, 0x8C72, 0x8C72,
    0x8C72, 0x8C72, 0x8C72, 0x8C72, 0x8C72, 0x8C72, 0x8C72, 0x8C72, 0x8C72, 0x8C72, 0x8C72, 0x8C72, 0x8C72, 0x8C72, 0x8C72, 0x8C72,
    0x8C72, 0x8C72, 0x8C72, 0x8C72, 0x8C72, 0x8C72, 0x8C72, 0x4A49, 0x0000, 0x0000, 0x0000, 0x0000, 0x0000, 0x0000, 0x0000, 0x0000,
    0x0000, 0x0000, 0x2965, 0xE6FC, 0xE6FC, 0xE6FC, 0xE6FC, 0xE6FC, 0xE6FC, 0xE6FC, 0xE6FC, 0xE6FC, 0xE6FC, 0xE6FC, 0xE6FC, 0xE6FC,
    0xE6FC, 0xE6FC, 0xE6FC, 0xE6FC, 0xE6FC, 0xE6FC, 0xE6FC, 0xE6FC, 0xE6FC, 0xE6FC, 0xE6FC, 0xE6FC, 0xE6FC, 0xE6FC, 0xE6FC, 0xE6FC,
    0xE6FC, 0xE6FC, 0xE6FC, 0xE6FC, 0xE6FC, 0xE6FC, 0xE6FC, 0xE6FC, 0xE6FC, 0xE6FC, 0xE6FC, 0xE6FC, 0xE6FC, 0xE6FC, 0xE6FC, 0xE6FC,
    0xE6FC, 0xE6FC, 0xE6FC, 0xE6FC, 0xE6FC, 0xAD55, 0x0000, 0x0000, 0x0000, 0x0000, 0x0000, 0x0000, 0x0000, 0x0000, 0x0000, 0x0000,
    0x0000, 0x0000, 0x0000, 0x0000, 0x0000, 0x0000, 0x3023, 0xE8AF, 0xE8AF, 0xE8AF, 0xE8AF, 0xE8AF, 0xE8AF, 0xE8AF, 0xE8AF, 0xE8AF,
    0xE8AF, 0xE8AF, 0xE8AF, 0xE8AF, 0xE8AF, 0xE8AF, 0xE8AF, 0xE8AF, 0xE8AF, 0xE8AF, 0xE8AF, 0xE8AF, 0xE8AF, 0x7067, 0x0000, 0x0000,
    0x0000, 0x0000, 0x0000, 0x0000, 0x0000, 0x0000, 0x0000, 0x0000, 0x0000, 0x0000, 0x0000, 0x2965, 0xE6FC, 0xE6FC, 0xE6FC, 0xE6FC,
    0xE6FC, 0xE6FC, 0xE6FC, 0xE6FC, 0xE6FC, 0xE6FC, 0xE6FC, 0xE6FC, 0xE6FC, 0xE6FC, 0xE6FC, 0xE6FC, 0xE6FC, 0xE6FC, 0xE6FC, 0xE6FC,
    0xE6FC, 0xE6FC, 0xE6FC, 0xE6FC, 0xE6FC, 0xE6FC, 0xE6FC, 0xE6FC, 0x6B4D, 0x0000, 0x0000, 0x0000, 0x0000, 0x0000, 0x0000, 0x0000,
    0x0000, 0x0000, 0x0000, 0x0000, 0x0000, 0x0000, 0x3023, 0xE8AF, 0xE8AF, 0xE8AF, 0xE8AF, 0xE8AF, 0xE8AF, 0xE8AF, 0xE8AF, 0xE8AF,
    0xE8AF, 0xE8AF, 0xE8AF, 0xE8AF, 0xE8AF, 0xE8AF, 0xE8AF, 0xE8AF, 0xE8AF, 0xE8AF, 0xE8AF, 0xE8AF, 0xE8AF, 0x7067, 0x0000, 0x0000,
    0x0000, 0x0000, 0x0000, 0x0000, 0x0000, 0x0000, 0x0000, 0x0000, 0x0000, 0x0000, 0x0000, 0x0000, 0x0000, 0x0000, 0x6B4D, 0xE6FC,
    0xE6FC, 0xE6FC, 0xE6FC, 0xE6FC, 0xE6FC, 0xE6FC, 0xE6FC, 0xE6FC, 0xE6FC, 0xE6FC, 0xE6FC, 0xE6FC, 0xE6FC, 0xE6FC, 0xE6FC, 0xE6FC,
    0xE6FC, 0xE6FC, 0xE6FC, 0xE6FC, 0xE6FC, 0xE6FC, 0xE6FC, 0xE6FC, 0xE6FC, 0xE6FC, 0xE6FC, 0xE6FC, 0xE6FC, 0xE6FC, 0xE6FC, 0xE6FC,
    0xE6FC, 0xE6FC, 0xE6FC, 0xE6FC, 0xE6FC, 0xE6FC, 0xE6FC, 0xE6FC, 0xE6FC, 0xE6FC, 0xE6FC, 0xE6FC, 0xE6FC, 0xE6FC, 0xE6FC, 0xE6FC,
    0xE6FC, 0x6B4D, 0x0000, 0x0000, 0x0000, 0x0000, 0x0000, 0x0000, 0x0000, 0x0000, 0x0000, 0x0000, 0x0000, 0x8C51, 0x8C72, 0x8C72,
    0x8C72, 0x8C72, 0x8C72, 0x8C72, 0x8C72, 0x8C72, 0x8C72, 0x8C72, 0x8C72, 0x8C72, 0x8C72, 0x8C72, 0x8C72, 0x8C72, 0x8C72, 0x8C72,
    0x8C72, 0x8C72, 0x8C72, 0x8C72, 0x8C72, 0x8C72, 0x8C72, 0x8C72, 0x8C72, 0x8C72, 0x8C72, 0x8C72, 0x8C72, 0x8C72, 0x8C72, 0x8C72,
    0x8C72, 0x8C72, 0x8C72, 0x8C51, 0x0000, 0x0000, 0x0000, 0x0000, 0x0000, 0x0000, 0x0000, 0x0000, 0x0000, 0x0000, 0x0000, 0x7BEF,
    0xE6FC, 0xE6FC, 0xE6FC, 0xE6FC, 0xE6FC, 0xE6FC, 0xE6FC, 0xE6FC, 0xE6FC, 0xE6FC, 0xE6FC, 0xE6FC, 0xE6FC, 0xE6FC, 0xE6FC, 0xE6FC,
    0xE6FC, 0xE6FC, 0xE6FC, 0xE6FC, 0xE6FC, 0xE6FC, 0xE6FC, 0xE6FC, 0xE6FC, 0xE6FC, 0xE6FC, 0xE6FC, 0xE6FC, 0xE6FC, 0xE6FC, 0xE6FC,
    0xE6FC, 0xE6FC, 0xE6FC, 0xE6FC, 0xE6FC, 0xE6FC, 0xE6FC, 0xE6FC, 0xE6FC, 0xE6FC, 0xE6FC, 0xE6FC, 0xE6FC, 0xE6FC, 0xE6FC, 0xE6FC,
    0xE6FC, 0xE6FC, 0x6B4D, 0x0000, 0x0000, 0x0000, 0x0000, 0x0000, 0x0000, 0x0000, 0x0000, 0x0000, 0x0000, 0x0000, 0x0000, 0x0000,
    0x0000, 0x0000, 0x0000, 0x7067, 0xE8AF, 0xE8AF, 0xE8AF, 0xE8AF, 0xE8AF, 0xE8AF, 0xE8AF, 0xE8AF, 0xE8AF, 0xE8AF, 0xE8AF, 0xE8AF,
    0xE8AF, 0xE8AF, 0xE8AF, 0xE8AF, 0xE8AF, 0xE8AF, 0xE8AF, 0xE8AF, 0xE8AF, 0xE8AF, 0x3023, 0x0000, 0x0000, 0x0000, 0x0000, 0x0000,
    0x0000, 0x0000, 0x0000, 0x0000, 0x0000, 0x0000, 0x0000, 0x0000, 0x8C51, 0xE6FC, 0xE6FC, 0xE6FC, 0xE6FC, 0xE6FC, 0xE6FC, 0xE6FC,
    0xE6FC, 0xE6FC, 0xE6FC, 0xE6FC, 0xE6FC, 0xE6FC, 0xE6FC, 0xE6FC, 0xE6FC, 0xE6FC, 0xE6FC, 0xE6FC, 0xE6FC, 0xE6FC, 0xE6FC, 0xE6FC,
    0xE6FC, 0xE6FC, 0xE6FC, 0xD659, 0x0000, 0x0000, 0x0000, 0x0000, 0x0000, 0x0000, 0x0000, 0x0000, 0x0000, 0x0000, 0x0000, 0x0000,
    0x0000, 0x0000, 0xA88B, 0xE8AF, 0xE8AF, 0xE8AF, 0xE8AF, 0xE8AF, 0xE8AF, 0xE8AF, 0xE8AF, 0xE8AF, 0xE8AF, 0xE8AF, 0xE8AF, 0xE8AF,
    0xE8AF, 0xE8AF, 0xE8AF, 0xE8AF, 0xE8AF, 0xE8AF, 0xE8AF, 0xE8AF, 0xE8AF, 0x0000, 0x0000, 0x0000, 0x0000, 0x0000, 0x0000, 0x0000,
    0x0000, 0x0000, 0x0000, 0x0000, 0x0000, 0x0000, 0x0000, 0x0000, 0x0000, 0x2965, 0xD659, 0xE6FC, 0xE6FC, 0xE6FC, 0xE6FC, 0xE6FC,
    0xE6FC, 0xE6FC, 0xE6FC, 0xE6FC, 0xE6FC, 0xE6FC, 0xE6FC, 0xE6FC, 0xE6FC, 0xE6FC, 0xE6FC, 0xE6FC, 0xE6FC, 0xE6FC, 0xE6FC, 0xE6FC,
    0xE6FC, 0xE6FC, 0xE6FC, 0xE6FC, 0xE6FC, 0xE6FC, 0xE6FC, 0xE6FC, 0xE6FC, 0xE6FC, 0xE6FC, 0xE6FC, 0xE6FC, 0xE6FC, 0xE6FC, 0xE6FC,
    0xE6FC, 0xE6FC, 0xE6FC, 0xE6FC, 0xE6FC, 0xE6FC, 0xE6FC, 0xE6FC, 0xE6FC, 0xE6FC, 0xE6FC, 0xE6FC, 0xD659, 0x0000, 0x0000, 0x0000,
    0x0000, 0x0000, 0x0000, 0x0000, 0x0000, 0x0000, 0x0000, 0x0000, 0x6B4D, 0x8C72, 0x8C72, 0x8C72, 0x8C72, 0x8C72, 0x8C72, 0x8C72,
    0x8C72, 0x8C72, 0x8C72, 0x8C72, 0x8C72, 0x8C72, 0x8C72, 0x8C72, 0x8C72, 0x8C72, 0x8C72, 0x8C72, 0x8C72, 0x8C72, 0x8C72, 0x8C72,
    0x8C72, 0x8C72, 0x8C72, 0x8C72, 0x8C72, 0x8C72, 0x8C72, 0x8C72, 0x8C72, 0x8C72, 0x8C72, 0x8C72, 0x8C72, 0x8C72, 0x8C72, 0x8C72,
    0x6B4D, 0x0000, 0x0000, 0x0000, 0x0000, 0x0000, 0x0000, 0x0000, 0x0000, 0x0000, 0x0000, 0x0000, 0xD659, 0xE6FC, 0xE6FC, 0xE6FC,
    0xE6FC, 0xE6FC, 0xE6FC, 0xE6FC, 0xE6FC, 0xE6FC, 0xE6FC, 0xE6FC, 0xE6FC, 0xE6FC, 0xE6FC, 0xE6FC, 0xE6FC, 0xE6FC, 0xE6FC, 0xE6FC,
    0xE6FC, 0xE6FC, 0xE6FC, 0xE6FC, 0xE6FC, 0xE6FC, 0xE6FC, 0xE6FC, 0xE6FC, 0xE6FC, 0xE6FC, 0xE6FC, 0xE6FC, 0xE6FC, 0xE6FC, 0xE6FC,
    0xE6FC, 0xE6FC, 0xE6FC, 0xE6FC, 0xE6FC, 0xE6FC, 0xE6FC, 0xE6FC, 0xE6FC, 0xE6FC, 0xE6FC, 0xE6FC, 0xE6FC, 0xE6FC, 0xD659, 0x0000,
    0x0000, 0x0000, 0x0000, 0x0000, 0x0000, 0x0000, 0x0000, 0x0000, 0x0000, 0x0000, 0x0000, 0x0000, 0x0000, 0x0000, 0x0000, 0x0000,
    0xE8AF, 0xE8AF, 0xE8AF, 0xE8AF, 0xE8AF, 0xE8AF, 0xE8AF, 0xE8AF, 0xE8AF, 0xE8AF, 0xE8AF, 0xE8AF, 0xE8AF, 0xE8AF, 0xE8AF, 0xE8AF,
    0xE8AF, 0xE8AF, 0xE8AF, 0xE8AF, 0xE8AF, 0xE8AF, 0xA88B, 0x0000, 0x0000, 0x0000, 0x0000, 0x0000, 0x0000, 0x0000, 0x0000, 0x0000,
    0x0000, 0x0000, 0x0000, 0x0000, 0x0000, 0xD659, 0xE6FC, 0xE6FC, 0xE6FC, 0xE6FC, 0xE6FC, 0xE6FC, 0xE6FC, 0xE6FC, 0xE6FC, 0xE6FC,
    0xE6FC, 0xE6FC, 0xE6FC, 0xE6FC, 0xE6FC, 0xE6FC, 0xE6FC, 0xE6FC, 0xE6FC, 0xE6FC, 0xE6FC, 0xE6FC, 0xE6FC, 0xE6FC, 0xE6FC, 0x2965,
    0x0000, 0x0000, 0x0000, 0x0000, 0x0000, 0x0000, 0x0000, 0x0000, 0x0000, 0x0000, 0x0000, 0x0000, 0x0000, 0x3023, 0xE8AF, 0xE8AF,
    0xE8AF, 0xE8AF, 0xE8AF, 0xE8AF, 0xE8AF, 0xE8AF, 0xE8AF, 0xE8AF, 0xE8AF, 0xE8AF, 0xE8AF, 0xE8AF, 0xE8AF, 0xE8AF, 0xE8AF, 0xE8AF,
    0xE8AF, 0xE8AF, 0xE8AF, 0xE8AF, 0x3023, 0x0000, 0x0000, 0x0000, 0x0000, 0x0000, 0x0000, 0x0000, 0x0000, 0x0000, 0x0000, 0x0000,
    0x0000, 0x0000, 0x0000, 0x0000, 0x0000, 0x9CD3, 0xE6FC, 0xE6FC, 0xE6FC, 0xE6FC, 0xE6FC, 0xE6FC, 0xE6FC, 0xE6FC, 0xE6FC, 0xE6FC,
    0xE6FC, 0xE6FC, 0xE6FC, 0xE6FC, 0xE6FC, 0xE6FC, 0xE6FC, 0xE6FC, 0xE6FC, 0xE6FC, 0xE6FC, 0xE6FC, 0xE6FC, 0xE6FC, 0xE6FC, 0xE6FC,
    0xE6FC, 0xE6FC, 0xE6FC, 0xE6FC, 0xE6FC, 0xE6FC, 0xE6FC, 0xE6FC, 0xE6FC, 0xE6FC, 0xE6FC, 0xE6FC, 0xE6FC, 0xE6FC, 0xE6FC, 0xE6FC,
    0xE6FC, 0xE6FC, 0xE6FC, 0xE6FC, 0xE6FC, 0xE6FC, 0xE6FC, 0xE6FC, 0x2965, 0x0000, 0x0000, 0x0000, 0x0000, 0x0000, 0x0000, 0x0000,
    0x0000, 0x0000, 0x0000, 0x4A49, 0x8C72, 0x8C72, 0x8C72, 0x8C72, 0x8C72, 0x8C72, 0x8C72, 0x8C72, 0x8C72, 0x8C72, 0x8C72, 0x8C72,
    0x8C72, 0x8C72, 0x8C72, 0x8C72, 0x8C72, 0x8C72, 0x8C72, 0x8C72, 0x8C72, 0x8C72, 0x8C72, 0x8C72, 0x8C72, 0x8C72, 0x8C72, 0x8C72,
    0x8C72, 0x8C72, 0x8C72, 0x8C72, 0x8C72, 0x8C72, 0x8C72, 0x8C72, 0x8C72, 0x8C72, 0x8C72, 0x8C72, 0x8C72, 0x4A49, 0x0000, 0x0000,
    0x0000, 0x0000, 0x0000, 0x0000, 0x0000, 0x0000, 0x0000, 0x0000, 0x2965, 0xE6FC, 0xE6FC, 0xE6FC, 0xE6FC, 0xE6FC, 0xE6FC, 0xE6FC,
    0xE6FC, 0xE6FC, 0xE6FC, 0xE6FC, 0xE6FC, 0xE6FC, 0xE6FC, 0xE6FC, 0xE6FC, 0xE6FC, 0xE6FC, 0xE6FC, 0xE6FC, 0xE6FC, 0xE6FC, 0xE6FC,
    0xE6FC, 0xE6FC, 0xE6FC, 0xE6FC, 0xE6FC, 0xE6FC, 0xE6FC, 0xE6FC, 0xE6FC, 0xE6FC, 0xE6FC, 0xE6FC, 0xE6FC, 0xE6FC, 0xE6FC, 0xE6FC,
    0xE6FC, 0xE6FC, 0xE6FC, 0xE6FC, 0xE6FC, 0xE6FC, 0xE6FC, 0xE6FC, 0xE6FC, 0xE6FC, 0xE6FC, 0x9CD3, 0x0000, 0x0000, 0x0000, 0x0000,
    0x0000, 0x0000, 0x0000, 0x0000, 0x0000, 0x0000, 0x0000, 0x0000, 0x0000, 0x0000, 0x0000, 0x0000, 0x3023, 0xE8AF, 0xE8AF, 0xE8AF,
    0xE8AF, 0xE8AF, 0xE8AF, 0xE8AF, 0xE8AF, 0xE8AF, 0xE8AF, 0xE8AF, 0xE8AF, 0xE8AF, 0xE8AF, 0xE8AF, 0xE8AF, 0xE8AF, 0xE8AF, 0xE8AF,
    0xE8AF, 0xE8AF, 0xE8AF, 0x3023, 0x0000, 0x0000, 0x0000, 0x0000, 0x0000, 0x0000, 0x0000, 0x0000, 0x0000, 0x0000, 0x0000, 0x0000,
    0x0000, 0x4A49, 0xE6FC, 0xE6FC, 0xE6FC, 0xE6FC, 0xE6FC, 0xE6FC, 0xE6FC, 0xE6FC, 0xE6FC, 0xE6FC, 0xE6FC, 0xE6FC, 0xE6FC, 0xE6FC,
    0xE6FC, 0xE6FC, 0xE6FC, 0xE6FC, 0xE6FC, 0xE6FC, 0xE6FC, 0xE6FC, 0xE6FC, 0xE6FC, 0x8C51, 0x0000, 0x0000, 0x0000, 0x0000, 0x0000,
    0x0000, 0x0000, 0x0000, 0x0000, 0x0000, 0x0000, 0x0000, 0x0000, 0x0000, 0xE8AF, 0xE8AF, 0xE8AF, 0xE8AF, 0xE8AF, 0xE8AF, 0xE8AF,
    0xE8AF, 0xE8AF, 0xE8AF, 0xE8AF, 0xE8AF, 0xE8AF, 0xE8AF, 0xE8AF, 0xE8AF, 0xE8AF, 0xE8AF, 0xE8AF, 0xE8AF, 0xE8AF, 0xE8AF, 0xA88B,
    0x0000, 0x0000, 0x0000, 0x0000, 0x0000, 0x0000, 0x0000, 0x0000, 0x0000, 0x0000, 0x0000, 0x0000, 0x0000, 0x0000, 0x0000, 0x0000,
    0x4A49, 0xE6FC, 0xE6FC, 0xE6FC, 0xE6FC, 0xE6FC, 0xE6FC, 0xE6FC, 0xE6FC, 0xE6FC, 0xE6FC, 0xE6FC, 0xE6FC, 0xE6FC, 0xE6FC, 0xE6FC,
    0xE6FC, 0xE6FC, 0xE6FC, 0xE6FC, 0xE6FC, 0xE6FC, 0xE6FC, 0xE6FC, 0xE6FC, 0xE6FC, 0xE6FC, 0xE6FC, 0xE6FC, 0xE6FC, 0xE6FC, 0xE6FC,
    0xE6FC, 0xE6FC, 0xE6FC, 0xE6FC, 0xE6FC, 0xE6FC, 0xE6FC, 0xE6FC, 0xE6FC, 0xE6FC, 0xE6FC, 0xE6FC, 0xE6FC, 0xE6FC, 0xE6FC, 0xE6FC,
    0xE6FC, 0xE6FC, 0xE6FC, 0x7BEF, 0x0000, 0x0000, 0x0000, 0x0000, 0x0000, 0x0000, 0x0000, 0x0000, 0x0000, 0x0000, 0x2965, 0x8C51,
    0x8C72, 0x8C72, 0x8C72, 0x8C72, 0x8C72, 0x8C72, 0x8C72, 0x8C72, 0x8C72, 0x8C72, 0x8C72, 0x8C72, 0x8C72, 0x8C72, 0x8C72, 0x8C72,
    0x8C72, 0x8C72, 0x8C72, 0x8C72, 0x8C72, 0x8C72, 0x8C72, 0x8C72, 0x8C72, 0x8C72, 0x8C72, 0x8C72, 0x8C72, 0x8C72, 0x8C72, 0x8C72,
    0x8C72, 0x8C72, 0x8C72, 0x8C72, 0x8C72, 0x8C72, 0x8C72, 0x8C72, 0x8C72, 0x8C72, 0x2965, 0x0000, 0x0000, 0x0000, 0x0000, 0x0000,
    0x0000, 0x0000, 0x0000, 0x0000, 0x0000, 0x7BEF, 0xE6FC, 0xE6FC, 0xE6FC, 0xE6FC, 0xE6FC, 0xE6FC, 0xE6FC, 0xE6FC, 0xE6FC, 0xE6FC,
    0xE6FC, 0xE6FC, 0xE6FC, 0xE6FC, 0xE6FC, 0xE6FC, 0xE6FC, 0xE6FC, 0xE6FC, 0xE6FC, 0xE6FC, 0xE6FC, 0xE6FC, 0xE6FC, 0xE6FC, 0xE6FC,
    0xE6FC, 0xE6FC, 0xE6FC, 0xE6FC, 0xE6FC, 0xE6FC, 0xE6FC, 0xE6FC, 0xE6FC, 0xE6FC, 0xE6FC, 0xE6FC, 0xE6FC, 0xE6FC, 0xE6FC, 0xE6FC,
    0xE6FC, 0xE6FC, 0xE6FC, 0xE6FC, 0xE6FC, 0xE6FC, 0xE6FC, 0xE6FC, 0x2965, 0x0000, 0x0000, 0x0000, 0x0000, 0x0000, 0x0000, 0x0000,
    0x0000, 0x0000, 0x0000, 0x0000, 0x0000, 0x0000, 0x0000, 0x0000, 0x0000, 0xA88B, 0xE8AF, 0xE8AF, 0xE8AF, 0xE8AF, 0xE8AF, 0xE8AF,
    0xE8AF, 0xE8AF, 0xE8AF, 0xE8AF, 0xE8AF, 0xE8AF, 0xE8AF, 0xE8AF, 0xE8AF, 0xE8AF, 0xE8AF, 0xE8AF, 0xE8AF, 0xE8AF, 0xE8AF, 0xE8AF,
    0x0000, 0x0000, 0x0000, 0x0000, 0x0000, 0x0000, 0x0000, 0x0000, 0x0000, 0x0000, 0x0000, 0x0000, 0x0000, 0x0000, 0xAD55, 0xE6FC,
    0xE6FC, 0xE6FC, 0xE6FC, 0xE6FC, 0xE6FC, 0xE6FC, 0xE6FC, 0xE6FC, 0xE6FC, 0xE6FC, 0xE6FC, 0xE6FC, 0xE6FC, 0xE6FC, 0xE6FC, 0xE6FC,
    0xE6FC, 0xE6FC, 0xE6FC, 0xE6FC, 0xE6FC, 0xD659, 0x0000, 0x0000, 0x0000, 0x0000, 0x0000, 0x0000, 0x0000, 0x0000, 0x0000, 0x0000,
    0x0000, 0x0000, 0x0000, 0x0000, 0xA88B, 0xE8AF, 0xE8AF, 0xE8AF, 0xE8AF, 0xE8AF, 0xE8AF, 0xE8AF, 0xE8AF, 0xE8AF, 0xE8AF, 0xE8AF,
    0xE8AF, 0xE8AF, 0xE8AF, 0xE8AF, 0xE8AF, 0xE8AF, 0xE8AF, 0xE8AF, 0xE8AF, 0xE8AF, 0xE8AF, 0x3023, 0x0000, 0x0000, 0x0000, 0x0000,
    0x0000, 0x0000, 0x0000, 0x0000, 0x0000, 0x0000, 0x0000, 0x0000, 0x0000, 0x0000, 0x0000, 0x0000, 0xD659, 0xE6FC, 0xE6FC, 0xE6FC,
    0xE6FC, 0xE6FC, 0xE6FC, 0xE6FC, 0xE6FC, 0xE6FC, 0xE6FC, 0xE6FC, 0xE6FC, 0xE6FC, 0xE6FC, 0xE6FC, 0xE6FC, 0xE6FC, 0xE6FC, 0xE6FC,
    0xE6FC, 0xE6FC, 0xE6FC, 0xE6FC, 0xE6FC, 0xE6FC, 0xE6FC, 0xE6FC, 0xE6FC, 0xE6FC, 0xE6FC, 0xE6FC, 0xE6FC, 0xE6FC, 0xE6FC, 0xE6FC,
    0xE6FC, 0xE6FC, 0xE6FC, 0xE6FC, 0xE6FC, 0xE6FC, 0xE6FC, 0xE6FC, 0xE6FC, 0xE6FC, 0xE6FC, 0xE6FC, 0xE6FC, 0xE6FC, 0xD659, 0x0000,
    0x0000, 0x0000, 0x0000, 0x0000, 0x0000, 0x0000, 0x0000, 0x0000, 0x0000, 0x0000, 0x6B4D, 0x8C72, 0x8C72, 0x8C72, 0x8C72, 0x8C72,
    0x8C72, 0x8C72, 0x8C72, 0x8C72, 0x8C72, 0x8C72, 0x8C72, 0x8C72, 0x8C72, 0x8C72, 0x8C72, 0x8C72, 0x8C72, 0x8C72, 0x8C72, 0x8C72,
    0x8C72, 0x8C72, 0x8C72, 0x8C72, 0x8C72, 0x8C72, 0x8C72, 0x8C72, 0x8C72, 0x8C72, 0x8C72, 0x8C72, 0x8C72, 0x8C72, 0x8C72, 0x8C72,
    0x8C72, 0x8C72, 0x8C72, 0x8C72, 0x8C72, 0x8C72, 0x6B4D, 0x0000, 0x0000, 0x0000, 0x0000, 0x0000, 0x0000, 0x0000, 0x0000, 0x0000,
    0x0000, 0x0000, 0xD659, 0xE6FC, 0xE6FC, 0xE6FC, 0xE6FC, 0xE6FC, 0xE6FC, 0xE6FC, 0xE6FC, 0xE6FC, 0xE6FC, 0xE6FC, 0xE6FC, 0xE6FC,
    0xE6FC, 0xE6FC, 0xE6FC, 0xE6FC, 0xE6FC, 0xE6FC, 0xE6FC, 0xE6FC, 0xE6FC, 0xE6FC, 0xE6FC, 0xE6FC, 0xE6FC, 0xE6FC, 0xE6FC, 0xE6FC,
    0xE6FC, 0xE6FC, 0xE6FC, 0xE6FC, 0xE6FC, 0xE6FC, 0xE6FC, 0xE6FC, 0xE6FC, 0xE6FC, 0xE6FC, 0xE6FC, 0xE6FC, 0xE6FC, 0xE6FC, 0xE6FC,
    0xE6FC, 0xE6FC, 0xE6FC, 0xE6FC, 0xD659, 0x0000, 0x0000, 0x0000, 0x0000, 0x0000, 0x0000, 0x0000, 0x0000, 0x0000, 0x0000, 0x0000,
    0x0000, 0x0000, 0x0000, 0x0000, 0x0000, 0x3023, 0xE8AF, 0xE8AF, 0xE8AF, 0xE8AF, 0xE8AF, 0xE8AF, 0xE8AF, 0xE8AF, 0xE8AF, 0xE8AF,
    0xE8AF, 0xE8AF, 0xE8AF, 0xE8AF, 0xE8AF, 0xE8AF, 0xE8AF, 0xE8AF, 0xE8AF, 0xE8AF, 0xE8AF, 0xE8AF, 0x7067, 0x0000, 0x0000, 0x0000,
    0x0000, 0x0000, 0x0000, 0x0000, 0x0000, 0x0000, 0x0000, 0x0000, 0x0000, 0x0000, 0x2965, 0xE6FC, 0xE6FC, 0xE6FC, 0xE6FC, 0xE6FC,
    0xE6FC, 0xE6FC, 0xE6FC, 0xE6FC, 0xE6FC, 0xE6FC, 0xE6FC, 0xE6FC, 0xE6FC, 0xE6FC, 0xE6FC, 0xE6FC, 0xE6FC, 0xE6FC, 0xE6FC, 0xE6FC,
    0xE6FC, 0x4A49, 0x0000, 0x0000, 0x0000, 0x0000, 0x0000, 0x0000, 0x0000, 0x0000, 0x0000, 0x0000, 0x0000, 0x0000, 0x0000, 0x3023,
    0xE8AF, 0xE8AF, 0xE8AF, 0xE8AF, 0xE8AF, 0xE8AF, 0xE8AF, 0xE8AF, 0xE8AF, 0xE8AF, 0xE8AF, 0xE8AF, 0xE8AF, 0xE8AF, 0xE8AF, 0xE8AF,
    0xE8AF, 0xE8AF, 0xE8AF, 0xE8AF, 0xE8AF, 0xE8AF, 0x7067, 0x0000, 0x0000, 0x0000, 0x0000, 0x0000, 0x0000, 0x0000, 0x0000, 0x0000,
    0x0000, 0x0000, 0x0000, 0x0000, 0x0000, 0x0000, 0x0000, 0x7BEF, 0xE6FC, 0xE6FC, 0xE6FC, 0xE6FC, 0xE6FC, 0xE6FC, 0xE6FC, 0xE6FC,
    0xE6FC, 0xE6FC, 0xE6FC, 0xE6FC, 0xE6FC, 0xE6FC, 0xE6FC, 0xE6FC, 0xE6FC, 0xE6FC, 0xE6FC, 0xE6FC, 0xE6FC, 0xE6FC, 0xE6FC, 0xE6FC,
    0xE6FC, 0xE6FC, 0xE6FC, 0xE6FC, 0xE6FC, 0xE6FC, 0xE6FC, 0xE6FC, 0xE6FC, 0xE6FC, 0xE6FC, 0xE6FC, 0xE6FC, 0xE6FC, 0xE6FC, 0xE6FC,
    0xE6FC, 0xE6FC, 0xE6FC, 0xE6FC, 0xE6FC, 0xE6FC, 0xE6FC, 0xE6FC, 0xE6FC, 0xE6FC, 0x2965, 0x0000, 0x0000, 0x0000, 0x0000, 0x0000,
    0x0000, 0x0000, 0x0000, 0x0000, 0x0000, 0x4A49, 0x8C72, 0x8C72, 0x8C72, 0x8C72, 0x8C72, 0x8C72, 0x8C72, 0x8C72, 0x8C72, 0x8C72,
    0x8C72, 0x8C72, 0x8C72, 0x8C72, 0x8C72, 0x8C72, 0x8C72, 0x8C72, 0x8C72, 0x8C72, 0x8C72, 0x8C72, 0x8C72, 0x8C72, 0x8C72, 0x8C72,
    0x8C72, 0x8C72, 0x8C72, 0x8C72, 0x8C72, 0x8C72, 0x8C72, 0x8C72, 0x8C72, 0x8C72, 0x8C72, 0x8C72, 0x8C72, 0x8C72, 0x8C72, 0x8C72,
    0x8C72, 0x8C72, 0x8C72, 0x4A49, 0x0000, 0x0000, 0x0000, 0x0000, 0x0000, 0x0000, 0x0000, 0x0000, 0x0000, 0x0000, 0x2965, 0xE6FC,
    0xE6FC, 0xE6FC, 0xE6FC, 0xE6FC, 0xE6FC, 0xE6FC, 0xE6FC, 0xE6FC, 0xE6FC, 0xE6FC, 0xE6FC, 0xE6FC, 0xE6FC, 0xE6FC, 0xE6FC, 0xE6FC,
    0xE6FC, 0xE6FC, 0xE6FC, 0xE6FC, 0xE6FC, 0xE6FC, 0xE6FC, 0xE6FC, 0xE6FC, 0xE6FC, 0xE6FC, 0xE6FC, 0xE6FC, 0xE6FC, 0xE6FC, 0xE6FC,
    0xE6FC, 0xE6FC, 0xE6FC, 0xE6FC, 0xE6FC, 0xE6FC, 0xE6FC, 0xE6FC, 0xE6FC, 0xE6FC, 0xE6FC, 0xE6FC, 0xE6FC, 0xE6FC, 0xE6FC, 0xE6FC,
    0xE6FC, 0x7BEF, 0x0000, 0x0000, 0x0000, 0x0000, 0x0000, 0x0000, 0x0000, 0x0000, 0x0000, 0x0000, 0x0000, 0x0000, 0x0000, 0x0000,
    0x0000, 0x0000, 0x7067, 0xE8AF, 0xE8AF, 0xE8AF, 0xE8AF, 0xE8AF, 0xE8AF, 0xE8AF, 0xE8AF, 0xE8AF, 0xE8AF, 0xE8AF, 0xE8AF, 0xE8AF,
    0xE8AF, 0xE8AF, 0xE8AF, 0xE8AF, 0xE8AF, 0xE8AF, 0xE8AF, 0xE8AF, 0xE8AF, 0x3023, 0x0000, 0x0000, 0x0000, 0x0000, 0x0000, 0x0000,
    0x0000, 0x0000, 0x0000, 0x0000, 0x0000, 0x0000, 0x0000, 0x6B4D, 0xE6FC, 0xE6FC, 0xE6FC, 0xE6FC, 0xE6FC, 0xE6FC, 0xE6FC, 0xE6FC,
    0xE6FC, 0xE6FC, 0xE6FC, 0xE6FC, 0xE6FC, 0xE6FC, 0xE6FC, 0xE6FC, 0xE6FC, 0xE6FC, 0xE6FC, 0xE6FC, 0xAD55, 0x0000, 0x0000, 0x0000,
    0x0000, 0x0000, 0x0000, 0x0000, 0x0000, 0x0000, 0x0000, 0x0000, 0x0000, 0x0000, 0x0000, 0xE8AF, 0xE8AF, 0xE8AF, 0xE8AF, 0xE8AF,
    0xE8AF, 0xE8AF, 0xE8AF, 0xE8AF, 0xE8AF, 0xE8AF, 0xE8AF, 0xE8AF, 0xE8AF, 0xE8AF, 0xE8AF, 0xE8AF, 0xE8AF, 0xE8AF, 0xE8AF, 0xE8AF,
    0xE8AF, 0xA88B, 0x0000, 0x0000, 0x0000, 0x0000, 0x0000, 0x0000, 0x0000, 0x0000, 0x0000, 0x0000, 0x0000, 0x0000, 0x0000, 0x0000,
    0x0000, 0x0000, 0x2965, 0xE6FC, 0xE6FC, 0xE6FC, 0xE6FC, 0xE6FC, 0xE6FC, 0xE6FC, 0xE6FC, 0xE6FC, 0xE6FC, 0xE6FC, 0xE6FC, 0xE6FC,
    0xE6FC, 0xE6FC, 0xE6FC, 0xE6FC, 0xE6FC, 0xE6FC, 0xE6FC, 0xE6FC, 0xE6FC, 0xE6FC, 0xE6FC, 0xE6FC, 0xE6FC, 0xE6FC, 0xE6FC, 0xE6FC,
    0xE6FC, 0xE6FC, 0xE6FC, 0xE6FC, 0xE6FC, 0xE6FC, 0xE6FC, 0xE6FC, 0xE6FC, 0xE6FC, 0xE6FC, 0xE6FC, 0xE6FC, 0xE6FC, 0xE6FC, 0xE6FC,
    0xE6FC, 0xE6FC, 0xE6FC, 0xE6FC, 0xE6FC, 0x7BEF, 0x0000, 0x0000, 0x0000, 0x0000, 0x0000, 0x0000, 0x0000, 0x0000, 0x0000, 0x0000,
    0x2965, 0x8C72, 0x8C72, 0x8C72, 0x8C72, 0x8C72, 0x8C72, 0x8C72, 0x8C72, 0x8C72, 0x8C72, 0x8C72, 0x8C72, 0x8C72, 0x8C72, 0x8C72,
    0x8C72, 0x8C72, 0x8C72, 0x8C72, 0x8C72, 0x8C72, 0x8C72, 0x8C72, 0x8C72, 0x8C72, 0x8C72, 0x8C72, 0x8C72, 0x8C72, 0x8C72, 0x8C72,
    0x8C72, 0x8C72, 0x8C72, 0x8C72, 0x8C72, 0x8C72, 0x8C72, 0x8C72, 0x8C72, 0x8C72, 0x8C72, 0x8C72, 0x8C72, 0x8C72, 0x8C72, 0x8C72,
    0x2965, 0x0000, 0x0000, 0x0000, 0x0000, 0x0000, 0x0000, 0x0000, 0x0000, 0x0000, 0x0000, 0x7BEF, 0xE6FC, 0xE6FC, 0xE6FC, 0xE6FC,
    0xE6FC, 0xE6FC, 0xE6FC, 0xE6FC, 0xE6FC, 0xE6FC, 0xE6FC, 0xE6FC, 0xE6FC, 0xE6FC, 0xE6FC, 0xE6FC, 0xE6FC, 0xE6FC, 0xE6FC, 0xE6FC,
    0xE6FC, 0xE6FC, 0xE6FC, 0xE6FC, 0xE6FC, 0xE6FC, 0xE6FC, 0xE6FC, 0xE6FC, 0xE6FC, 0xE6FC, 0xE6FC, 0xE6FC, 0xE6FC, 0xE6FC, 0xE6FC,
    0xE6FC, 0xE6FC, 0xE6FC, 0xE6FC, 0xE6FC, 0xE6FC, 0xE6FC, 0xE6FC, 0xE6FC, 0xE6FC, 0xE6FC, 0xE6FC, 0xE6FC, 0xE6FC, 0x2965, 0x0000,
    0x0000, 0x0000, 0x0000, 0x0000, 0x0000, 0x0000, 0x0000, 0x0000, 0x0000, 0x0000, 0x0000, 0x0000, 0x0000, 0x0000, 0x0000, 0xA88B,
    0xE8AF, 0xE8AF, 0xE8AF, 0xE8AF, 0xE8AF, 0xE8AF, 0xE8AF, 0xE8AF, 0xE8AF, 0xE8AF, 0xE8AF, 0xE8AF, 0xE8AF, 0xE8AF, 0xE8AF, 0xE8AF,
    0xE8AF, 0xE8AF, 0xE8AF, 0xE8AF, 0xE8AF, 0xA88B, 0x0000, 0x0000, 0x0000, 0x0000, 0x0000, 0x0000, 0x0000, 0x0000, 0x0000, 0x0000,
    0x0000, 0x0000, 0x0000, 0x0000, 0xAD55, 0xE6FC, 0xE6FC, 0xE6FC, 0xE6FC, 0xE6FC, 0xE6FC, 0xE6FC, 0xE6FC, 0xE6FC, 0xE6FC, 0xE6FC,
    0xE6FC, 0xE6FC, 0xE6FC, 0xE6FC, 0xE6FC, 0xE6FC, 0xE6FC, 0xE6FC, 0x2965, 0x0000, 0x0000, 0x0000, 0x0000, 0x0000, 0x0000, 0x0000,
    0x0000, 0x0000, 0x0000, 0x0000, 0x0000, 0x0000, 0x7067, 0xE8AF, 0xE8AF, 0xE8AF, 0xE8AF, 0xE8AF, 0xE8AF, 0xE8AF, 0xE8AF, 0xE8AF,
    0xE8AF, 0xE8AF, 0xE8AF, 0xE8AF, 0xE8AF, 0xE8AF, 0xE8AF, 0xE8AF, 0xE8AF, 0xE8AF, 0xE8AF, 0xE8AF, 0xE8AF, 0x3023, 0x0000, 0x0000,
    0x0000, 0x0000, 0x0000, 0x0000, 0x0000, 0x0000, 0x0000, 0x0000, 0x0000, 0x0000, 0x0000, 0x0000, 0x0000, 0x0000, 0xAD55, 0xE6FC,
    0xE6FC, 0xE6FC, 0xE6FC, 0xE6FC, 0xE6FC, 0xE6FC, 0xE6FC, 0xE6FC, 0xE6FC, 0xE6FC, 0xE6FC, 0xE6FC, 0xE6FC, 0xE6FC, 0xE6FC, 0xE6FC,
    0xE6FC, 0xE6FC, 0xE6FC, 0xE6FC, 0xE6FC, 0xE6FC, 0xE6FC, 0xE6FC, 0xE6FC, 0xE6FC, 0xE6FC, 0xE6FC, 0xE6FC, 0xE6FC, 0xE6FC, 0xE6FC,
    0xE6FC, 0xE6FC, 0xE6FC, 0xE6FC, 0xE6FC, 0xE6FC, 0xE6FC, 0xE6FC, 0xE6FC, 0xE6FC, 0xE6FC, 0xE6FC, 0xE6FC, 0xE6FC, 0xE6FC, 0xE6FC,
    0xD659, 0x0000, 0x0000, 0x0000, 0x0000, 0x0000, 0x0000, 0x0000, 0x0000, 0x0000, 0x0000, 0x0000, 0x6B4D, 0x8C72, 0x8C72, 0x8C72,
    0x8C72, 0x8C72, 0x8C72, 0x8C72, 0x8C72, 0x8C72, 0x8C72, 0x8C72, 0x8C72, 0x8C72, 0x8C72, 0x8C72, 0x8C72, 0x8C72, 0x8C72, 0x8C72,
    0x8C72, 0x8C72, 0x8C72, 0x8C72, 0x8C72, 0x8C72, 0x8C72, 0x8C72, 0x8C72, 0x8C72, 0x8C72, 0x8C72, 0x8C72, 0x8C72, 0x8C72, 0x8C72,
    0x8C72, 0x8C72, 0x8C72, 0x8C72, 0x8C72, 0x8C72, 0x8C72, 0x8C72, 0x8C72, 0x8C72, 0x8C72, 0x8C72, 0x7BEF, 0x0000, 0x0000, 0x0000,
    0x0000, 0x0000, 0x0000, 0x0000, 0x0000, 0x0000, 0x0000, 0x0000, 0xD659, 0xE6FC, 0xE6FC, 0xE6FC, 0xE6FC, 0xE6FC, 0xE6FC, 0xE6FC,
    0xE6FC, 0xE6FC, 0xE6FC, 0xE6FC, 0xE6FC, 0xE6FC, 0xE6FC, 0xE6FC, 0xE6FC, 0xE6FC, 0xE6FC, 0xE6FC, 0xE6FC, 0xE6FC, 0xE6FC, 0xE6FC,
    0xE6FC, 0xE6FC, 0xE6FC, 0xE6FC, 0xE6FC, 0xE6FC, 0xE6FC, 0xE6FC, 0xE6FC, 0xE6FC, 0xE6FC, 0xE6FC, 0xE6FC, 0xE6FC, 0xE6FC, 0xE6FC,
    0xE6FC, 0xE6FC, 0xE6FC, 0xE6FC, 0xE6FC, 0xE6FC, 0xE6FC, 0xE6FC, 0xE6FC, 0xE6FC, 0xAD55, 0x0000, 0x0000, 0x0000, 0x0000, 0x0000,
    0x0000, 0x0000, 0x0000, 0x0000, 0x0000, 0x0000, 0x0000, 0x0000, 0x0000, 0x0000, 0x0000, 0x3023, 0xE8AF, 0xE8AF, 0xE8AF, 0xE8AF,
    0xE8AF, 0xE8AF, 0xE8AF, 0xE8AF, 0xE8AF, 0xE8AF, 0xE8AF, 0xE8AF, 0xE8AF, 0xE8AF, 0xE8AF, 0xE8AF, 0xE8AF, 0xE8AF, 0xE8AF, 0xE8AF,
    0xE8AF, 0xE8AF, 0x7067, 0x0000, 0x0000, 0x0000, 0x0000, 0x0000, 0x0000, 0x0000, 0x0000, 0x0000, 0x0000, 0x0000, 0x0000, 0x0000,
    0x2965, 0xE6FC, 0xE6FC, 0xE6FC, 0xE6FC, 0xE6FC, 0xE6FC, 0xE6FC, 0xE6FC, 0xE6FC, 0xE6FC, 0xE6FC, 0xE6FC, 0xE6FC, 0xE6FC, 0xE6FC,
    0xE6FC, 0xE6FC, 0xE6FC, 0x6B4D, 0x0000, 0x0000, 0x0000, 0x0000, 0x0000, 0x0000, 0x0000, 0x0000, 0x0000, 0x0000, 0x0000, 0x0000,
    0x0000, 0x3023, 0xE8AF, 0xE8AF, 0xE8AF, 0xE8AF, 0xE8AF, 0xE8AF, 0xE8AF, 0xE8AF, 0xE8AF, 0xE8AF, 0xE8AF, 0xE8AF, 0xE8AF, 0xE8AF,
    0xE8AF, 0xE8AF, 0xE8AF, 0xE8AF, 0xE8AF, 0xE8AF, 0xE8AF, 0xE8AF, 0x7067, 0x0000, 0x0000, 0x0000, 0x0000, 0x0000, 0x0000, 0x0000,
    0x0000, 0x0000, 0x0000, 0x0000, 0x0000, 0x0000, 0x0000, 0x0000, 0x0000, 0x6B4D, 0xE6FC, 0xE6FC, 0xE6FC, 0xE6FC, 0xE6FC, 0xE6FC,
    0xE6FC, 0xE6FC, 0xE6FC, 0xE6FC, 0xE6FC, 0xE6FC, 0xE6FC, 0xE6FC, 0xE6FC, 0xE6FC, 0xE6FC, 0xE6FC, 0xE6FC, 0xE6FC, 0xE6FC, 0xE6FC,
    0xE6FC, 0xE6FC, 0xE6FC, 0xE6FC, 0xE6FC, 0xE6FC, 0xE6FC, 0xE6FC, 0xE6FC, 0xE6FC, 0xE6FC, 0xE6FC, 0xE6FC, 0xE6FC, 0xE6FC, 0xE6FC,
    0xE6FC, 0xE6FC, 0xE6FC, 0xE6FC, 0xE6FC, 0xE6FC, 0xE6FC, 0xE6FC, 0xE6FC, 0xE6FC, 0xE6FC, 0xE6FC, 0x2965, 0x0000, 0x0000, 0x0000,
    0x0000, 0x0000, 0x0000, 0x0000, 0x0000, 0x0000, 0x0000, 0x4A49, 0x8C72, 0x8C72, 0x8C72, 0x8C72, 0x8C72, 0x8C72, 0x8C72, 0x8C72,
    0x8C72, 0x8C72, 0x8C72, 0x8C72, 0x8C72, 0x8C72, 0x8C72, 0x8C72, 0x8C72, 0x8C72, 0x8C72, 0x8C72, 0x8C72, 0x8C72, 0x8C72, 0x8C72,
    0x8C72, 0x8C72, 0x8C72, 0x8C72, 0x8C72, 0x8C72, 0x8C72, 0x8C72, 0x8C72, 0x8C72, 0x8C72, 0x8C72, 0x8C72, 0x8C72, 0x8C72, 0x8C72,
    0x8C72, 0x8C72, 0x8C72, 0x8C72, 0x8C72, 0x8C72, 0x8C72, 0x8C72, 0x8C72, 0x4A49, 0x0000, 0x0000, 0x0000, 0x0000, 0x0000, 0x0000,
    0x0000, 0x0000, 0x0000, 0x0000, 0x2965, 0xE6FC, 0xE6FC, 0xE6FC, 0xE6FC, 0xE6FC, 0xE6FC, 0xE6FC, 0xE6FC, 0xE6FC, 0xE6FC, 0xE6FC,
    0xE6FC, 0xE6FC, 0xE6FC, 0xE6FC, 0xE6FC, 0xE6FC, 0xE6FC, 0xE6FC, 0xE6FC, 0xE6FC, 0xE6FC, 0xE6FC, 0xE6FC, 0xE6FC, 0xE6FC, 0xE6FC,
    0xE6FC, 0xE6FC, 0xE6FC, 0xE6FC, 0xE6FC, 0xE6FC, 0xE6FC, 0xE6FC, 0xE6FC, 0xE6FC, 0xE6FC, 0xE6FC, 0xE6FC, 0xE6FC, 0xE6FC, 0xE6FC,
    0xE6FC, 0xE6FC, 0xE6FC, 0xE6FC, 0xE6FC, 0xE6FC, 0xE6FC, 0x6B4D, 0x0000, 0x0000, 0x0000, 0x0000, 0x0000, 0x0000, 0x0000, 0x0000,
    0x0000, 0x0000, 0x0000, 0x0000, 0x0000, 0x0000, 0x0000, 0x0000, 0x7067, 0xE8AF, 0xE8AF, 0xE8AF, 0xE8AF, 0xE8AF, 0xE8AF, 0xE8AF,
    0xE8AF, 0xE8AF, 0xE8AF, 0xE8AF, 0xE8AF, 0xE8AF, 0xE8AF, 0xE8AF, 0xE8AF, 0xE8AF, 0xE8AF, 0xE8AF, 0xE8AF, 0xE8AF, 0xE8AF, 0x3023,
    0x0000, 0x0000, 0x0000, 0x0000, 0x0000, 0x0000, 0x0000, 0x0000, 0x0000, 0x0000, 0x0000, 0x0000, 0x0000, 0x7BEF, 0xE6FC, 0xE6FC,
    0xE6FC, 0xE6FC, 0xE6FC, 0xE6FC, 0xE6FC, 0xE6FC, 0xE6FC, 0xE6FC, 0xE6FC, 0xE6FC, 0xE6FC, 0xE6FC, 0xE6FC, 0xE6FC, 0xD659, 0x0000,
    0x0000, 0x0000, 0x0000, 0x0000, 0x0000, 0x0000, 0x0000, 0x0000, 0x0000, 0x0000, 0x0000, 0x0000, 0x0000, 0xA88B, 0xE8AF, 0xE8AF,
    0xE8AF, 0xE8AF, 0xE8AF, 0xE8AF, 0xE8AF, 0xE8AF, 0xE8AF, 0xE8AF, 0xE8AF, 0xE8AF, 0xE8AF, 0xE8AF, 0xE8AF, 0xE8AF, 0xE8AF, 0xE8AF,
    0xE8AF, 0xE8AF, 0xE8AF, 0xE8AF, 0x0000, 0x0000, 0x0000, 0x0000, 0x0000, 0x0000, 0x0000, 0x0000, 0x0000, 0x0000, 0x0000, 0x0000,
    0x0000, 0x0000, 0x0000, 0x0000, 0x2965, 0xE6FC, 0xE6FC, 0xE6FC, 0xE6FC, 0xE6FC, 0xE6FC, 0xE6FC, 0xE6FC, 0xE6FC, 0xE6FC, 0xE6FC,
    0xE6FC, 0xE6FC, 0xE6FC, 0xE6FC, 0xE6FC, 0xE6FC, 0xE6FC, 0xE6FC, 0xE6FC, 0xE6FC, 0xE6FC, 0xE6FC, 0xE6FC, 0xE6FC, 0xE6FC, 0xE6FC,
    0xE6FC, 0xE6FC, 0xE6FC, 0xE6FC, 0xE6FC, 0xE6FC, 0xE6FC, 0xE6FC, 0xE6FC, 0xE6FC, 0xE6FC, 0xE6FC, 0xE6FC, 0xE6FC, 0xE6FC, 0xE6FC,
    0xE6FC, 0xE6FC, 0xE6FC, 0xE6FC, 0xE6FC, 0xE6FC, 0xE6FC, 0x7BEF, 0x0000, 0x0000, 0x0000, 0x0000, 0x0000, 0x0000, 0x0000, 0x0000,
    0x0000, 0x0000, 0x2965, 0x8C72, 0x8C72, 0x8C72, 0x8C72, 0x8C72, 0x8C72, 0x8C72, 0x8C72, 0x8C72, 0x8C72, 0x8C72, 0x8C72, 0x8C72,
    0x8C72, 0x8C72, 0x8C72, 0x8C72, 0x8C72, 0x8C72, 0x8C72, 0x8C72, 0x8C72, 0x8C72, 0x8C72, 0x8C72, 0x8C72, 0x8C72, 0x8C72, 0x8C72,
    0x8C72, 0x8C72, 0x8C72, 0x8C72, 0x8C72, 0x8C72, 0x8C72, 0x8C72, 0x8C72, 0x8C72, 0x8C72, 0x8C72, 0x8C72, 0x8C72, 0x8C72, 0x8C72,
    0x8C72, 0x8C72, 0x8C72, 0x8C72, 0x8C72, 0x8C72, 0x0000, 0x0000, 0x0000, 0x0000, 0x0000, 0x0000, 0x0000, 0x0000, 0x0000, 0x0000,
    0x0000, 0x7BEF, 0xE6FC, 0xE6FC, 0xE6FC, 0xE6FC, 0xE6FC, 0xE6FC, 0xE6FC, 0xE6FC, 0xE6FC, 0xE6FC, 0xE6FC, 0xE6FC, 0xE6FC, 0xE6FC,
    0xE6FC, 0xE6FC, 0xE6FC, 0xE6FC, 0xE6FC, 0xE6FC, 0xE6FC, 0xE6FC, 0xE6FC, 0xE6FC, 0xE6FC, 0xE6FC, 0xE6FC, 0xE6FC, 0xE6FC, 0xE6FC,
    0xE6FC, 0xE6FC, 0xE6FC, 0xE6FC, 0xE6FC, 0xE6FC, 0xE6FC, 0xE6FC, 0xE6FC, 0xE6FC, 0xE6FC, 0xE6FC, 0xE6FC, 0xE6FC, 0xE6FC, 0xE6FC,
    0xE6FC, 0xE6FC, 0xE6FC, 0xD659, 0x2965, 0x0000, 0x0000, 0x0000, 0x0000, 0x0000, 0x0000, 0x0000, 0x0000, 0x0000, 0x0000, 0x0000,
    0x0000, 0x0000, 0x0000, 0x0000, 0x0000, 0xE8AF, 0xE8AF, 0xE8AF, 0xE8AF, 0xE8AF, 0xE8AF, 0xE8AF, 0xE8AF, 0xE8AF, 0xE8AF, 0xE8AF,
    0xE8AF, 0xE8AF, 0xE8AF, 0xE8AF, 0xE8AF, 0xE8AF, 0xE8AF, 0xE8AF, 0xE8AF, 0xE8AF, 0xE8AF, 0xA88B, 0x0000, 0x0000, 0x0000, 0x0000,
    0x0000, 0x0000, 0x0000, 0x0000, 0x0000, 0x0000, 0x0000, 0x0000, 0x0000, 0x0000, 0xD659, 0xE6FC, 0xE6FC, 0xE6FC, 0xE6FC, 0xE6FC,
    0xE6FC, 0xE6FC, 0xE6FC, 0xE6FC, 0xE6FC, 0xE6FC, 0xE6FC, 0xE6FC, 0xE6FC, 0xE6FC, 0x2965, 0x0000, 0x0000, 0x0000, 0x0000, 0x0000,
    0x0000, 0x0000, 0x0000, 0x0000, 0x0000, 0x0000, 0x0000, 0x0000, 0x7067, 0xE8AF, 0xE8AF, 0xE8AF, 0xE8AF, 0xE8AF, 0xE8AF, 0xE8AF,
    0xE8AF, 0xE8AF, 0xE8AF, 0xE8AF, 0xE8AF, 0xE8AF, 0xE8AF, 0xE8AF, 0xE8AF, 0xE8AF, 0xE8AF, 0xE8AF, 0xE8AF, 0xE8AF, 0xE8AF, 0x3023,
    0x0000, 0x0000, 0x0000, 0x0000, 0x0000, 0x0000, 0x0000, 0x0000, 0x0000, 0x0000, 0x0000, 0x0000, 0x0000, 0x0000, 0x0000, 0x0000,
    0xAD55, 0xE6FC, 0xE6FC, 0xE6FC, 0xE6FC, 0xE6FC, 0xE6FC, 0xE6FC, 0xE6FC, 0xE6FC, 0xE6FC, 0xE6FC, 0xE6FC, 0xE6FC, 0xE6FC, 0xE6FC,
    0xE6FC, 0xE6FC, 0xE6FC, 0xE6FC, 0xE6FC, 0xE6FC, 0xE6FC, 0xE6FC, 0xE6FC, 0xE6FC, 0xE6FC, 0xE6FC, 0xE6FC, 0xE6FC, 0xE6FC, 0xE6FC,
    0xE6FC, 0xE6FC, 0xE6FC, 0xE6FC, 0xE6FC, 0xE6FC, 0xE6FC, 0xE6FC, 0xE6FC, 0xE6FC, 0xE6FC, 0xE6FC, 0xE6FC, 0xE6FC, 0xE6FC, 0xE6FC,
    0xE6FC, 0xE6FC, 0xD659, 0x0000, 0x0000, 0x0000, 0x0000, 0x0000, 0x0000, 0x0000, 0x0000, 0x0000, 0x0000, 0x0000, 0x4A49, 0x8C72,
    0x8C72, 0x8C72, 0x8C72, 0x8C72, 0x8C72, 0x8C72, 0x8C72, 0x8C72, 0x8C72, 0x8C72, 0x8C72, 0x8C72, 0x8C72, 0x8C72, 0x8C72, 0x8C72,
    0x8C72, 0x8C72, 0x8C72, 0x8C72, 0x8C72, 0x8C72, 0x8C72, 0x8C72, 0x8C72, 0x8C72, 0x8C72, 0x8C72, 0x8C72, 0x8C72, 0x8C72, 0x8C72,
    0x8C72, 0x8C72, 0x8C72, 0x8C72, 0x8C72, 0x8C72, 0x8C72, 0x8C72, 0x8C72, 0x8C72, 0x8C72, 0x8C72, 0x8C72, 0x8C72, 0x8C72, 0x8C72,
    0x8C72, 0x8C72, 0x0000, 0x0000, 0x0000, 0x0000, 0x0000, 0x0000, 0x0000, 0x0000, 0x0000, 0x0000, 0x0000, 0x0000, 0xD659, 0xE6FC,
    0xE6FC, 0xE6FC, 0xE6FC, 0xE6FC, 0xE6FC, 0xE6FC, 0xE6FC, 0xE6FC, 0xE6FC, 0xE6FC, 0xE6FC, 0xE6FC, 0xE6FC, 0xE6FC, 0xE6FC, 0xE6FC,
    0xE6FC, 0xE6FC, 0xE6FC, 0xE6FC, 0xE6FC, 0xE6FC, 0xE6FC, 0xE6FC, 0xE6FC, 0xE6FC, 0xE6FC, 0xE6FC, 0xE6FC, 0xE6FC, 0xE6FC, 0xE6FC,
    0xE6FC, 0xE6FC, 0xE6FC, 0xE6FC, 0xE6FC, 0xE6FC, 0xE6FC, 0xE6FC, 0xE6FC, 0xE6FC, 0xE6FC, 0xE6FC, 0xE6FC, 0xE6FC, 0xE6FC, 0xE6FC,
    0xAD55, 0x0000, 0x0000, 0x0000, 0x0000, 0x0000, 0x0000, 0x0000, 0x0000, 0x0000, 0x0000, 0x0000, 0x0000, 0x0000, 0x0000, 0x0000,
    0x0000, 0x3023, 0xE8AF, 0xE8AF, 0xE8AF, 0xE8AF, 0xE8AF, 0xE8AF, 0xE8AF, 0xE8AF, 0xE8AF, 0xE8AF, 0xE8AF, 0xE8AF, 0xE8AF, 0xE8AF,
    0xE8AF, 0xE8AF, 0xE8AF, 0xE8AF, 0xE8AF, 0xE8AF, 0xE8AF, 0xE8AF, 0x7067, 0x0000, 0x0000, 0x0000, 0x0000, 0x0000, 0x0000, 0x0000,
    0x0000, 0x0000, 0x0000, 0x0000, 0x0000, 0x0000, 0x4A49, 0xE6FC, 0xE6FC, 0xE6FC, 0xE6FC, 0xE6FC, 0xE6FC, 0xE6FC, 0xE6FC, 0xE6FC,
    0xE6FC, 0xE6FC, 0xE6FC, 0xE6FC, 0xE6FC, 0x8C51, 0x0000, 0x0000, 0x0000, 0x0000, 0x0000, 0x0000, 0x0000, 0x0000, 0x0000, 0x0000,
    0x0000, 0x0000, 0x0000, 0x3023, 0xE8AF, 0xE8AF, 0xE8AF, 0xE8AF, 0xE8AF, 0xE8AF, 0xE8AF, 0xE8AF, 0xE8AF, 0xE8AF, 0xE8AF, 0xE8AF,
    0xE8AF, 0xE8AF, 0xE8AF, 0xE8AF, 0xE8AF, 0xE8AF, 0xE8AF, 0xE8AF, 0xE8AF, 0xE8AF, 0xA88B, 0x0000, 0x0000, 0x0000, 0x0000, 0x0000,
    0x0000, 0x0000, 0x0000, 0x0000, 0x0000, 0x0000, 0x0000, 0x0000, 0x0000, 0x0000, 0x0000, 0x6B4D, 0xE6FC, 0xE6FC, 0xE6FC, 0xE6FC,
    0xE6FC, 0xE6FC, 0xE6FC, 0xE6FC, 0xE6FC, 0xE6FC, 0xE6FC, 0xE6FC, 0xE6FC, 0xE6FC, 0xE6FC, 0xE6FC, 0xE6FC, 0xE6FC, 0xE6FC, 0xE6FC,
    0xE6FC, 0xE6FC, 0xE6FC, 0xE6FC, 0xE6FC, 0xE6FC, 0xE6FC, 0xE6FC, 0xE6FC, 0xE6FC, 0xE6FC, 0xE6FC, 0xE6FC, 0xE6FC, 0xE6FC, 0xE6FC,
    0xE6FC, 0xE6FC, 0xE6FC, 0xE6FC, 0xE6FC, 0xE6FC, 0xE6FC, 0xE6FC, 0xE6FC, 0xE6FC, 0xE6FC, 0xE6FC, 0xE6FC, 0xE6FC, 0x2965, 0x0000,
    0x0000, 0x0000, 0x0000, 0x0000, 0x0000, 0x0000, 0x0000, 0x0000, 0x0000, 0x0000, 0x4A49, 0x8C72, 0x8C72, 0x8C72, 0x8C72, 0x8C72,
    0x8C72, 0x8C72, 0x8C72, 0x8C72, 0x8C72, 0x8C72, 0x8C72, 0x8C72, 0x8C72, 0x8C72, 0x8C72, 0x8C72, 0x8C72, 0x8C72, 0x8C72, 0x8C72,
    0x8C72, 0x8C72, 0x8C72, 0x8C72, 0x8C72, 0x8C72, 0x8C72, 0x8C72, 0x8C72, 0x8C72, 0x8C72, 0x8C72, 0x8C72, 0x8C72, 0x8C72, 0x8C72,
    0x8C72, 0x8C72, 0x8C72, 0x8C72, 0x8C72, 0x8C72, 0x8C72, 0x8C72, 0x8C72, 0x8C72, 0x8C72, 0x8C72, 0x8C72, 0x8C72, 0x0000, 0x0000,
    0x0000, 0x0000, 0x0000, 0x0000, 0x0000, 0x0000, 0x0000, 0x0000, 0x0000, 0x0000, 0x2965, 0xE6FC, 0xE6FC, 0xE6FC, 0xE6FC, 0xE6FC,
    0xE6FC, 0xE6FC, 0xE6FC, 0xE6FC, 0xE6FC, 0xE6FC, 0xE6FC, 0xE6FC, 0xE6FC, 0xE6FC, 0xE6FC, 0xE6FC, 0xE6FC, 0xE6FC, 0xE6FC, 0xE6FC,
    0xE6FC, 0xE6FC, 0xE6FC, 0xE6FC, 0xE6FC, 0xE6FC, 0xE6FC, 0xE6FC, 0xE6FC, 0xE6FC, 0xE6FC, 0xE6FC, 0xE6FC, 0xE6FC, 0xE6FC, 0xE6FC,
    0xE6FC, 0xE6FC, 0xE6FC, 0xE6FC, 0xE6FC, 0xE6FC, 0xE6FC, 0xE6FC, 0xE6FC, 0xE6FC, 0xE6FC, 0xE6FC, 0xE6FC, 0x4A49, 0x0000, 0x0000,
    0x0000, 0x0000, 0x0000, 0x0000, 0x0000, 0x0000, 0x0000, 0x0000, 0x0000, 0x0000, 0x0000, 0x0000, 0x0000, 0x0000, 0xA88B, 0xE8AF,
    0xE8AF, 0xE8AF, 0xE8AF, 0xE8AF, 0xE8AF, 0xE8AF, 0xE8AF, 0xE8AF, 0xE8AF, 0xE8AF, 0xE8AF, 0xE8AF, 0xE8AF, 0xE8AF, 0xE8AF, 0xE8AF,
    0xE8AF, 0xE8AF, 0xE8AF, 0xE8AF, 0xE8AF, 0x0000, 0x0000, 0x0000, 0x0000, 0x0000, 0x0000, 0x0000, 0x0000, 0x0000, 0x0000, 0x0000,
    0x0000, 0x0000, 0x0000, 0xAD55, 0xE6FC, 0xE6FC, 0xE6FC, 0xE6FC, 0xE6FC, 0xE6FC, 0xE6FC, 0xE6FC, 0xE6FC, 0xE6FC, 0xE6FC, 0xE6FC,
    0xD659, 0x0000, 0x0000, 0x0000, 0x0000, 0x0000, 0x0000, 0x0000, 0x0000, 0x0000, 0x0000, 0x0000, 0x0000, 0x0000, 0x0000, 0xA88B,
    0xE8AF, 0xE8AF, 0xE8AF, 0xE8AF, 0xE8AF, 0xE8AF, 0xE8AF, 0xE8AF, 0xE8AF, 0xE8AF, 0xE8AF, 0xE8AF, 0xE8AF, 0xE8AF, 0xE8AF, 0xE8AF,
    0xE8AF, 0xE8AF, 0xE8AF, 0xE8AF, 0xE8AF, 0xE8AF, 0x0000, 0x0000, 0x0000, 0x0000, 0x0000, 0x0000, 0x0000, 0x0000, 0x0000, 0x0000,
    0x0000, 0x0000, 0x0000, 0x0000, 0x0000, 0x0000, 0x0000, 0xD659, 0xE6FC, 0xE6FC, 0xE6FC, 0xE6FC, 0xE6FC, 0xE6FC, 0xE6FC, 0xE6FC,
    0xE6FC, 0xE6FC, 0xE6FC, 0xE6FC, 0xE6FC, 0xE6FC, 0xE6FC, 0xE6FC, 0xE6FC, 0xE6FC, 0xE6FC, 0xE6FC, 0xE6FC, 0xE6FC, 0xE6FC, 0xE6FC,
    0xE6FC, 0xE6FC, 0xE6FC, 0xE6FC, 0xE6FC, 0xE6FC, 0xE6FC, 0xE6FC, 0xE6FC, 0xE6FC, 0xE6FC, 0xE6FC, 0xE6FC, 0xE6FC, 0xE6FC, 0xE6FC,
    0xE6FC, 0xE6FC, 0xE6FC, 0xE6FC, 0xE6FC, 0xE6FC, 0xE6FC, 0xE6FC, 0xE6FC, 0x7BEF, 0x0000, 0x0000, 0x0000, 0x0000, 0x0000, 0x0000,
    0x0000, 0x0000, 0x0000, 0x0000, 0x0000, 0x0000, 0x4A49, 0x8C72, 0x8C72, 0x8C72, 0x8C72, 0x8C72, 0x8C72, 0x8C72, 0x8C72, 0x8C72,
    0x8C72, 0x8C72, 0x8C72, 0x8C72, 0x8C72, 0x8C72, 0x8C72, 0x8C72, 0x8C72, 0x8C72, 0x8C72, 0x8C72, 0x8C72, 0x8C72, 0x8C72, 0x8C72,
    0x8C72, 0x8C72, 0x8C72, 0x8C72, 0x8C72, 0x8C72, 0x8C72, 0x8C72, 0x8C72, 0x8C72, 0x8C72, 0x8C72, 0x8C72, 0x8C72, 0x8C72, 0x8C72,
    0x8C72, 0x8C72, 0x8C72, 0x8C72, 0x8C72, 0x8C72, 0x8C72, 0x8C72, 0x8C72, 0x8C72, 0x0000, 0x0000, 0x0000, 0x0000, 0x0000, 0x0000,
    0x0000, 0x0000, 0x0000, 0x0000, 0x0000, 0x0000, 0x0000, 0x7BEF, 0xE6FC, 0xE6FC, 0xE6FC, 0xE6FC, 0xE6FC, 0xE6FC, 0xE6FC, 0xE6FC,
    0xE6FC, 0xE6FC, 0xE6FC, 0xE6FC, 0xE6FC, 0xE6FC, 0xE6FC, 0xE6FC, 0xE6FC, 0xE6FC, 0xE6FC, 0xE6FC, 0xE6FC, 0xE6FC, 0xE6FC, 0xE6FC,
    0xE6FC, 0xE6FC, 0xE6FC, 0xE6FC, 0xE6FC, 0xE6FC, 0xE6FC, 0xE6FC, 0xE6FC, 0xE6FC, 0xE6FC, 0xE6FC, 0xE6FC, 0xE6FC, 0xE6FC, 0xE6FC,
    0xE6FC, 0xE6FC, 0xE6FC, 0xE6FC, 0xE6FC, 0xE6FC, 0xE6FC, 0xE6FC, 0xE6FC, 0xD659, 0x0000, 0x0000, 0x0000, 0x0000, 0x0000, 0x0000,
    0x0000, 0x0000, 0x0000, 0x0000, 0x0000, 0x0000, 0x0000, 0x0000, 0x0000, 0x0000, 0x0000, 0xE8AF, 0xE8AF, 0xE8AF, 0xE8AF, 0xE8AF,
    0xE8AF, 0xE8AF, 0xE8AF, 0xE8AF, 0xE8AF, 0xE8AF, 0xE8AF, 0xE8AF, 0xE8AF, 0xE8AF, 0xE8AF, 0xE8AF, 0xE8AF, 0xE8AF, 0xE8AF, 0xE8AF,
    0xE8AF, 0xA88B, 0x0000, 0x0000, 0x0000, 0x0000, 0x0000, 0x0000, 0x0000, 0x0000, 0x0000, 0x0000, 0x0000, 0x0000, 0x0000, 0x2965,
    0xD659, 0xE6FC, 0xE6FC, 0xE6FC, 0xE6FC, 0xE6FC, 0xE6FC, 0xE6FC, 0xE6FC, 0xE6FC, 0xE6FC, 0xE6FC, 0x4A49, 0x0000, 0x0000, 0x0000,
    0x0000, 0x0000, 0x0000, 0x0000, 0x0000, 0x0000, 0x0000, 0x0000, 0x0000, 0x0000, 0x3023, 0xE8AF, 0xE8AF, 0xE8AF, 0xE8AF, 0xE8AF,
    0xE8AF, 0xE8AF, 0xE8AF, 0xE8AF, 0xE8AF, 0xE8AF, 0xE8AF, 0xE8AF, 0xE8AF, 0xE8AF, 0xE8AF, 0xE8AF, 0xE8AF, 0xE8AF, 0xE8AF, 0xE8AF,
    0xE8AF, 0x3023, 0x0000, 0x0000, 0x0000, 0x0000, 0x0000, 0x0000, 0x0000, 0x0000, 0x0000, 0x0000, 0x0000, 0x0000, 0x0000, 0x0000,
    0x0000, 0x0000, 0x9CD3, 0xE6FC, 0xE6FC, 0xE6FC, 0xE6FC, 0xE6FC, 0xE6FC, 0xE6FC, 0xE6FC, 0xE6FC, 0xE6FC, 0xE6FC, 0xE6FC, 0xE6FC,
    0xE6FC, 0xE6FC, 0xE6FC, 0xE6FC, 0xE6FC, 0xE6FC, 0xE6FC, 0xE6FC, 0xE6FC, 0xE6FC, 0xE6FC, 0xE6FC, 0xE6FC, 0xE6FC, 0xE6FC, 0xE6FC,
    0xE6FC, 0xE6FC, 0xE6FC, 0xE6FC, 0xE6FC, 0xE6FC, 0xE6FC, 0xE6FC, 0xE6FC, 0xE6FC, 0xE6FC, 0xE6FC, 0xE6FC, 0xE6FC, 0xE6FC, 0xE6FC,
    0xE6FC, 0xE6FC, 0xE6FC, 0xE6FC, 0xD659, 0x0000, 0x0000, 0x0000, 0x0000, 0x0000, 0x0000, 0x0000, 0x0000, 0x0000, 0x0000, 0x0000,
    0x0000, 0x0000, 0x4A49, 0x8C72, 0x8C72, 0x8C72, 0x8C72, 0x8C72, 0x8C72, 0x8C72, 0x8C72, 0x8C72, 0x8C72, 0x8C72, 0x8C72, 0x8C72,
    0x8C72, 0x8C72, 0x8C72, 0x8C72, 0x8C72, 0x8C72, 0x8C72, 0x8C72, 0x8C72, 0x8C72, 0x8C72, 0x8C72, 0x8C72, 0x8C72, 0x8C72, 0x8C72,
    0x8C72, 0x8C72, 0x8C72, 0x8C72, 0x8C72, 0x8C72, 0x8C72, 0x8C72, 0x8C72, 0x8C72, 0x8C72, 0x8C72, 0x8C72, 0x8C72, 0x8C72, 0x8C72,
    0x8C72, 0x8C72, 0x8C72, 0x8C72, 0x8C72, 0x8C72, 0x0000, 0x0000, 0x0000, 0x0000, 0x0000, 0x0000, 0x0000, 0x0000, 0x0000, 0x0000,
    0x0000, 0x0000, 0x0000, 0x0000, 0xD659, 0xE6FC, 0xE6FC, 0xE6FC, 0xE6FC, 0xE6FC, 0xE6FC, 0xE6FC, 0xE6FC, 0xE6FC, 0xE6FC, 0xE6FC,
    0xE6FC, 0xE6FC, 0xE6FC, 0xE6FC, 0xE6FC, 0xE6FC, 0xE6FC, 0xE6FC, 0xE6FC, 0xE6FC, 0xE6FC, 0xE6FC, 0xE6FC, 0xE6FC, 0xE6FC, 0xE6FC,
    0xE6FC, 0xE6FC, 0xE6FC, 0xE6FC, 0xE6FC, 0xE6FC, 0xE6FC, 0xE6FC, 0xE6FC, 0xE6FC, 0xE6FC, 0xE6FC, 0xE6FC, 0xE6FC, 0xE6FC, 0xE6FC,
    0xE6FC, 0xE6FC, 0xE6FC, 0xE6FC, 0xE6FC, 0xE6FC, 0x9CD3, 0x0000, 0x0000, 0x0000, 0x0000, 0x0000, 0x0000, 0x0000, 0x0000, 0x0000,
    0x0000, 0x0000, 0x0000, 0x0000, 0x0000, 0x0000, 0x0000, 0x3023, 0xE8AF, 0xE8AF, 0xE8AF, 0xE8AF, 0xE8AF, 0xE8AF, 0xE8AF, 0xE8AF,
    0xE8AF, 0xE8AF, 0xE8AF, 0xE8AF, 0xE8AF, 0xE8AF, 0xE8AF, 0xE8AF, 0xE8AF, 0xE8AF, 0xE8AF, 0xE8AF, 0xE8AF, 0xE8AF, 0x3023, 0x0000,
    0x0000, 0x0000, 0x0000, 0x0000, 0x0000, 0x0000, 0x0000, 0x0000, 0x0000, 0x0000, 0x0000, 0x0000, 0x6B4D, 0xE6FC, 0xE6FC, 0xE6FC,
    0xE6FC, 0xE6FC, 0xE6FC, 0xE6FC, 0xE6FC, 0xE6FC, 0xE6FC, 0xAD55, 0x0000, 0x0000, 0x0000, 0x0000, 0x0000, 0x0000, 0x0000, 0x0000,
    0x0000, 0x0000, 0x0000, 0x0000, 0x0000, 0x0000, 0xE8AF, 0xE8AF, 0xE8AF, 0xE8AF, 0xE8AF, 0xE8AF, 0xE8AF, 0xE8AF, 0xE8AF, 0xE8AF,
    0xE8AF, 0xE8AF, 0xE8AF, 0xE8AF, 0xE8AF, 0xE8AF, 0xE8AF, 0xE8AF, 0xE8AF, 0xE8AF, 0xE8AF, 0xE8AF, 0xA88B, 0x0000, 0x0000, 0x0000,
    0x0000, 0x0000, 0x0000, 0x0000, 0x0000, 0x0000, 0x0000, 0x0000, 0x0000, 0x0000, 0x0000, 0x0000, 0x0000, 0x4A49, 0xE6FC, 0xE6FC,
    0xE6FC, 0xE6FC, 0xE6FC, 0xE6FC, 0xE6FC, 0xE6FC, 0xE6FC, 0xE6FC, 0xE6FC, 0xE6FC, 0xE6FC, 0xE6FC, 0xE6FC, 0xE6FC, 0xE6FC, 0xE6FC,
    0xE6FC, 0xE6FC, 0xE6FC, 0xE6FC, 0xE6FC, 0xE6FC, 0xE6FC, 0xE6FC, 0xE6FC, 0xE6FC, 0xE6FC, 0xE6FC, 0xE6FC, 0xE6FC, 0xE6FC, 0xE6FC,
    0xE6FC, 0xE6FC, 0xE6FC, 0xE6FC, 0xE6FC, 0xE6FC, 0xE6FC, 0xE6FC, 0xE6FC, 0xE6FC, 0xE6FC, 0xE6FC, 0xE6FC, 0xE6FC, 0xE6FC, 0xE6FC,
    0x2965, 0x0000, 0x0000, 0x0000, 0x0000, 0x0000, 0x0000, 0x0000, 0x0000, 0x0000, 0x0000, 0x0000, 0x0000, 0x0000, 0x4A49, 0x8C72,
    0x8C72, 0x8C72, 0x8C72, 0x8C72, 0x8C72, 0x8C72, 0x8C72, 0x8C72, 0x8C72, 0x8C72, 0x8C72, 0x8C72, 0x8C72, 0x8C72, 0x8C72, 0x8C72,
    0x8C72, 0x8C72, 0x8C72, 0x8C72, 0x8C72, 0x8C72, 0x8C72, 0x8C72, 0x8C72, 0x8C72, 0x8C72, 0x8C72, 0x8C72, 0x8C72, 0x8C72, 0x8C72,
    0x8C72, 0x8C72, 0x8C72, 0x8C72, 0x8C72, 0x8C72, 0x8C72, 0x8C72, 0x8C72, 0x8C72, 0x8C72, 0x8C72, 0x8C72, 0x8C72, 0x8C72, 0x8C72,
    0x8C72, 0x8C72, 0x0000, 0x0000, 0x0000, 0x0000, 0x0000, 0x0000, 0x0000, 0x0000, 0x0000, 0x0000, 0x0000, 0x0000, 0x0000, 0x0000,
    0x2965, 0xE6FC, 0xE6FC, 0xE6FC, 0xE6FC, 0xE6FC, 0xE6FC, 0xE6FC, 0xE6FC, 0xE6FC, 0xE6FC, 0xE6FC, 0xE6FC, 0xE6FC, 0xE6FC, 0xE6FC,
    0xE6FC, 0xE6FC, 0xE6FC, 0xE6FC, 0xE6FC, 0xE6FC, 0xE6FC, 0xE6FC, 0xE6FC, 0xE6FC, 0xE6FC, 0xE6FC, 0xE6FC, 0xE6FC, 0xE6FC, 0xE6FC,
    0xE6FC, 0xE6FC, 0xE6FC, 0xE6FC, 0xE6FC, 0xE6FC, 0xE6FC, 0xE6FC, 0xE6FC, 0xE6FC, 0xE6FC, 0xE6FC, 0xE6FC, 0xE6FC, 0xE6FC, 0xE6FC,
    0xE6FC, 0xE6FC, 0xE6FC, 0x2965, 0x0000, 0x0000, 0x0000, 0x0000, 0x0000, 0x0000, 0x0000, 0x0000, 0x0000, 0x0000, 0x0000, 0x0000,
    0x0000, 0x0000, 0x0000, 0x0000, 0xA88B, 0xE8AF, 0xE8AF, 0xE8AF, 0xE8AF, 0xE8AF, 0xE8AF, 0xE8AF, 0xE8AF, 0xE8AF, 0xE8AF, 0xE8AF,
    0xE8AF, 0xE8AF, 0xE8AF, 0xE8AF, 0xE8AF, 0xE8AF, 0xE8AF, 0xE8AF, 0xE8AF, 0xE8AF, 0xE8AF, 0x0000, 0x0000, 0x0000, 0x0000, 0x0000,
    0x0000, 0x0000, 0x0000, 0x0000, 0x0000, 0x0000, 0x0000, 0x0000, 0x0000, 0xAD55, 0xE6FC, 0xE6FC, 0xE6FC, 0xE6FC, 0xE6FC, 0xE6FC,
    0xE6FC, 0xE6FC, 0xD659, 0x2965, 0x0000, 0x0000, 0x0000, 0x0000, 0x0000, 0x0000, 0x0000, 0x0000, 0x0000, 0x0000, 0x0000, 0x0000,
    0x0000, 0x7067, 0xE8AF, 0xE8AF, 0xE8AF, 0xE8AF, 0xE8AF, 0xE8AF, 0xE8AF, 0xE8AF, 0xE8AF, 0xE8AF, 0xE8AF, 0xE8AF, 0xE8AF, 0xE8AF,
    0xE8AF, 0xE8AF, 0xE8AF, 0xE8AF, 0xE8AF, 0xE8AF, 0xE8AF, 0xE8AF, 0x3023, 0x0000, 0x0000, 0x0000, 0x0000, 0x0000, 0x0000, 0x0000,
    0x0000, 0x0000, 0x0000, 0x0000, 0x0000, 0x0000, 0x0000, 0x0000, 0x0000, 0xD659, 0xE6FC, 0xE6FC, 0xE6FC, 0xE6FC, 0xE6FC, 0xE6FC,
    0xE6FC, 0xE6FC, 0xE6FC, 0xE6FC, 0xE6FC, 0xE6FC, 0xE6FC, 0xE6FC, 0xE6FC, 0xE6FC, 0xE6FC, 0xE6FC, 0xE6FC, 0xE6FC, 0xE6FC, 0xE6FC,
    0xE6FC, 0xE6FC, 0xE6FC, 0xE6FC, 0xE6FC, 0xE6FC, 0xE6FC, 0xE6FC, 0xE6FC, 0xE6FC, 0xE6FC, 0xE6FC, 0xE6FC, 0xE6FC, 0xE6FC, 0xE6FC,
    0xE6FC, 0xE6FC, 0xE6FC, 0xE6FC, 0xE6FC, 0xE6FC, 0xE6FC, 0xE6FC, 0xE6FC, 0xE6FC, 0xE6FC, 0x7BEF, 0x0000, 0x0000, 0x0000, 0x0000,
    0x0000, 0x0000, 0x0000, 0x0000, 0x0000, 0x0000, 0x0000, 0x0000, 0x0000, 0x0000, 0x4A49, 0x8C72, 0x8C72, 0x8C72, 0x8C72, 0x8C72,
    0x8C72, 0x8C72, 0x8C72, 0x8C72, 0x8C72, 0x8C72, 0x8C72, 0x8C72, 0x8C72, 0x8C72, 0x8C72, 0x8C72, 0x8C72, 0x8C72, 0x8C72, 0x8C72,
    0x8C72, 0x8C72, 0x8C72, 0x8C72, 0x8C72, 0x8C72, 0x8C72, 0x8C72, 0x8C72, 0x8C72, 0x8C72, 0x8C72, 0x8C72, 0x8C72, 0x8C72, 0x8C72,
    0x8C72, 0x8C72, 0x8C72, 0x8C72, 0x8C72, 0x8C72, 0x8C72, 0x8C72, 0x8C72, 0x8C72, 0x8C72, 0x8C72, 0x8C72, 0x8C72, 0x0000, 0x0000,
    0x0000, 0x0000, 0x0000, 0x0000, 0x0000, 0x0000, 0x0000, 0x0000, 0x0000, 0x0000, 0x0000, 0x0000, 0x0000, 0x8C51, 0xE6FC, 0xE6FC,
    0xE6FC, 0xE6FC, 0xE6FC, 0xE6FC, 0xE6FC, 0xE6FC, 0xE6FC, 0xE6FC, 0xE6FC, 0xE6FC, 0xE6FC, 0xE6FC, 0xE6FC, 0xE6FC, 0xE6FC, 0xE6FC,
    0xE6FC, 0xE6FC, 0xE6FC, 0xE6FC, 0xE6FC, 0xE6FC, 0xE6FC, 0xE6FC, 0xE6FC, 0xE6FC, 0xE6FC, 0xE6FC, 0xE6FC, 0xE6FC, 0xE6FC, 0xE6FC,
    0xE6FC, 0xE6FC, 0xE6FC, 0xE6FC, 0xE6FC, 0xE6FC, 0xE6FC, 0xE6FC, 0xE6FC, 0xE6FC, 0xE6FC, 0xE6FC, 0xE6FC, 0xE6FC, 0xE6FC, 0xD659,
    0x0000, 0x0000, 0x0000, 0x0000, 0x0000, 0x0000, 0x0000, 0x0000, 0x0000, 0x0000, 0x0000, 0x0000, 0x0000, 0x0000, 0x0000, 0x0000,
    0x3023, 0xE8AF, 0xE8AF, 0xE8AF, 0xE8AF, 0xE8AF, 0xE8AF, 0xE8AF, 0xE8AF, 0xE8AF, 0xE8AF, 0xE8AF, 0xE8AF, 0xE8AF, 0xE8AF, 0xE8AF,
    0xE8AF, 0xE8AF, 0xE8AF, 0xE8AF, 0xE8AF, 0xE8AF, 0xE8AF, 0x7067, 0x0000, 0x0000, 0x0000, 0x0000, 0x0000, 0x0000, 0x0000, 0x0000,
    0x0000, 0x0000, 0x0000, 0x0000, 0x0000, 0x2965, 0xE6FC, 0xE6FC, 0xE6FC, 0xE6FC, 0xE6FC, 0xE6FC, 0xE6FC, 0xE6FC, 0x6B4D, 0x0000,
    0x0000, 0x0000, 0x0000, 0x0000, 0x0000, 0x0000, 0x0000, 0x0000, 0x0000, 0x0000, 0x0000, 0x0000, 0x3023, 0xE8AF, 0xE8AF, 0xE8AF,
    0xE8AF, 0xE8AF, 0xE8AF, 0xE8AF, 0xE8AF, 0xE8AF, 0xE8AF, 0xE8AF, 0xE8AF, 0xE8AF, 0xE8AF, 0xE8AF, 0xE8AF, 0xE8AF, 0xE8AF, 0xE8AF,
    0xE8AF, 0xE8AF, 0xE8AF, 0x7067, 0x0000, 0x0000, 0x0000, 0x0000, 0x0000, 0x0000, 0x0000, 0x0000, 0x0000, 0x0000, 0x0000, 0x0000,
    0x0000, 0x0000, 0x0000, 0x0000, 0x7BEF, 0xE6FC, 0xE6FC, 0xE6FC, 0xE6FC, 0xE6FC, 0xE6FC, 0xE6FC, 0xE6FC, 0xE6FC, 0xE6FC, 0xE6FC,
    0xE6FC, 0xE6FC, 0xE6FC, 0xE6FC, 0xE6FC, 0xE6FC, 0xE6FC, 0xE6FC, 0xE6FC, 0xE6FC, 0xE6FC, 0xE6FC, 0xE6FC, 0xE6FC, 0xE6FC, 0xE6FC,
    0xE6FC, 0xE6FC, 0xE6FC, 0xE6FC, 0xE6FC, 0xE6FC, 0xE6FC, 0xE6FC, 0xE6FC, 0xE6FC, 0xE6FC, 0xE6FC, 0xE6FC, 0xE6FC, 0xE6FC, 0xE6FC,
    0xE6FC, 0xE6FC, 0xE6FC, 0xE6FC, 0xE6FC, 0xE6FC, 0xD659, 0x0000, 0x0000, 0x0000, 0x0000, 0x0000, 0x0000, 0x0000, 0x0000, 0x0000,
    0x0000, 0x0000, 0x0000, 0x0000, 0x0000, 0x0000, 0x4A49, 0x8C72, 0x8C72, 0x8C72, 0x8C72, 0x8C72, 0x8C72, 0x8C72, 0x8C72, 0x8C72,
    0x8C72, 0x8C72, 0x8C72, 0x8C72, 0x8C72, 0x8C72, 0x8C72, 0x8C72, 0x8C72, 0x8C72, 0x8C72, 0x8C72, 0x8C72, 0x8C72, 0x8C72, 0x8C72,
    0x8C72, 0x8C72, 0x8C72, 0x8C72, 0x8C72, 0x8C72, 0x8C72, 0x8C72, 0x8C72, 0x8C72, 0x8C72, 0x8C72, 0x8C72, 0x8C72, 0x8C72, 0x8C72,
    0x8C72, 0x8C72, 0x8C72, 0x8C72, 0x8C72, 0x8C72, 0x8C72, 0x8C72, 0x8C72, 0x8C72, 0x0000, 0x0000, 0x0000, 0x0000, 0x0000, 0x0000,
    0x0000, 0x0000, 0x0000, 0x0000, 0x0000, 0x0000, 0x0000, 0x0000, 0x0000, 0x0000, 0xD659, 0xE6FC, 0xE6FC, 0xE6FC, 0xE6FC, 0xE6FC,
    0xE6FC, 0xE6FC, 0xE6FC, 0xE6FC, 0xE6FC, 0xE6FC, 0xE6FC, 0xE6FC, 0xE6FC, 0xE6FC, 0xE6FC, 0xE6FC, 0xE6FC, 0xE6FC, 0xE6FC, 0xE6FC,
    0xE6FC, 0xE6FC, 0xE6FC, 0xE6FC, 0xE6FC, 0xE6FC, 0xE6FC, 0xE6FC, 0xE6FC, 0xE6FC, 0xE6FC, 0xE6FC, 0xE6FC, 0xE6FC, 0xE6FC, 0xE6FC,
    0xE6FC, 0xE6FC, 0xE6FC, 0xE6FC, 0xE6FC, 0xE6FC, 0xE6FC, 0xE6FC, 0xE6FC, 0xE6FC, 0xE6FC, 0xE6FC, 0x7BEF, 0x0000, 0x0000, 0x0000,
    0x0000, 0x0000, 0x0000, 0x0000, 0x0000, 0x0000, 0x0000, 0x0000, 0x0000, 0x0000, 0x0000, 0x0000, 0x0000, 0x7067, 0xE8AF, 0xE8AF,
    0xE8AF, 0xE8AF, 0xE8AF, 0xE8AF, 0xE8AF, 0xE8AF, 0xE8AF, 0xE8AF, 0xE8AF, 0xE8AF, 0xE8AF, 0xE8AF, 0xE8AF, 0xE8AF, 0xE8AF, 0xE8AF,
    0xE8AF, 0xE8AF, 0xE8AF, 0xE8AF, 0x3023, 0x0000, 0x0000, 0x0000, 0x0000, 0x0000, 0x0000, 0x0000, 0x0000, 0x0000, 0x0000, 0x0000,
    0x0000, 0x0000, 0x7BEF, 0xE6FC, 0xE6FC, 0xE6FC, 0xE6FC, 0xE6FC, 0xE6FC, 0xAD55, 0x0000, 0x0000, 0x0000, 0x0000, 0x0000, 0x0000,
    0x0000, 0x0000, 0x0000, 0x0000, 0x0000, 0x0000, 0x0000, 0x0000, 0xA88B, 0xE8AF, 0xE8AF, 0xE8AF, 0xE8AF, 0xE8AF, 0xE8AF, 0xE8AF,
    0xE8AF, 0xE8AF, 0xE8AF, 0xE8AF, 0xE8AF, 0xE8AF, 0xE8AF, 0xE8AF, 0xE8AF, 0xE8AF, 0xE8AF, 0xE8AF, 0xE8AF, 0xE8AF, 0xA88B, 0x0000,
    0x0000, 0x0000, 0x0000, 0x0000, 0x0000, 0x0000, 0x0000, 0x0000, 0x0000, 0x0000, 0x0000, 0x0000, 0x0000, 0x0000, 0x0000, 0x2965,
    0xE6FC, 0xE6FC, 0xE6FC, 0xE6FC, 0xE6FC, 0xE6FC, 0xE6FC, 0xE6FC, 0xE6FC, 0xE6FC, 0xE6FC, 0xE6FC, 0xE6FC, 0xE6FC, 0xE6FC, 0xE6FC,
    0xE6FC, 0xE6FC, 0xE6FC, 0xE6FC, 0xE6FC, 0xE6FC, 0xE6FC, 0xE6FC, 0xE6FC, 0xE6FC, 0xE6FC, 0xE6FC, 0xE6FC, 0xE6FC, 0xE6FC, 0xE6FC,
    0xE6FC, 0xE6FC, 0xE6FC, 0xE6FC, 0xE6FC, 0xE6FC, 0xE6FC, 0xE6FC, 0xE6FC, 0xE6FC, 0xE6FC, 0xE6FC, 0xE6FC, 0xE6FC, 0xE6FC, 0xE6FC,
    0xE6FC, 0xE6FC, 0x2965, 0x0000, 0x0000, 0x0000, 0x0000, 0x0000, 0x0000, 0x0000, 0x0000, 0x0000, 0x0000, 0x0000, 0x0000, 0x0000,
    0x0000, 0x0000, 0x4A49, 0x8C72, 0x8C72, 0x8C72, 0x8C72, 0x8C72, 0x8C72, 0x8C72, 0x8C72, 0x8C72, 0x8C72, 0x8C72, 0x8C72, 0x8C72,
    0x8C72, 0x8C72, 0x8C72, 0x8C72, 0x8C72, 0x8C72, 0x8C72, 0x8C72, 0x8C72, 0x8C72, 0x8C72, 0x8C72, 0x8C72, 0x8C72, 0x8C72, 0x8C72,
    0x8C72, 0x8C72, 0x8C72, 0x8C72, 0x8C72, 0x8C72, 0x8C72, 0x8C72, 0x8C72, 0x8C72, 0x8C72, 0x8C72, 0x8C72, 0x8C72, 0x8C72, 0x8C72,
    0x8C72, 0x8C72, 0x8C72, 0x8C72, 0x8C72, 0x8C72, 0x0000, 0x0000, 0x0000, 0x0000, 0x0000, 0x0000, 0x0000, 0x0000, 0x0000, 0x0000,
    0x0000, 0x0000, 0x0000, 0x0000, 0x0000, 0x0000, 0x4A49, 0xE6FC, 0xE6FC, 0xE6FC, 0xE6FC, 0xE6FC, 0xE6FC, 0xE6FC, 0xE6FC, 0xE6FC,
    0xE6FC, 0xE6FC, 0xE6FC, 0xE6FC, 0xE6FC, 0xE6FC, 0xE6FC, 0xE6FC, 0xE6FC, 0xE6FC, 0xE6FC, 0xE6FC, 0xE6FC, 0xE6FC, 0xE6FC, 0xE6FC,
    0xE6FC, 0xE6FC, 0xE6FC, 0xE6FC, 0xE6FC, 0xE6FC, 0xE6FC, 0xE6FC, 0xE6FC, 0xE6FC, 0xE6FC, 0xE6FC, 0xE6FC, 0xE6FC, 0xE6FC, 0xE6FC,
    0xE6FC, 0xE6FC, 0xE6FC, 0xE6FC, 0xE6FC, 0xE6FC, 0xE6FC, 0xE6FC, 0xE6FC, 0x2965, 0x0000, 0x0000, 0x0000, 0x0000, 0x0000, 0x0000,
    0x0000, 0x0000, 0x0000, 0x0000, 0x0000, 0x0000, 0x0000, 0x0000, 0x0000, 0x0000, 0xA88B, 0xE8AF, 0xE8AF, 0xE8AF, 0xE8AF, 0xE8AF,
    0xE8AF, 0xE8AF, 0xE8AF, 0xE8AF, 0xE8AF, 0xE8AF, 0xE8AF, 0xE8AF, 0xE8AF, 0xE8AF, 0xE8AF, 0xE8AF, 0xE8AF, 0xE8AF, 0xE8AF, 0xE8AF,
    0xA88B, 0x0000, 0x0000, 0x0000, 0x0000, 0x0000, 0x0000, 0x0000, 0x0000, 0x0000, 0x0000, 0x0000, 0x0000, 0x0000, 0x0000, 0xD659,
    0xE6FC, 0xE6FC, 0xE6FC, 0xE6FC, 0xE6FC, 0x2965, 0x0000, 0x0000, 0x0000, 0x0000, 0x0000, 0x0000, 0x0000, 0x0000, 0x0000, 0x0000,
    0x0000, 0x0000, 0x0000, 0x7067, 0xE8AF, 0xE8AF, 0xE8AF, 0xE8AF, 0xE8AF, 0xE8AF, 0xE8AF, 0xE8AF, 0xE8AF, 0xE8AF, 0xE8AF, 0xE8AF,
    0xE8AF, 0xE8AF, 0xE8AF, 0xE8AF, 0xE8AF, 0xE8AF, 0xE8AF, 0xE8AF, 0xE8AF, 0xE8AF, 0x3023, 0x0000, 0x0000, 0x0000, 0x0000, 0x0000,
    0x0000, 0x0000, 0x0000, 0x0000, 0x0000, 0x0000, 0x0000, 0x0000, 0x0000, 0x0000, 0x0000, 0xAD55, 0xE6FC, 0xE6FC, 0xE6FC, 0xE6FC,
    0xE6FC, 0xE6FC, 0xE6FC, 0xE6FC, 0xE6FC, 0xE6FC, 0xE6FC, 0xE6FC, 0xE6FC, 0xE6FC, 0xE6FC, 0xE6FC, 0xE6FC, 0xE6FC, 0xE6FC, 0xE6FC,
    0xE6FC, 0xE6FC, 0xE6FC, 0xE6FC, 0xE6FC, 0xE6FC, 0xE6FC, 0xE6FC, 0xE6FC, 0xE6FC, 0xE6FC, 0xE6FC, 0xE6FC, 0xE6FC, 0xE6FC, 0xE6FC,
    0xE6FC, 0xE6FC, 0xE6FC, 0xE6FC, 0xE6FC, 0xE6FC, 0xE6FC, 0xE6FC, 0xE6FC, 0xE6FC, 0xE6FC, 0xE6FC, 0xE6FC, 0x7BEF, 0x0000, 0x0000,
    0x0000, 0x0000, 0x0000, 0x0000, 0x0000, 0x0000, 0x0000, 0x0000, 0x0000, 0x0000, 0x0000, 0x0000, 0x0000, 0x0000, 0x4A49, 0x8C72,
    0x8C72, 0x8C72, 0x8C72, 0x8C72, 0x8C72, 0x8C72, 0x8C72, 0x8C72, 0x8C72, 0x8C72, 0x8C72, 0x8C72, 0x8C72, 0x8C72, 0x8C72, 0x8C72,
    0x8C72, 0x8C72, 0x8C72, 0x8C72, 0x8C72, 0x8C72, 0x8C72, 0x8C72, 0x8C72, 0x8C72, 0x8C72, 0x8C72, 0x8C72, 0x8C72, 0x8C72, 0x8C72,
    0x8C72, 0x8C72, 0x8C72, 0x8C72, 0x8C72, 0x8C72, 0x8C72, 0x8C72, 0x8C72, 0x8C72, 0x8C72, 0x8C72, 0x8C72, 0x8C72, 0x8C72, 0x8C72,
    0x8C72, 0x8C72, 0x0000, 0x0000, 0x0000, 0x0000, 0x0000, 0x0000, 0x0000, 0x0000, 0x0000, 0x0000, 0x0000, 0x0000, 0x0000, 0x0000,
    0x0000, 0x0000, 0x0000, 0x9CD3, 0xE6FC, 0xE6FC, 0xE6FC, 0xE6FC, 0xE6FC, 0xE6FC, 0xE6FC, 0xE6FC, 0xE6FC, 0xE6FC, 0xE6FC, 0xE6FC,
    0xE6FC, 0xE6FC, 0xE6FC, 0xE6FC, 0xE6FC, 0xE6FC, 0xE6FC, 0xE6FC, 0xE6FC, 0xE6FC, 0xE6FC, 0xE6FC, 0xE6FC, 0xE6FC, 0xE6FC, 0xE6FC,
    0xE6FC, 0xE6FC, 0xE6FC, 0xE6FC, 0xE6FC, 0xE6FC, 0xE6FC, 0xE6FC, 0xE6FC, 0xE6FC, 0xE6FC, 0xE6FC, 0xE6FC, 0xE6FC, 0xE6FC, 0xE6FC,
    0xE6FC, 0xE6FC, 0xE6FC, 0xE6FC, 0xE6FC, 0xAD55, 0x0000, 0x0000, 0x0000, 0x0000, 0x0000, 0x0000, 0x0000, 0x0000, 0x0000, 0x0000,
    0x0000, 0x0000, 0x0000, 0x0000, 0x0000, 0x0000, 0x3023, 0xE8AF, 0xE8AF, 0xE8AF, 0xE8AF, 0xE8AF, 0xE8AF, 0xE8AF, 0xE8AF, 0xE8AF,
    0xE8AF, 0xE8AF, 0xE8AF, 0xE8AF, 0xE8AF, 0xE8AF, 0xE8AF, 0xE8AF, 0xE8AF, 0xE8AF, 0xE8AF, 0xE8AF, 0xE8AF, 0x7067, 0x0000, 0x0000,
    0x0000, 0x0000, 0x0000, 0x0000, 0x0000, 0x0000, 0x0000, 0x0000, 0x0000, 0x0000, 0x0000, 0x4A49, 0xE6FC, 0xE6FC, 0xE6FC, 0xE6FC,
    0x7BEF, 0x0000, 0x0000, 0x0000, 0x0000, 0x0000, 0x0000, 0x0000, 0x0000, 0x0000, 0x0000, 0x0000, 0x0000, 0x0000, 0x3023, 0xE8AF,
    0xE8AF, 0xE8AF, 0xE8AF, 0xE8AF, 0xE8AF, 0xE8AF, 0xE8AF, 0xE8AF, 0xE8AF, 0xE8AF, 0xE8AF, 0xE8AF, 0xE8AF, 0xE8AF, 0xE8AF, 0xE8AF,
    0xE8AF, 0xE8AF, 0xE8AF, 0xE8AF, 0xE8AF, 0x7067, 0x0000, 0x0000, 0x0000, 0x0000, 0x0000, 0x0000, 0x0000, 0x0000, 0x0000, 0x0000,
    0x0000, 0x0000, 0x0000, 0x0000, 0x0000, 0x0000, 0x6B4D, 0xE6FC, 0xE6FC, 0xE6FC, 0xE6FC, 0xE6FC, 0xE6FC, 0xE6FC, 0xE6FC, 0xE6FC,
    0xE6FC, 0xE6FC, 0xE6FC, 0xE6FC, 0xE6FC, 0xE6FC, 0xE6FC, 0xE6FC, 0xE6FC, 0xE6FC, 0xE6FC, 0xE6FC, 0xE6FC, 0xE6FC, 0xE6FC, 0xE6FC,
    0xE6FC, 0xE6FC, 0xE6FC, 0xE6FC, 0xE6FC, 0xE6FC, 0xE6FC, 0xE6FC, 0xE6FC, 0xE6FC, 0xE6FC, 0xE6FC, 0xE6FC, 0xE6FC, 0xE6FC, 0xE6FC,
    0xE6FC, 0xE6FC, 0xE6FC, 0xE6FC, 0xE6FC, 0xE6FC, 0xE6FC, 0xE6FC, 0xD659, 0x0000, 0x0000, 0x0000, 0x0000, 0x0000, 0x0000, 0x0000,
    0x0000, 0x0000, 0x0000, 0x0000, 0x0000, 0x0000, 0x0000, 0x0000, 0x0000, 0x0000, 0x4A49, 0x8C72, 0x8C72, 0x8C72, 0x8C72, 0x8C72,
    0x8C72, 0x8C72, 0x8C72, 0x8C72, 0x8C72, 0x8C72, 0x8C72, 0x8C72, 0x8C72, 0x8C72, 0x8C72, 0x8C72, 0x8C72, 0x8C72, 0x8C72, 0x8C72,
    0x8C72, 0x8C72, 0x8C72, 0x8C72, 0x8C72, 0x8C72, 0x8C72, 0x8C72, 0x8C72, 0x8C72, 0x8C72, 0x8C72, 0x8C72, 0x8C72, 0x8C72, 0x8C72,
    0x8C72, 0x8C72, 0x8C72, 0x8C72, 0x8C72, 0x8C72, 0x8C72, 0x8C72, 0x8C72, 0x8C72, 0x8C72, 0x8C72, 0x8C72, 0x8C72, 0x0000, 0x0000,
    0x0000, 0x0000, 0x0000, 0x0000, 0x0000, 0x0000, 0x0000, 0x0000, 0x0000, 0x0000, 0x0000, 0x0000, 0x0000, 0x0000, 0x0000, 0x0000,
    0xD659, 0xE6FC, 0xE6FC, 0xE6FC, 0xE6FC, 0xE6FC, 0xE6FC, 0xE6FC, 0xE6FC, 0xE6FC, 0xE6FC, 0xE6FC, 0xE6FC, 0xE6FC, 0xE6FC, 0xE6FC,
    0xE6FC, 0xE6FC, 0xE6FC, 0xE6FC, 0xE6FC, 0xE6FC, 0xE6FC, 0xE6FC, 0xE6FC, 0xE6FC, 0xE6FC, 0xE6FC, 0xE6FC, 0xE6FC, 0xE6FC, 0xE6FC,
    0xE6FC, 0xE6FC, 0xE6FC, 0xE6FC, 0xE6FC, 0xE6FC, 0xE6FC, 0xE6FC, 0xE6FC, 0xE6FC, 0xE6FC, 0xE6FC, 0xE6FC, 0xE6FC, 0xE6FC, 0xE6FC,
    0xE6FC, 0xE6FC, 0x6B4D, 0x0000, 0x0000, 0x0000, 0x0000, 0x0000, 0x0000, 0x0000, 0x0000, 0x0000, 0x0000, 0x0000, 0x0000, 0x0000,
    0x0000, 0x0000, 0x0000, 0x7067, 0xE8AF, 0xE8AF, 0xE8AF, 0xE8AF, 0xE8AF, 0xE8AF, 0xE8AF, 0xE8AF, 0xE8AF, 0xE8AF, 0xE8AF, 0xE8AF,
    0xE8AF, 0xE8AF, 0xE8AF, 0xE8AF, 0xE8AF, 0xE8AF, 0xE8AF, 0xE8AF, 0xE8AF, 0xE8AF, 0x3023, 0x0000, 0x0000, 0x0000, 0x0000, 0x0000,
    0x0000, 0x0000, 0x0000, 0x0000, 0x0000, 0x0000, 0x0000, 0x0000, 0x9CD3, 0xE6FC, 0xE6FC, 0xD659, 0x0000, 0x0000, 0x0000, 0x0000,
    0x0000, 0x0000, 0x0000, 0x0000, 0x0000, 0x0000, 0x0000, 0x0000, 0x0000, 0x0000, 0xA88B, 0xE8AF, 0xE8AF, 0xE8AF, 0xE8AF, 0xE8AF,
    0xE8AF, 0xE8AF, 0xE8AF, 0xE8AF, 0xE8AF, 0xE8AF, 0xE8AF, 0xE8AF, 0xE8AF, 0xE8AF, 0xE8AF, 0xE8AF, 0xE8AF, 0xE8AF, 0xE8AF, 0xE8AF,
    0xE8AF, 0x0000, 0x0000, 0x0000, 0x0000, 0x0000, 0x0000, 0x0000, 0x0000, 0x0000, 0x0000, 0x0000, 0x0000, 0x0000, 0x0000, 0x0000,
    0x0000, 0x2965, 0xD659, 0xE6FC, 0xE6FC, 0xE6FC, 0xE6FC, 0xE6FC, 0xE6FC, 0xE6FC, 0xE6FC, 0xE6FC, 0xE6FC, 0xE6FC, 0xE6FC, 0xE6FC,
    0xE6FC, 0xE6FC, 0xE6FC, 0xE6FC, 0xE6FC, 0xE6FC, 0xE6FC, 0xE6FC, 0xE6FC, 0xE6FC, 0xE6FC, 0xE6FC, 0xE6FC, 0xE6FC, 0xE6FC, 0xE6FC,
    0xE6FC, 0xE6FC, 0xE6FC, 0xE6FC, 0xE6FC, 0xE6FC, 0xE6FC, 0xE6FC, 0xE6FC, 0xE6FC, 0xE6FC, 0xE6FC, 0xE6FC, 0xE6FC, 0xE6FC, 0xE6FC,
    0xE6FC, 0xE6FC, 0xE6FC, 0xE6FC, 0x4A49, 0x0000, 0x0000, 0x0000, 0x0000, 0x0000, 0x0000, 0x0000, 0x0000, 0x0000, 0x0000, 0x0000,
    0x0000, 0x0000, 0x0000, 0x0000, 0x0000, 0x0000, 0x4A49, 0x8C72, 0x8C72, 0x8C72, 0x8C72, 0x8C72, 0x8C72, 0x8C72, 0x8C72, 0x8C72,
    0x8C72, 0x8C72, 0x8C72, 0x8C72, 0x8C72, 0x8C72, 0x8C72, 0x8C72, 0x8C72, 0x8C72, 0x8C72, 0x8C72, 0x8C72, 0x8C72, 0x8C72, 0x8C72,
    0x8C72, 0x8C72, 0x8C72, 0x8C72, 0x8C72, 0x8C72, 0x8C72, 0x8C72, 0x8C72, 0x8C72, 0x8C72, 0x8C72, 0x8C72, 0x8C72, 0x8C72, 0x8C72,
    0x8C72, 0x8C72, 0x8C72, 0x8C72, 0x8C72, 0x8C72, 0x8C72, 0x8C72, 0x8C72, 0x8C72, 0x0000, 0x0000, 0x0000, 0x0000, 0x0000, 0x0000,
    0x0000, 0x0000, 0x0000, 0x0000, 0x0000, 0x0000, 0x0000, 0x0000, 0x0000, 0x0000, 0x0000, 0x0000, 0x4A49, 0xE6FC, 0xE6FC, 0xE6FC,
    0xE6FC, 0xE6FC, 0xE6FC, 0xE6FC, 0xE6FC, 0xE6FC, 0xE6FC, 0xE6FC, 0xE6FC, 0xE6FC, 0xE6FC, 0xE6FC, 0xE6FC, 0xE6FC, 0xE6FC, 0xE6FC,
    0xE6FC, 0xE6FC, 0xE6FC, 0xE6FC, 0xE6FC, 0xE6FC, 0xE6FC, 0xE6FC, 0xE6FC, 0xE6FC, 0xE6FC, 0xE6FC, 0xE6FC, 0xE6FC, 0xE6FC, 0xE6FC,
    0xE6FC, 0xE6FC, 0xE6FC, 0xE6FC, 0xE6FC, 0xE6FC, 0xE6FC, 0xE6FC, 0xE6FC, 0xE6FC, 0xE6FC, 0xE6FC, 0xE6FC, 0xE6FC, 0xD659, 0x2965,
    0x0000, 0x0000, 0x0000, 0x0000, 0x0000, 0x0000, 0x0000, 0x0000, 0x0000, 0x0000, 0x0000, 0x0000, 0x0000, 0x0000, 0x0000, 0x0000,
    0xE8AF, 0xE8AF, 0xE8AF, 0xE8AF, 0xE8AF, 0xE8AF, 0xE8AF, 0xE8AF, 0xE8AF, 0xE8AF, 0xE8AF, 0xE8AF, 0xE8AF, 0xE8AF, 0xE8AF, 0xE8AF,
    0xE8AF, 0xE8AF, 0xE8AF, 0xE8AF, 0xE8AF, 0xE8AF, 0xA88B, 0x0000, 0x0000, 0x0000, 0x0000, 0x0000, 0x0000, 0x0000, 0x0000, 0x0000,
    0x0000, 0x0000, 0x0000, 0x0000, 0x0000, 0xD659, 0xE6FC, 0x4A49, 0x0000, 0x0000, 0x0000, 0x0000, 0x0000, 0x0000, 0x0000, 0x0000,
    0x0000, 0x0000, 0x0000, 0x0000, 0x0000, 0x7067, 0xE8AF, 0xE8AF, 0xE8AF, 0xE8AF, 0xE8AF, 0xE8AF, 0xE8AF, 0xE8AF, 0xE8AF, 0xE8AF,
    0xE8AF, 0xE8AF, 0xE8AF, 0xE8AF, 0xE8AF, 0xE8AF, 0xE8AF, 0xE8AF, 0xE8AF, 0xE8AF, 0xE8AF, 0xE8AF, 0x3023, 0x0000, 0x0000, 0x0000,
    0x0000, 0x0000, 0x0000, 0x0000, 0x0000, 0x0000, 0x0000, 0x0000, 0x0000, 0x0000, 0x0000, 0x0000, 0x0000, 0xAD55, 0xE6FC, 0xE6FC,
    0xE6FC, 0xE6FC, 0xE6FC, 0xE6FC, 0xE6FC, 0xE6FC, 0xE6FC, 0xE6FC, 0xE6FC, 0xE6FC, 0xE6FC, 0xE6FC, 0xE6FC, 0xE6FC, 0xE6FC, 0xE6FC,
    0xE6FC, 0xE6FC, 0xE6FC, 0xE6FC, 0xE6FC, 0xE6FC, 0xE6FC, 0xE6FC, 0xE6FC, 0xE6FC, 0xE6FC, 0xE6FC, 0xE6FC, 0xE6FC, 0xE6FC, 0xE6FC,
    0xE6FC, 0xE6FC, 0xE6FC, 0xE6FC, 0xE6FC, 0xE6FC, 0xE6FC, 0xE6FC, 0xE6FC, 0xE6FC, 0xE6FC, 0xE6FC, 0xE6FC, 0xE6FC, 0xE6FC, 0x9CD3,
    0x0000, 0x0000, 0x0000, 0x0000, 0x0000, 0x0000, 0x0000, 0x0000, 0x0000, 0x0000, 0x0000, 0x0000, 0x0000, 0x0000, 0x0000, 0x0000,
    0x0000, 0x0000, 0x4A49, 0x8C72, 0x8C72, 0x8C72, 0x8C72, 0x8C72, 0x8C72, 0x8C72, 0x8C72, 0x8C72, 0x8C72, 0x8C72, 0x8C72, 0x8C72,
    0x8C72, 0x8C72, 0x8C72, 0x8C72, 0x8C72, 0x8C72, 0x8C72, 0x8C72, 0x8C72, 0x8C72, 0x8C72, 0x8C72, 0x8C72, 0x8C72, 0x8C72, 0x8C72,
    0x8C72, 0x8C72, 0x8C72, 0x8C72, 0x8C72, 0x8C72, 0x8C72, 0x8C72, 0x8C72, 0x8C72, 0x8C72, 0x8C72, 0x8C72, 0x8C72, 0x8C72, 0x8C72,
    0x8C72, 0x8C72, 0x8C72, 0x8C72, 0x8C72, 0x8C72, 0x0000, 0x0000, 0x0000, 0x0000, 0x0000, 0x0000, 0x0000, 0x0000, 0x0000, 0x0000,
    0x0000, 0x0000, 0x0000, 0x0000, 0x0000, 0x0000, 0x0000, 0x0000, 0x0000, 0x9CD3, 0xE6FC, 0xE6FC, 0xE6FC, 0xE6FC, 0xE6FC, 0xE6FC,
    0xE6FC, 0xE6FC, 0xE6FC, 0xE6FC, 0xE6FC, 0xE6FC, 0xE6FC, 0xE6FC, 0xE6FC, 0xE6FC, 0xE6FC, 0xE6FC, 0xE6FC, 0xE6FC, 0xE6FC, 0xE6FC,
    0xE6FC, 0xE6FC, 0xE6FC, 0xE6FC, 0xE6FC, 0xE6FC, 0xE6FC, 0xE6FC, 0xE6FC, 0xE6FC, 0xE6FC, 0xE6FC, 0xE6FC, 0xE6FC, 0xE6FC, 0xE6FC,
    0xE6FC, 0xE6FC, 0xE6FC, 0xE6FC, 0xE6FC, 0xE6FC, 0xE6FC, 0xE6FC, 0xE6FC, 0xE6FC, 0xE6FC, 0xAD55, 0x0000, 0x0000, 0x0000, 0x0000,
    0x0000, 0x0000, 0x0000, 0x0000, 0x0000, 0x0000, 0x0000, 0x0000, 0x0000, 0x0000, 0x0000, 0x0000, 0x3023, 0xE8AF, 0xE8AF, 0xE8AF,
    0xE8AF, 0xE8AF, 0xE8AF, 0xE8AF, 0xE8AF, 0xE8AF, 0xE8AF, 0xE8AF, 0xE8AF, 0xE8AF, 0xE8AF, 0xE8AF, 0xE8AF, 0xE8AF, 0xE8AF, 0xE8AF,
    0xE8AF, 0xE8AF, 0xE8AF, 0x3023, 0x0000, 0x0000, 0x0000, 0x0000, 0x0000, 0x0000, 0x0000, 0x0000, 0x0000, 0x0000, 0x0000, 0x0000,
    0x0000, 0x6B4D, 0xAD55, 0x0000, 0x0000, 0x0000, 0x0000, 0x0000, 0x0000, 0x0000, 0x0000, 0x0000, 0x0000, 0x0000, 0x0000, 0x0000,
    0x0000, 0xE8AF, 0xE8AF, 0xE8AF, 0xE8AF, 0xE8AF, 0xE8AF, 0xE8AF, 0xE8AF, 0xE8AF, 0xE8AF, 0xE8AF, 0xE8AF, 0xE8AF, 0xE8AF, 0xE8AF,
    0xE8AF, 0xE8AF, 0xE8AF, 0xE8AF, 0xE8AF, 0xE8AF, 0xE8AF, 0xA88B, 0x0000, 0x0000, 0x0000, 0x0000, 0x0000, 0x0000, 0x0000, 0x0000,
    0x0000, 0x0000, 0x0000, 0x0000, 0x0000, 0x0000, 0x0000, 0x0000, 0x4A49, 0xE6FC, 0xE6FC, 0xE6FC, 0xE6FC, 0xE6FC, 0xE6FC, 0xE6FC,
    0xE6FC, 0xE6FC, 0xE6FC, 0xE6FC, 0xE6FC, 0xE6FC, 0xE6FC, 0xE6FC, 0xE6FC, 0xE6FC, 0xE6FC, 0xE6FC, 0xE6FC, 0xE6FC, 0xE6FC, 0xE6FC,
    0xE6FC, 0xE6FC, 0xE6FC, 0xE6FC, 0xE6FC, 0xE6FC, 0xE6FC, 0xE6FC, 0xE6FC, 0xE6FC, 0xE6FC, 0xE6FC, 0xE6FC, 0xE6FC, 0xE6FC, 0xE6FC,
    0xE6FC, 0xE6FC, 0xE6FC, 0xE6FC, 0xE6FC, 0xE6FC, 0xE6FC, 0xE6FC, 0xE6FC, 0xE6FC, 0xD659, 0x0000, 0x0000, 0x0000, 0x0000, 0x0000,
    0x0000, 0x0000, 0x0000, 0x0000, 0x0000, 0x0000, 0x0000, 0x0000, 0x0000, 0x0000, 0x0000, 0x0000, 0x0000, 0x0000, 0x4A49, 0x8C72,
    0x8C72, 0x8C72, 0x8C72, 0x8C72, 0x8C72, 0x8C72, 0x8C72, 0x8C72, 0x8C72, 0x8C72, 0x8C72, 0x8C72, 0x8C72, 0x8C72, 0x8C72, 0x8C72,
    0x8C72, 0x8C72, 0x8C72, 0x8C72, 0x8C72, 0x8C72, 0x8C72, 0x8C72, 0x8C72, 0x8C72, 0x8C72, 0x8C72, 0x8C72, 0x8C72, 0x8C72, 0x8C72,
    0x8C72, 0x8C72, 0x8C72, 0x8C72, 0x8C72, 0x8C72, 0x8C72, 0x8C72, 0x8C72, 0x8C72, 0x8C72, 0x8C72, 0x8C72, 0x8C72, 0x8C72, 0x8C72,
    0x8C72, 0x8C72, 0x0000, 0x0000, 0x0000, 0x0000, 0x0000, 0x0000, 0x0000, 0x0000, 0x0000, 0x0000, 0x0000, 0x0000, 0x0000, 0x0000,
    0x0000, 0x0000, 0x0000, 0x0000, 0x0000, 0x0000, 0xD659, 0xE6FC, 0xE6FC, 0xE6FC, 0xE6FC, 0xE6FC, 0xE6FC, 0xE6FC, 0xE6FC, 0xE6FC,
    0xE6FC, 0xE6FC, 0xE6FC, 0xE6FC, 0xE6FC, 0xE6FC, 0xE6FC, 0xE6FC, 0xE6FC, 0xE6FC, 0xE6FC, 0xE6FC, 0xE6FC, 0xE6FC, 0xE6FC, 0xE6FC,
    0xE6FC, 0xE6FC, 0xE6FC, 0xE6FC, 0xE6FC, 0xE6FC, 0xE6FC, 0xE6FC, 0xE6FC, 0xE6FC, 0xE6FC, 0xE6FC, 0xE6FC, 0xE6FC, 0xE6FC, 0xE6FC,
    0xE6FC, 0xE6FC, 0xE6FC, 0xE6FC, 0xE6FC, 0xE6FC, 0xE6FC, 0xE6FC, 0x4A49, 0x0000, 0x0000, 0x0000, 0x0000, 0x0000, 0x0000, 0x0000,
    0x0000, 0x0000, 0x0000, 0x0000, 0x0000, 0x0000, 0x0000, 0x0000, 0x0000, 0xA88B, 0xE8AF, 0xE8AF, 0xE8AF, 0xE8AF, 0xE8AF, 0xE8AF,
    0xE8AF, 0xE8AF, 0xE8AF, 0xE8AF, 0xE8AF, 0xE8AF, 0xE8AF, 0xE8AF, 0xE8AF, 0xE8AF, 0xE8AF, 0xE8AF, 0xE8AF, 0xE8AF, 0xE8AF, 0xE8AF,
    0x0000, 0x0000, 0x0000, 0x0000, 0x0000, 0x0000, 0x0000, 0x0000, 0x0000, 0x0000, 0x0000, 0x0000, 0x0000, 0x0000, 0x0000, 0x0000,
    0x0000, 0x0000, 0x0000, 0x0000, 0x0000, 0x0000, 0x0000, 0x0000, 0x0000, 0x0000, 0x0000, 0x0000, 0xA88B, 0xE8AF, 0xE8AF, 0xE8AF,
    0xE8AF, 0xE8AF, 0xE8AF, 0xE8AF, 0xE8AF, 0xE8AF, 0xE8AF, 0xE8AF, 0xE8AF, 0xE8AF, 0xE8AF, 0xE8AF, 0xE8AF, 0xE8AF, 0xE8AF, 0xE8AF,
    0xE8AF, 0xE8AF, 0xE8AF, 0x0000, 0x0000, 0x0000, 0x0000, 0x0000, 0x0000, 0x0000, 0x0000, 0x0000, 0x0000, 0x0000, 0x0000, 0x0000,
    0x0000, 0x0000, 0x0000, 0x0000, 0xD659, 0xE6FC, 0xE6FC, 0xE6FC, 0xE6FC, 0xE6FC, 0xE6FC, 0xE6FC, 0xE6FC, 0xE6FC, 0xE6FC, 0xE6FC,
    0xE6FC, 0xE6FC, 0xE6FC, 0xE6FC, 0xE6FC, 0xE6FC, 0xE6FC, 0xE6FC, 0xE6FC, 0xE6FC, 0xE6FC, 0xE6FC, 0xE6FC, 0xE6FC, 0xE6FC, 0xE6FC,
    0xE6FC, 0xE6FC, 0xE6FC, 0xE6FC, 0xE6FC, 0xE6FC, 0xE6FC, 0xE6FC, 0xE6FC, 0xE6FC, 0xE6FC, 0xE6FC, 0xE6FC, 0xE6FC, 0xE6FC, 0xE6FC,
    0xE6FC, 0xE6FC, 0xE6FC, 0xE6FC, 0xE6FC, 0xE6FC, 0x4A49, 0x0000, 0x0000, 0x0000, 0x0000, 0x0000, 0x0000, 0x0000, 0x0000, 0x0000,
    0x0000, 0x0000, 0x0000, 0x0000, 0x0000, 0x0000, 0x0000, 0x0000, 0x0000, 0x0000, 0x4A49, 0x8C72, 0x8C72, 0x8C72, 0x8C72, 0x8C72,
    0x8C72, 0x8C72, 0x8C72, 0x8C72, 0x8C72, 0x8C72, 0x8C72, 0x8C72, 0x8C72, 0x8C72, 0x8C72, 0x8C72, 0x8C72, 0x8C72, 0x8C72, 0x8C72,
    0x8C72, 0x8C72, 0x8C72, 0x8C72, 0x8C72, 0x8C72, 0x8C72, 0x8C72, 0x8C72, 0x8C72, 0x8C72, 0x8C72, 0x8C72, 0x8C72, 0x8C72, 0x8C72,
    0x8C72, 0x8C72, 0x8C72, 0x8C72, 0x8C72, 0x8C72, 0x8C72, 0x8C72, 0x8C72, 0x8C72, 0x8C72, 0x8C72, 0x8C72, 0x8C72, 0x0000, 0x0000,
    0x0000, 0x0000, 0x0000, 0x0000, 0x0000, 0x0000, 0x0000, 0x0000, 0x0000, 0x0000, 0x0000, 0x0000, 0x0000, 0x0000, 0x0000, 0x0000,
    0x0000, 0x0000, 0x4A49, 0xE6FC, 0xE6FC, 0xE6FC, 0xE6FC, 0xE6FC, 0xE6FC, 0xE6FC, 0xE6FC, 0xE6FC, 0xE6FC, 0xE6FC, 0xE6FC, 0xE6FC,
    0xE6FC, 0xE6FC, 0xE6FC, 0xE6FC, 0xE6FC, 0xE6FC, 0xE6FC, 0xE6FC, 0xE6FC, 0xE6FC, 0xE6FC, 0xE6FC, 0xE6FC, 0xE6FC, 0xE6FC, 0xE6FC,
    0xE6FC, 0xE6FC, 0xE6FC, 0xE6FC, 0xE6FC, 0xE6FC, 0xE6FC, 0xE6FC, 0xE6FC, 0xE6FC, 0xE6FC, 0xE6FC, 0xE6FC, 0xE6FC, 0xE6FC, 0xE6FC,
    0xE6FC, 0xE6FC, 0xE6FC, 0xE6FC, 0xD659, 0x0000, 0x0000, 0x0000, 0x0000, 0x0000, 0x0000, 0x0000, 0x0000, 0x0000, 0x0000, 0x0000,
    0x0000, 0x0000, 0x0000, 0x0000, 0x0000, 0x0000, 0xE8AF, 0xE8AF, 0xE8AF, 0xE8AF, 0xE8AF, 0xE8AF, 0xE8AF, 0xE8AF, 0xE8AF, 0xE8AF,
    0xE8AF, 0xE8AF, 0xE8AF, 0xE8AF, 0xE8AF, 0xE8AF, 0xE8AF, 0xE8AF, 0xE8AF, 0xE8AF, 0xE8AF, 0xE8AF, 0x7067, 0x0000, 0x0000, 0x0000,
    0x0000, 0x0000, 0x0000, 0x0000, 0x0000, 0x0000, 0x0000, 0x0000, 0x0000, 0x0000, 0x0000, 0x0000, 0x0000, 0x0000, 0x0000, 0x0000,
    0x0000, 0x0000, 0x0000, 0x0000, 0x0000, 0x0000, 0x0000, 0x3023, 0xE8AF, 0xE8AF, 0xE8AF, 0xE8AF, 0xE8AF, 0xE8AF, 0xE8AF, 0xE8AF,
    0xE8AF, 0xE8AF, 0xE8AF, 0xE8AF, 0xE8AF, 0xE8AF, 0xE8AF, 0xE8AF, 0xE8AF, 0xE8AF, 0xE8AF, 0xE8AF, 0xE8AF, 0xE8AF, 0x7067, 0x0000,
    0x0000, 0x0000, 0x0000, 0x0000, 0x0000, 0x0000, 0x0000, 0x0000, 0x0000, 0x0000, 0x0000, 0x0000, 0x0000, 0x0000, 0x0000, 0x9CD3,
    0xE6FC, 0xE6FC, 0xE6FC, 0xE6FC, 0xE6FC, 0xE6FC, 0xE6FC, 0xE6FC, 0xE6FC, 0xE6FC, 0xE6FC, 0xE6FC, 0xE6FC, 0xE6FC, 0xE6FC, 0xE6FC,
    0xE6FC, 0xE6FC, 0xE6FC, 0xE6FC, 0xE6FC, 0xE6FC, 0xE6FC, 0xE6FC, 0xE6FC, 0xE6FC, 0xE6FC, 0xE6FC, 0xE6FC, 0xE6FC, 0xE6FC, 0xE6FC,
    0xE6FC, 0xE6FC, 0xE6FC, 0xE6FC, 0xE6FC, 0xE6FC, 0xE6FC, 0xE6FC, 0xE6FC, 0xE6FC, 0xE6FC, 0xE6FC, 0xE6FC, 0xE6FC, 0xE6FC, 0xE6FC,
    0xE6FC, 0x9CD3, 0x0000, 0x0000, 0x0000, 0x0000, 0x0000, 0x0000, 0x0000, 0x0000, 0x0000, 0x0000, 0x0000, 0x0000, 0x0000, 0x0000,
    0x0000, 0x0000, 0x0000, 0x0000, 0x0000, 0x0000, 0x4A49, 0x8C72, 0x8C72, 0x8C72, 0x8C72, 0x8C72, 0x8C72, 0x8C72, 0x8C72, 0x8C72,
    0x8C72, 0x8C72, 0x8C72, 0x8C72, 0x8C72, 0x8C72, 0x8C72, 0x8C72, 0x8C72, 0x8C72, 0x8C72, 0x8C72, 0x8C72, 0x8C72, 0x8C72, 0x8C72,
    0x8C72, 0x8C72, 0x8C72, 0x8C72, 0x8C72, 0x8C72, 0x8C72, 0x8C72, 0x8C72, 0x8C72, 0x8C72, 0x8C72, 0x8C72, 0x8C72, 0x8C72, 0x8C72,
    0x8C72, 0x8C72, 0x8C72, 0x8C72, 0x8C72, 0x8C72, 0x8C72, 0x8C72, 0x8C72, 0x8C72, 0x0000, 0x0000, 0x0000, 0x0000, 0x0000, 0x0000,
    0x0000, 0x0000, 0x0000, 0x0000, 0x0000, 0x0000, 0x0000, 0x0000, 0x0000, 0x0000, 0x0000, 0x0000, 0x0000, 0x0000, 0x0000, 0x9CD3,
    0xE6FC, 0xE6FC, 0xE6FC, 0xE6FC, 0xE6FC, 0xE6FC, 0xE6FC, 0xE6FC, 0xE6FC, 0xE6FC, 0xE6FC, 0xE6FC, 0xE6FC, 0xE6FC, 0xE6FC, 0xE6FC,
    0xE6FC, 0xE6FC, 0xE6FC, 0xE6FC, 0xE6FC, 0xE6FC, 0xE6FC, 0xE6FC, 0xE6FC, 0xE6FC, 0xE6FC, 0xE6FC, 0xE6FC, 0xE6FC, 0xE6FC, 0xE6FC,
    0xE6FC, 0xE6FC, 0xE6FC, 0xE6FC, 0xE6FC, 0xE6FC, 0xE6FC, 0xE6FC, 0xE6FC, 0xE6FC, 0xE6FC, 0xE6FC, 0xE6FC, 0xE6FC, 0xE6FC, 0xE6FC,
    0xE6FC, 0x8C51, 0x0000, 0x0000, 0x0000, 0x0000, 0x0000, 0x0000, 0x0000, 0x0000, 0x0000, 0x0000, 0x0000, 0x0000, 0x0000, 0x0000,
    0x0000, 0x0000, 0x7067, 0xE8AF, 0xE8AF, 0xE8AF, 0xE8AF, 0xE8AF, 0xE8AF, 0xE8AF, 0xE8AF, 0xE8AF, 0xE8AF, 0xE8AF, 0xE8AF, 0xE8AF,
    0xE8AF, 0xE8AF, 0xE8AF, 0xE8AF, 0xE8AF, 0xE8AF, 0xE8AF, 0xE8AF, 0xE8AF, 0x3023, 0x0000, 0x0000, 0x0000, 0x0000, 0x0000, 0x0000,
    0x0000, 0x0000, 0x0000, 0x0000, 0x0000, 0x0000, 0x0000, 0x0000, 0x0000, 0x0000, 0x0000, 0x0000, 0x0000, 0x0000, 0x0000, 0x0000,
    0x0000, 0x0000, 0x0000, 0xE8AF, 0xE8AF, 0xE8AF, 0xE8AF, 0xE8AF, 0xE8AF, 0xE8AF, 0xE8AF, 0xE8AF, 0xE8AF, 0xE8AF, 0xE8AF, 0xE8AF,
    0xE8AF, 0xE8AF, 0xE8AF, 0xE8AF, 0xE8AF, 0xE8AF, 0xE8AF, 0xE8AF, 0xE8AF, 0xA88B, 0x0000, 0x0000, 0x0000, 0x0000, 0x0000, 0x0000,
    0x0000, 0x0000, 0x0000, 0x0000, 0x0000, 0x0000, 0x0000, 0x0000, 0x0000, 0x0000, 0x2965, 0xE6FC, 0xE6FC, 0xE6FC, 0xE6FC, 0xE6FC,
    0xE6FC, 0xE6FC, 0xE6FC, 0xE6FC, 0xE6FC, 0xE6FC, 0xE6FC, 0xE6FC, 0xE6FC, 0xE6FC, 0xE6FC, 0xE6FC, 0xE6FC, 0xE6FC, 0xE6FC, 0xE6FC,
    0xE6FC, 0xE6FC, 0xE6FC, 0xE6FC, 0xE6FC, 0xE6FC, 0xE6FC, 0xE6FC, 0xE6FC, 0xE6FC, 0xE6FC, 0xE6FC, 0xE6FC, 0xE6FC, 0xE6FC, 0xE6FC,
    0xE6FC, 0xE6FC, 0xE6FC, 0xE6FC, 0xE6FC, 0xE6FC, 0xE6FC, 0xE6FC, 0xE6FC, 0xE6FC, 0xE6FC, 0xE6FC, 0xD659, 0x0000, 0x0000, 0x0000,
    0x0000, 0x0000, 0x0000, 0x0000, 0x0000, 0x0000, 0x0000, 0x0000, 0x0000, 0x0000, 0x0000, 0x0000, 0x0000, 0x0000, 0x0000, 0x0000,
    0x0000, 0x0000, 0x4A49, 0x8C72, 0x8C72, 0x8C72, 0x8C72, 0x8C72, 0x8C72, 0x8C72, 0x8C72, 0x8C72, 0x8C72, 0x8C72, 0x8C72, 0x8C72,
    0x8C72, 0x8C72, 0x8C72, 0x8C72, 0x8C72, 0x8C72, 0x8C72, 0x8C72, 0x8C72, 0x8C72, 0x8C72, 0x8C72, 0x8C72, 0x8C72, 0x8C72, 0x8C72,
    0x8C72, 0x8C72, 0x8C72, 0x8C72, 0x8C72, 0x8C72, 0x8C72, 0x8C72, 0x8C72, 0x8C72, 0x8C72, 0x8C72, 0x8C72, 0x8C72, 0x8C72, 0x8C72,
    0x8C72, 0x8C72, 0x8C72, 0x8C72, 0x8C72, 0x8C72, 0x0000, 0x0000, 0x0000, 0x0000, 0x0000, 0x0000, 0x0000, 0x0000, 0x0000, 0x0000,
    0x0000, 0x0000, 0x0000, 0x0000, 0x0000, 0x0000, 0x0000, 0x0000, 0x0000, 0x0000, 0x0000, 0x0000, 0xD659, 0xE6FC, 0xE6FC, 0xE6FC,
    0xE6FC, 0xE6FC, 0xE6FC, 0xE6FC, 0xE6FC, 0xE6FC, 0xE6FC, 0xE6FC, 0xE6FC, 0xE6FC, 0xE6FC, 0xE6FC, 0xE6FC, 0xE6FC, 0xE6FC, 0xE6FC,
    0xE6FC, 0xE6FC, 0xE6FC, 0xE6FC, 0xE6FC, 0xE6FC, 0xE6FC, 0xE6FC, 0xE6FC, 0xE6FC, 0xE6FC, 0xE6FC, 0xE6FC, 0xE6FC, 0xE6FC, 0xE6FC,
    0xE6FC, 0xE6FC, 0xE6FC, 0xE6FC, 0xE6FC, 0xE6FC, 0xE6FC, 0xE6FC, 0xE6FC, 0xE6FC, 0xE6FC, 0xE6FC, 0xE6FC, 0xE6FC, 0x2965, 0x0000,
    0x0000, 0x0000, 0x0000, 0x0000, 0x0000, 0x0000, 0x0000, 0x0000, 0x0000, 0x0000, 0x0000, 0x0000, 0x0000, 0x0000, 0x0000, 0xA88B,
    0xE8AF, 0xE8AF, 0xE8AF, 0xE8AF, 0xE8AF, 0xE8AF, 0xE8AF, 0xE8AF, 0xE8AF, 0xE8AF, 0xE8AF, 0xE8AF, 0xE8AF, 0xE8AF, 0xE8AF, 0xE8AF,
    0xE8AF, 0xE8AF, 0xE8AF, 0xE8AF, 0xE8AF, 0xA88B, 0x0000, 0x0000, 0x0000, 0x0000, 0x0000, 0x0000, 0x0000, 0x0000, 0x0000, 0x0000,
    0x0000, 0x0000, 0x0000, 0x0000, 0x0000, 0x0000, 0x0000, 0x0000, 0x0000, 0x0000, 0x0000, 0x0000, 0x0000, 0x0000, 0x7067, 0xE8AF,
    0xE8AF, 0xE8AF, 0xE8AF, 0xE8AF, 0xE8AF, 0xE8AF, 0xE8AF, 0xE8AF, 0xE8AF, 0xE8AF, 0xE8AF, 0xE8AF, 0xE8AF, 0xE8AF, 0xE8AF, 0xE8AF,
    0xE8AF, 0xE8AF, 0xE8AF, 0xE8AF, 0xE8AF, 0x3023, 0x0000, 0x0000, 0x0000, 0x0000, 0x0000, 0x0000, 0x0000, 0x0000, 0x0000, 0x0000,
    0x0000, 0x0000, 0x0000, 0x0000, 0x0000, 0x0000, 0xD659, 0xE6FC, 0xE6FC, 0xE6FC, 0xE6FC, 0xE6FC, 0xE6FC, 0xE6FC, 0xE6FC, 0xE6FC,
    0xE6FC, 0xE6FC, 0xE6FC, 0xE6FC, 0xE6FC, 0xE6FC, 0xE6FC, 0xE6FC, 0xE6FC, 0xE6FC, 0xE6FC, 0xE6FC, 0xE6FC, 0xE6FC, 0xE6FC, 0xE6FC,
    0xE6FC, 0xE6FC, 0xE6FC, 0xE6FC, 0xE6FC, 0xE6FC, 0xE6FC, 0xE6FC, 0xE6FC, 0xE6FC, 0xE6FC, 0xE6FC, 0xE6FC, 0xE6FC, 0xE6FC, 0xE6FC,
    0xE6FC, 0xE6FC, 0xE6FC, 0xE6FC, 0xE6FC, 0xE6FC, 0xE6FC, 0xE6FC, 0x4A49, 0x0000, 0x0000, 0x0000, 0x0000, 0x0000, 0x0000, 0x0000,
    0x0000, 0x0000, 0x0000, 0x0000, 0x0000, 0x0000, 0x0000, 0x0000, 0x0000, 0x0000, 0x0000, 0x0000, 0x0000, 0x0000, 0x4A49, 0x8C72,
    0x8C72, 0x8C72, 0x8C72, 0x8C72, 0x8C72, 0x8C72, 0x8C72, 0x8C72, 0x8C72, 0x8C72, 0x8C72, 0x8C72, 0x8C72, 0x8C72, 0x8C72, 0x8C72,
    0x8C72, 0x8C72, 0x8C72, 0x8C72, 0x8C72, 0x8C72, 0x8C72, 0x8C72, 0x8C72, 0x8C72, 0x8C72, 0x8C72, 0x8C72, 0x8C72, 0x8C72, 0x8C72,
    0x8C72, 0x8C72, 0x8C72, 0x8C72, 0x8C72, 0x8C72, 0x8C72, 0x8C72, 0x8C72, 0x8C72, 0x8C72, 0x8C72, 0x8C72, 0x8C72, 0x8C72, 0x8C72,
    0x8C72, 0x8C72, 0x0000, 0x0000, 0x0000, 0x0000, 0x0000, 0x0000, 0x0000, 0x0000, 0x0000, 0x0000, 0x0000, 0x0000, 0x0000, 0x0000,
    0x0000, 0x0000, 0x0000, 0x0000, 0x0000, 0x0000, 0x0000, 0x0000, 0x4A49, 0xE6FC, 0xE6FC, 0xE6FC, 0xE6FC, 0xE6FC, 0xE6FC, 0xE6FC,
    0xE6FC, 0xE6FC, 0xE6FC, 0xE6FC, 0xE6FC, 0xE6FC, 0xE6FC, 0xE6FC, 0xE6FC, 0xE6FC, 0xE6FC, 0xE6FC, 0xE6FC, 0xE6FC, 0xE6FC, 0xE6FC,
    0xE6FC, 0xE6FC, 0xE6FC, 0xE6FC, 0xE6FC, 0xE6FC, 0xE6FC, 0xE6FC, 0xE6FC, 0xE6FC, 0xE6FC, 0xE6FC, 0xE6FC, 0xE6FC, 0xE6FC, 0xE6FC,
    0xE6FC, 0xE6FC, 0xE6FC, 0xE6FC, 0xE6FC, 0xE6FC, 0xE6FC, 0xE6FC, 0xE6FC, 0xE6FC, 0xD659, 0x0000, 0x0000, 0x0000, 0x0000, 0x0000,
    0x0000, 0x0000, 0x0000, 0x0000, 0x0000, 0x0000, 0x0000, 0x0000, 0x0000, 0x0000, 0x0000, 0x3023, 0xE8AF, 0xE8AF, 0xE8AF, 0xE8AF,
    0xE8AF, 0xE8AF, 0xE8AF, 0xE8AF, 0xE8AF, 0xE8AF, 0xE8AF, 0xE8AF, 0xE8AF, 0xE8AF, 0xE8AF, 0xE8AF, 0xE8AF, 0xE8AF, 0xE8AF, 0xE8AF,
    0xE8AF, 0xE8AF, 0x7067, 0x0000, 0x0000, 0x0000, 0x0000, 0x0000, 0x0000, 0x0000, 0x0000, 0x0000, 0x0000, 0x0000, 0x0000, 0x0000,
    0x0000, 0x0000, 0x0000, 0x0000, 0x0000, 0x0000, 0x0000, 0x0000, 0x0000, 0x3023, 0xE8AF, 0xE8AF, 0xE8AF, 0xE8AF, 0xE8AF, 0xE8AF,
    0xE8AF, 0xE8AF, 0xE8AF, 0xE8AF, 0xE8AF, 0xE8AF, 0xE8AF, 0xE8AF, 0xE8AF, 0xE8AF, 0xE8AF, 0xE8AF, 0xE8AF, 0xE8AF, 0xE8AF, 0xE8AF,
    0x7067, 0x0000, 0x0000, 0x0000, 0x0000, 0x0000, 0x0000, 0x0000, 0x0000, 0x0000, 0x0000, 0x0000, 0x0000, 0x0000, 0x0000, 0x0000,
    0x0000, 0x7BEF, 0xE6FC, 0xE6FC, 0xE6FC, 0xE6FC, 0xE6FC, 0xE6FC, 0xE6FC, 0xE6FC, 0xE6FC, 0xE6FC, 0xE6FC, 0xE6FC, 0xE6FC, 0xE6FC,
    0xE6FC, 0xE6FC, 0xE6FC, 0xE6FC, 0xE6FC, 0xE6FC, 0xE6FC, 0xE6FC, 0xE6FC, 0xE6FC, 0xE6FC, 0xE6FC, 0xE6FC, 0xE6FC, 0xE6FC, 0xE6FC,
    0xE6FC, 0xE6FC, 0xE6FC, 0xE6FC, 0xE6FC, 0xE6FC, 0xE6FC, 0xE6FC, 0xE6FC, 0xE6FC, 0xE6FC, 0xE6FC, 0xE6FC, 0xE6FC, 0xE6FC, 0xE6FC,
    0xE6FC, 0xE6FC, 0xE6FC, 0x9CD3, 0x0000, 0x0000, 0x0000, 0x0000, 0x0000, 0x0000, 0x0000, 0x0000, 0x0000, 0x0000, 0x0000, 0x0000,
    0x0000, 0x0000, 0x0000, 0x0000, 0x0000, 0x0000, 0x0000, 0x0000, 0x0000, 0x0000, 0x4A49, 0x8C72, 0x8C72, 0x8C72, 0x8C72, 0x8C72,
    0x8C72, 0x8C72, 0x8C72, 0x8C72, 0x8C72, 0x8C72, 0x8C72, 0x8C72, 0x8C72, 0x8C72, 0x8C72, 0x8C72, 0x8C72, 0x8C72, 0x8C72, 0x8C72,
    0x8C72, 0x8C72, 0x8C72, 0x8C72, 0x8C72, 0x8C72, 0x8C72, 0x8C72, 0x8C72, 0x8C72, 0x8C72, 0x8C72, 0x8C72, 0x8C72, 0x8C72, 0x8C72,
    0x8C72, 0x8C72, 0x8C72, 0x8C72, 0x8C72, 0x8C72, 0x8C72, 0x8C72, 0x8C72, 0x8C72, 0x8C72, 0x8C72, 0x8C72, 0x8C72, 0x0000, 0x0000,
    0x0000, 0x0000, 0x0000, 0x0000, 0x0000, 0x0000, 0x0000, 0x0000, 0x0000, 0x0000, 0x0000, 0x0000, 0x0000, 0x0000, 0x0000, 0x0000,
    0x0000, 0x0000, 0x0000, 0x0000, 0x0000, 0x9CD3, 0xE6FC, 0xE6FC, 0xE6FC, 0xE6FC, 0xE6FC, 0xE6FC, 0xE6FC, 0xE6FC, 0xE6FC, 0xE6FC,
    0xE6FC, 0xE6FC, 0xE6FC, 0xE6FC, 0xE6FC, 0xE6FC, 0xE6FC, 0xE6FC, 0xE6FC, 0xE6FC, 0xE6FC, 0xE6FC, 0xE6FC, 0xE6FC, 0xE6FC, 0xE6FC,
    0xE6FC, 0xE6FC, 0xE6FC, 0xE6FC, 0xE6FC, 0xE6FC, 0xE6FC, 0xE6FC, 0xE6FC, 0xE6FC, 0xE6FC, 0xE6FC, 0xE6FC, 0xE6FC, 0xE6FC, 0xE6FC,
    0xE6FC, 0xE6FC, 0xE6FC, 0xE6FC, 0xE6FC, 0xE6FC, 0xE6FC, 0x6B4D, 0x0000, 0x0000, 0x0000, 0x0000, 0x0000, 0x0000, 0x0000, 0x0000,
    0x0000, 0x0000, 0x0000, 0x0000, 0x0000, 0x0000, 0x0000, 0x0000, 0x7067, 0xE8AF, 0xE8AF, 0xE8AF, 0xE8AF, 0xE8AF, 0xE8AF, 0xE8AF,
    0xE8AF, 0xE8AF, 0xE8AF, 0xE8AF, 0xE8AF, 0xE8AF, 0xE8AF, 0xE8AF, 0xE8AF, 0xE8AF, 0xE8AF, 0xE8AF, 0xE8AF, 0xE8AF, 0xE8AF, 0x3023,
    0x0000, 0x0000, 0x0000, 0x0000, 0x0000, 0x0000, 0x0000, 0x0000, 0x0000, 0x0000, 0x0000, 0x0000, 0x0000, 0x0000, 0x0000, 0x0000,
    0x0000, 0x0000, 0x0000, 0x0000, 0x0000, 0xA88B, 0xE8AF, 0xE8AF, 0xE8AF, 0xE8AF, 0xE8AF, 0xE8AF, 0xE8AF, 0xE8AF, 0xE8AF, 0xE8AF,
    0xE8AF, 0xE8AF, 0xE8AF, 0xE8AF, 0xE8AF, 0xE8AF, 0xE8AF, 0xE8AF, 0xE8AF, 0xE8AF, 0xE8AF, 0xA88B, 0x0000, 0x0000, 0x0000, 0x0000,
    0x0000, 0x0000, 0x0000, 0x0000, 0x0000, 0x0000, 0x0000, 0x0000, 0x0000, 0x0000, 0x0000, 0x0000, 0x2965, 0xE6FC, 0xE6FC, 0xE6FC,
    0xE6FC, 0xE6FC, 0xE6FC, 0xE6FC, 0xE6FC, 0xE6FC, 0xE6FC, 0xE6FC, 0xE6FC, 0xE6FC, 0xE6FC, 0xE6FC, 0xE6FC, 0xE6FC, 0xE6FC, 0xE6FC,
    0xE6FC, 0xE6FC, 0xE6FC, 0xE6FC, 0xE6FC, 0xE6FC, 0xE6FC, 0xE6FC, 0xE6FC, 0xE6FC, 0xE6FC, 0xE6FC, 0xE6FC, 0xE6FC, 0xE6FC, 0xE6FC,
    0xE6FC, 0xE6FC, 0xE6FC, 0xE6FC, 0xE6FC, 0xE6FC, 0xE6FC, 0xE6FC, 0xE6FC, 0xE6FC, 0xE6FC, 0xE6FC, 0xE6FC, 0xE6FC, 0xD659, 0x0000,
    0x0000, 0x0000, 0x0000, 0x0000, 0x0000, 0x0000, 0x0000, 0x0000, 0x0000, 0x0000, 0x0000, 0x0000, 0x0000, 0x0000, 0x0000, 0x0000,
    0x0000, 0x0000, 0x0000, 0x0000, 0x0000, 0x0000, 0x4A49, 0x8C72, 0x8C72, 0x8C72, 0x8C72, 0x8C72, 0x8C72, 0x8C72, 0x8C72, 0x8C72,
    0x8C72, 0x8C72, 0x8C72, 0x8C72, 0x8C72, 0x8C72, 0x8C72, 0x8C72, 0x8C72, 0x8C72, 0x8C72, 0x8C72, 0x8C72, 0x8C72, 0x8C72, 0x8C72,
    0x8C72, 0x8C72, 0x8C72, 0x8C72, 0x8C72, 0x8C72, 0x8C72, 0x8C72, 0x8C72, 0x8C72, 0x8C72, 0x8C72, 0x8C72, 0x8C72, 0x8C72, 0x8C72,
    0x8C72, 0x8C72, 0x8C72, 0x8C72, 0x8C72, 0x8C72, 0x8C72, 0x8C72, 0x8C72, 0x8C72, 0x0000, 0x0000, 0x0000, 0x0000, 0x0000, 0x0000,
    0x0000, 0x0000, 0x0000, 0x0000, 0x0000, 0x0000, 0x0000, 0x0000, 0x0000, 0x0000, 0x0000, 0x0000, 0x0000, 0x0000, 0x0000, 0x0000,
    0x0000, 0x0000, 0xD659, 0xE6FC, 0xE6FC, 0xE6FC, 0xE6FC, 0xE6FC, 0xE6FC, 0xE6FC, 0xE6FC, 0xE6FC, 0xE6FC, 0xE6FC, 0xE6FC, 0xE6FC,
    0xE6FC, 0xE6FC, 0xE6FC, 0xE6FC, 0xE6FC, 0xE6FC, 0xE6FC, 0xE6FC, 0xE6FC, 0xE6FC, 0xE6FC, 0xE6FC, 0xE6FC, 0xE6FC, 0xE6FC, 0xE6FC,
    0xE6FC, 0xE6FC, 0xE6FC, 0xE6FC, 0xE6FC, 0xE6FC, 0xE6FC, 0xE6FC, 0xE6FC, 0xE6FC, 0xE6FC, 0xE6FC, 0xE6FC, 0xE6FC, 0xE6FC, 0xE6FC,
    0xE6FC, 0xE6FC, 0xE6FC, 0xE6FC, 0x2965, 0x0000, 0x0000, 0x0000, 0x0000, 0x0000, 0x0000, 0x0000, 0x0000, 0x0000, 0x0000, 0x0000,
    0x0000, 0x0000, 0x0000, 0x0000, 0x0000, 0xA88B, 0xE8AF, 0xE8AF, 0xE8AF, 0xE8AF, 0xE8AF, 0xE8AF, 0xE8AF, 0xE8AF, 0xE8AF, 0xE8AF,
    0xE8AF, 0xE8AF, 0xE8AF, 0xE8AF, 0xE8AF, 0xE8AF, 0xE8AF, 0xE8AF, 0xE8AF, 0xE8AF, 0xE8AF, 0xA88B, 0x0000, 0x0000, 0x0000, 0x0000,
    0x0000, 0x0000, 0x0000, 0x0000, 0x0000, 0x0000, 0x0000, 0x0000, 0x0000, 0x0000, 0x0000, 0x0000, 0x0000, 0x0000, 0x0000, 0x0000,
    0x7067, 0xE8AF, 0xE8AF, 0xE8AF, 0xE8AF, 0xE8AF, 0xE8AF, 0xE8AF, 0xE8AF, 0xE8AF, 0xE8AF, 0xE8AF, 0xE8AF, 0xE8AF, 0xE8AF, 0xE8AF,
    0xE8AF, 0xE8AF, 0xE8AF, 0xE8AF, 0xE8AF, 0xE8AF, 0xE8AF, 0x3023, 0x0000, 0x0000, 0x0000, 0x0000, 0x0000, 0x0000, 0x0000, 0x0000,
    0x0000, 0x0000, 0x0000, 0x0000, 0x0000, 0x0000, 0x0000, 0x0000, 0xAD55, 0xE6FC, 0xE6FC, 0xE6FC, 0xE6FC, 0xE6FC, 0xE6FC, 0xE6FC,
    0xE6FC, 0xE6FC, 0xE6FC, 0xE6FC, 0xE6FC, 0xE6FC, 0xE6FC, 0xE6FC, 0xE6FC, 0xE6FC, 0xE6FC, 0xE6FC, 0xE6FC, 0xE6FC, 0xE6FC, 0xE6FC,
    0xE6FC, 0xE6FC, 0xE6FC, 0xE6FC, 0xE6FC, 0xE6FC, 0xE6FC, 0xE6FC, 0xE6FC, 0xE6FC, 0xE6FC, 0xE6FC, 0xE6FC, 0xE6FC, 0xE6FC, 0xE6FC,
    0xE6FC, 0xE6FC, 0xE6FC, 0xE6FC, 0xE6FC, 0xE6FC, 0xE6FC, 0xE6FC, 0xE6FC, 0xE6FC, 0x4A49, 0x0000, 0x0000, 0x0000, 0x0000, 0x0000,
    0x0000, 0x0000, 0x0000, 0x0000, 0x0000, 0x0000, 0x0000, 0x0000, 0x0000, 0x0000, 0x0000, 0x0000, 0x0000, 0x0000, 0x0000, 0x0000,
    0x0000, 0x0000, 0x4A49, 0x8C72, 0x8C72, 0x8C72, 0x8C72, 0x8C72, 0x8C72, 0x8C72, 0x8C72, 0x8C72, 0x8C72, 0x8C72, 0x8C72, 0x8C72,
    0x8C72, 0x8C72, 0x8C72, 0x8C72, 0x8C72, 0x8C72, 0x8C72, 0x8C72, 0x8C72, 0x8C72, 0x8C72, 0x8C72, 0x8C72, 0x8C72, 0x8C72, 0x8C72,
    0x8C72, 0x8C72, 0x8C72, 0x8C72, 0x8C72, 0x8C72, 0x8C72, 0x8C72, 0x8C72, 0x8C72, 0x8C72, 0x8C72, 0x8C72, 0x8C72, 0x8C72, 0x8C72,
    0x8C72, 0x8C72, 0x8C72, 0x8C72, 0x8C72, 0x8C72, 0x0000, 0x0000, 0x0000, 0x0000, 0x0000, 0x0000, 0x0000, 0x0000, 0x0000, 0x0000,
    0x0000, 0x0000, 0x0000, 0x0000, 0x0000, 0x0000, 0x0000, 0x0000, 0x0000, 0x0000, 0x0000, 0x0000, 0x0000, 0x0000, 0x4A49, 0xE6FC,
    0xE6FC, 0xE6FC, 0xE6FC, 0xE6FC, 0xE6FC, 0xE6FC, 0xE6FC, 0xE6FC, 0xE6FC, 0xE6FC, 0xE6FC, 0xE6FC, 0xE6FC, 0xE6FC, 0xE6FC, 0xE6FC,
    0xE6FC, 0xE6FC, 0xE6FC, 0xE6FC, 0xE6FC, 0xE6FC, 0xE6FC, 0xE6FC, 0xE6FC, 0xE6FC, 0xE6FC, 0xE6FC, 0xE6FC, 0xE6FC, 0xE6FC, 0xE6FC,
    0xE6FC, 0xE6FC, 0xE6FC, 0xE6FC, 0xE6FC, 0xE6FC, 0xE6FC, 0xE6FC, 0xE6FC, 0xE6FC, 0xE6FC, 0xE6FC, 0xE6FC, 0xE6FC, 0xE6FC, 0xE6FC,
    0xAD55, 0x0000, 0x0000, 0x0000, 0x0000, 0x0000, 0x0000, 0x0000, 0x0000, 0x0000, 0x0000, 0x0000, 0x0000, 0x0000, 0x0000, 0x0000,
    0x0000, 0x3023, 0xE8AF, 0xE8AF, 0xE8AF, 0xE8AF, 0xE8AF, 0xE8AF, 0xE8AF, 0xE8AF, 0xE8AF, 0xE8AF, 0xE8AF, 0xE8AF, 0xE8AF, 0xE8AF,
    0xE8AF, 0xE8AF, 0xE8AF, 0xE8AF, 0xE8AF, 0xE8AF, 0xE8AF, 0xE8AF, 0x7067, 0x0000, 0x0000, 0x0000, 0x0000, 0x0000, 0x0000, 0x0000,
    0x0000, 0x0000, 0x0000, 0x0000, 0x0000, 0x0000, 0x0000, 0x0000, 0x0000, 0x0000, 0x0000, 0x3023, 0xE8AF, 0xE8AF, 0xE8AF, 0xE8AF,
    0xE8AF, 0xE8AF, 0xE8AF, 0xE8AF, 0xE8AF, 0xE8AF, 0xE8AF, 0xE8AF, 0xE8AF, 0xE8AF, 0xE8AF, 0xE8AF, 0xE8AF, 0xE8AF, 0xE8AF, 0xE8AF,
    0xE8AF, 0xE8AF, 0x7067, 0x0000, 0x0000, 0x0000, 0x0000, 0x0000, 0x0000, 0x0000, 0x0000, 0x0000, 0x0000, 0x0000, 0x0000, 0x0000,
    0x0000, 0x0000, 0x0000, 0x6B4D, 0xE6FC, 0xE6FC, 0xE6FC, 0xE6FC, 0xE6FC, 0xE6FC, 0xE6FC, 0xE6FC, 0xE6FC, 0xE6FC, 0xE6FC, 0xE6FC,
    0xE6FC, 0xE6FC, 0xE6FC, 0xE6FC, 0xE6FC, 0xE6FC, 0xE6FC, 0xE6FC, 0xE6FC, 0xE6FC, 0xE6FC, 0xE6FC, 0xE6FC, 0xE6FC, 0xE6FC, 0xE6FC,
    0xE6FC, 0xE6FC, 0xE6FC, 0xE6FC, 0xE6FC, 0xE6FC, 0xE6FC, 0xE6FC, 0xE6FC, 0xE6FC, 0xE6FC, 0xE6FC, 0xE6FC, 0xE6FC, 0xE6FC, 0xE6FC,
    0xE6FC, 0xE6FC, 0xE6FC, 0xE6FC, 0xE6FC, 0x9CD3, 0x0000, 0x0000, 0x0000, 0x0000, 0x0000, 0x0000, 0x0000, 0x0000, 0x0000, 0x0000,
    0x0000, 0x0000, 0x0000, 0x0000, 0x0000, 0x0000, 0x0000, 0x0000, 0x0000, 0x0000, 0x0000, 0x0000, 0x0000, 0x0000, 0x4A49, 0x8C72,
    0x8C72, 0x8C72, 0x8C72, 0x8C72, 0x8C72, 0x8C72, 0x8C72, 0x8C72, 0x8C72, 0x8C72, 0x8C72, 0x8C72, 0x8C72, 0x8C72, 0x8C72, 0x8C72,
    0x8C72, 0x8C72, 0x8C72, 0x8C72, 0x8C72, 0x8C72, 0x8C72, 0x8C72, 0x8C72, 0x8C72, 0x8C72, 0x8C72, 0x8C72, 0x8C72, 0x8C72, 0x8C72,
    0x8C72, 0x8C72, 0x8C72, 0x8C72, 0x8C72, 0x8C72, 0x8C72, 0x8C72, 0x8C72, 0x8C72, 0x8C72, 0x8C72, 0x8C72, 0x8C72, 0x8C72, 0x8C72,
    0x8C72, 0x8C72, 0x0000, 0x0000, 0x0000, 0x0000, 0x0000, 0x0000, 0x0000, 0x0000, 0x0000, 0x0000, 0x0000, 0x0000, 0x0000, 0x0000,
    0x0000, 0x0000, 0x0000, 0x0000, 0x0000, 0x0000, 0x0000, 0x0000, 0x0000, 0x0000, 0x0000, 0x9CD3, 0xE6FC, 0xE6FC, 0xE6FC, 0xE6FC,
    0xE6FC, 0xE6FC, 0xE6FC, 0xE6FC, 0xE6FC, 0xE6FC, 0xE6FC, 0xE6FC, 0xE6FC, 0xE6FC, 0xE6FC, 0xE6FC, 0xE6FC, 0xE6FC, 0xE6FC, 0xE6FC,
    0xE6FC, 0xE6FC, 0xE6FC, 0xE6FC, 0xE6FC, 0xE6FC, 0xE6FC, 0xE6FC, 0xE6FC, 0xE6FC, 0xE6FC, 0xE6FC, 0xE6FC, 0xE6FC, 0xE6FC, 0xE6FC,
    0xE6FC, 0xE6FC, 0xE6FC, 0xE6FC, 0xE6FC, 0xE6FC, 0xE6FC, 0xE6FC, 0xE6FC, 0xE6FC, 0xE6FC, 0xE6FC, 0xE6FC, 0x6B4D, 0x0000, 0x0000,
    0x0000, 0x0000, 0x0000, 0x0000, 0x0000, 0x0000, 0x0000, 0x0000, 0x0000, 0x0000, 0x0000, 0x0000, 0x0000, 0x0000, 0x7067, 0xE8AF,
    0xE8AF, 0xE8AF, 0xE8AF, 0xE8AF, 0xE8AF, 0xE8AF, 0xE8AF, 0xE8AF, 0xE8AF, 0xE8AF, 0xE8AF, 0xE8AF, 0xE8AF, 0xE8AF, 0xE8AF, 0xE8AF,
    0xE8AF, 0xE8AF, 0xE8AF, 0xE8AF, 0xE8AF, 0x0000, 0x0000, 0x0000, 0x0000, 0x0000, 0x0000, 0x0000, 0x0000, 0x0000, 0x0000, 0x0000,
    0x0000, 0x0000, 0x0000, 0x0000, 0x0000, 0x0000, 0x0000, 0xA88B, 0xE8AF, 0xE8AF, 0xE8AF, 0xE8AF, 0xE8AF, 0xE8AF, 0xE8AF, 0xE8AF,
    0xE8AF, 0xE8AF, 0xE8AF, 0xE8AF, 0xE8AF, 0xE8AF, 0xE8AF, 0xE8AF, 0xE8AF, 0xE8AF, 0xE8AF, 0xE8AF, 0xE8AF, 0xE8AF, 0x0000, 0x0000,
    0x0000, 0x0000, 0x0000, 0x0000, 0x0000, 0x0000, 0x0000, 0x0000, 0x0000, 0x0000, 0x0000, 0x0000, 0x0000, 0x0000, 0x2965, 0xD659,
    0xE6FC, 0xE6FC, 0xE6FC, 0xE6FC, 0xE6FC, 0xE6FC, 0xE6FC, 0xE6FC, 0xE6FC, 0xE6FC, 0xE6FC, 0xE6FC, 0xE6FC, 0xE6FC, 0xE6FC, 0xE6FC,
    0xE6FC, 0xE6FC, 0xE6FC, 0xE6FC, 0xE6FC, 0xE6FC, 0xE6FC, 0xE6FC, 0xE6FC, 0xE6FC, 0xE6FC, 0xE6FC, 0xE6FC, 0xE6FC, 0xE6FC, 0xE6FC,
    0xE6FC, 0xE6FC, 0xE6FC, 0xE6FC, 0xE6FC, 0xE6FC, 0xE6FC, 0xE6FC, 0xE6FC, 0xE6FC, 0xE6FC, 0xE6FC, 0xE6FC, 0xE6FC, 0xE6FC, 0xE6FC,
    0xD659, 0x0000, 0x0000, 0x0000, 0x0000, 0x0000, 0x0000, 0x0000, 0x0000, 0x0000, 0x0000, 0x0000, 0x0000, 0x0000, 0x0000, 0x0000,
    0x0000, 0x0000, 0x0000, 0x0000, 0x0000, 0x0000, 0x0000, 0x0000, 0x0000, 0x0000, 0x4A49, 0x8C72, 0x8C72, 0x8C72, 0x8C72, 0x8C72,
    0x8C72, 0x8C72, 0x8C72, 0x8C72, 0x8C72, 0x8C72, 0x8C72, 0x8C72, 0x8C72, 0x8C72, 0x8C72, 0x8C72, 0x8C72, 0x8C72, 0x8C72, 0x8C72,
    0x8C72, 0x8C72, 0x8C72, 0x8C72, 0x8C72, 0x8C72, 0x8C72, 0x8C72, 0x8C72, 0x8C72, 0x8C72, 0x8C72, 0x8C72, 0x8C72, 0x8C72, 0x8C72,
    0x8C72, 0x8C72, 0x8C72, 0x8C72, 0x8C72, 0x8C72, 0x8C72, 0x8C72, 0x8C72, 0x8C72, 0x8C72, 0x8C72, 0x8C72, 0x8C72, 0x0000, 0x0000,
    0x0000, 0x0000, 0x0000, 0x0000, 0x0000, 0x0000, 0x0000, 0x0000, 0x0000, 0x0000, 0x0000, 0x0000, 0x0000, 0x0000, 0x0000, 0x0000,
    0x0000, 0x0000, 0x0000, 0x0000, 0x0000, 0x0000, 0x0000, 0x0000, 0xD659, 0xE6FC, 0xE6FC, 0xE6FC, 0xE6FC, 0xE6FC, 0xE6FC, 0xE6FC,
    0xE6FC, 0xE6FC, 0xE6FC, 0xE6FC, 0xE6FC, 0xE6FC, 0xE6FC, 0xE6FC, 0xE6FC, 0xE6FC, 0xE6FC, 0xE6FC, 0xE6FC, 0xE6FC, 0xE6FC, 0xE6FC,
    0xE6FC, 0xE6FC, 0xE6FC, 0xE6FC, 0xE6FC, 0xE6FC, 0xE6FC, 0xE6FC, 0xE6FC, 0xE6FC, 0xE6FC, 0xE6FC, 0xE6FC, 0xE6FC, 0xE6FC, 0xE6FC,
    0xE6FC, 0xE6FC, 0xE6FC, 0xE6FC, 0xE6FC, 0xE6FC, 0xE6FC, 0xE6FC, 0xE6FC, 0xD659, 0x2965, 0x0000, 0x0000, 0x0000, 0x0000, 0x0000,
    0x0000, 0x0000, 0x0000, 0x0000, 0x0000, 0x0000, 0x0000, 0x0000, 0x0000, 0x0000, 0x0000, 0xE8AF, 0xE8AF, 0xE8AF, 0xE8AF, 0xE8AF,
    0xE8AF, 0xE8AF, 0xE8AF, 0xE8AF, 0xE8AF, 0xE8AF, 0xE8AF, 0xE8AF, 0xE8AF, 0xE8AF, 0xE8AF, 0xE8AF, 0xE8AF, 0xE8AF, 0xE8AF, 0xE8AF,
    0xE8AF, 0xA88B, 0x0000, 0x0000, 0x0000, 0x0000, 0x0000, 0x0000, 0x0000, 0x0000, 0x0000, 0x0000, 0x0000, 0x0000, 0x0000, 0x0000,
    0x0000, 0x0000, 0x3023, 0xE8AF, 0xE8AF, 0xE8AF, 0xE8AF, 0xE8AF, 0xE8AF, 0xE8AF, 0xE8AF, 0xE8AF, 0xE8AF, 0xE8AF, 0xE8AF, 0xE8AF,
    0xE8AF, 0xE8AF, 0xE8AF, 0xE8AF, 0xE8AF, 0xE8AF, 0xE8AF, 0xE8AF, 0xE8AF, 0x3023, 0x0000, 0x0000, 0x0000, 0x0000, 0x0000, 0x0000,
    0x0000, 0x0000, 0x0000, 0x0000, 0x0000, 0x0000, 0x0000, 0x0000, 0x0000, 0x0000, 0xAD55, 0xE6FC, 0xE6FC, 0xE6FC, 0xE6FC, 0xE6FC,
    0xE6FC, 0xE6FC, 0xE6FC, 0xE6FC, 0xE6FC, 0xE6FC, 0xE6FC, 0xE6FC, 0xE6FC, 0xE6FC, 0xE6FC, 0xE6FC, 0xE6FC, 0xE6FC, 0xE6FC, 0xE6FC,
    0xE6FC, 0xE6FC, 0xE6FC, 0xE6FC, 0xE6FC, 0xE6FC, 0xE6FC, 0xE6FC, 0xE6FC, 0xE6FC, 0xE6FC, 0xE6FC, 0xE6FC, 0xE6FC, 0xE6FC, 0xE6FC,
    0xE6FC, 0xE6FC, 0xE6FC, 0xE6FC, 0xE6FC, 0xE6FC, 0xE6FC, 0xE6FC, 0xE6FC, 0xE6FC, 0xE6FC, 0xE6FC, 0x4A49, 0x0000, 0x0000, 0x0000,
    0x0000, 0x0000, 0x0000, 0x0000, 0x0000, 0x0000, 0x0000, 0x0000, 0x0000, 0x0000, 0x0000, 0x0000, 0x0000, 0x0000, 0x0000, 0x0000,
    0x0000, 0x0000, 0x0000, 0x0000, 0x0000, 0x0000, 0x4A49, 0x8C72, 0x8C72, 0x8C72, 0x8C72, 0x8C72, 0x8C72, 0x8C72, 0x8C72, 0x8C72,
    0x8C72, 0x8C72, 0x8C72, 0x8C72, 0x8C72, 0x8C72, 0x8C72, 0x8C72, 0x8C72, 0x8C72, 0x8C72, 0x8C72, 0x8C72, 0x8C72, 0x8C72, 0x8C72,
    0x8C72, 0x8C72, 0x8C72, 0x8C72, 0x8C72, 0x8C72, 0x8C72, 0x8C72, 0x8C72, 0x8C72, 0x8C72, 0x8C72, 0x8C72, 0x8C72, 0x8C72, 0x8C72,
    0x8C72, 0x8C72, 0x8C72, 0x8C72, 0x8C72, 0x8C72, 0x8C72, 0x8C72, 0x8C72, 0x8C72, 0x0000, 0x0000, 0x0000, 0x0000, 0x0000, 0x0000,
    0x0000, 0x0000, 0x0000, 0x0000, 0x0000, 0x0000, 0x0000, 0x0000, 0x0000, 0x0000, 0x0000, 0x0000, 0x0000, 0x0000, 0x0000, 0x0000,
    0x0000, 0x0000, 0x0000, 0x0000, 0x4A49, 0xE6FC, 0xE6FC, 0xE6FC, 0xE6FC, 0xE6FC, 0xE6FC, 0xE6FC, 0xE6FC, 0xE6FC, 0xE6FC, 0xE6FC,
    0xE6FC, 0xE6FC, 0xE6FC, 0xE6FC, 0xE6FC, 0xE6FC, 0xE6FC, 0xE6FC, 0xE6FC, 0xE6FC, 0xE6FC, 0xE6FC, 0xE6FC, 0xE6FC, 0xE6FC, 0xE6FC,
    0xE6FC, 0xE6FC, 0xE6FC, 0xE6FC, 0xE6FC, 0xE6FC, 0xE6FC, 0xE6FC, 0xE6FC, 0xE6FC, 0xE6FC, 0xE6FC, 0xE6FC, 0xE6FC, 0xE6FC, 0xE6FC,
    0xE6FC, 0xE6FC, 0xE6FC, 0xE6FC, 0xE6FC, 0xE6FC, 0x9CD3, 0x0000, 0x0000, 0x0000, 0x0000, 0x0000, 0x0000, 0x0000, 0x0000, 0x0000,
    0x0000, 0x0000, 0x0000, 0x0000, 0x0000, 0x0000, 0x0000, 0x3023, 0xE8AF, 0xE8AF, 0xE8AF, 0xE8AF, 0xE8AF, 0xE8AF, 0xE8AF, 0xE8AF,
    0xE8AF, 0xE8AF, 0xE8AF, 0xE8AF, 0xE8AF, 0xE8AF, 0xE8AF, 0xE8AF, 0xE8AF, 0xE8AF, 0xE8AF, 0xE8AF, 0xE8AF, 0xE8AF, 0x3023, 0x0000,
    0x0000, 0x0000, 0x0000, 0x0000, 0x0000, 0x0000, 0x0000, 0x0000, 0x0000, 0x0000, 0x0000, 0x0000, 0x0000, 0x0000, 0xE8AF, 0xE8AF,
    0xE8AF, 0xE8AF, 0xE8AF, 0xE8AF, 0xE8AF, 0xE8AF, 0xE8AF, 0xE8AF, 0xE8AF, 0xE8AF, 0xE8AF, 0xE8AF, 0xE8AF, 0xE8AF, 0xE8AF, 0xE8AF,
    0xE8AF, 0xE8AF, 0xE8AF, 0xE8AF, 0xA88B, 0x0000, 0x0000, 0x0000, 0x0000, 0x0000, 0x0000, 0x0000, 0x0000, 0x0000, 0x0000, 0x0000,
    0x0000, 0x0000, 0x0000, 0x0000, 0x0000, 0x4A49, 0xE6FC, 0xE6FC, 0xE6FC, 0xE6FC, 0xE6FC, 0xE6FC, 0xE6FC, 0xE6FC, 0xE6FC, 0xE6FC,
    0xE6FC, 0xE6FC, 0xE6FC, 0xE6FC, 0xE6FC, 0xE6FC, 0xE6FC, 0xE6FC, 0xE6FC, 0xE6FC, 0xE6FC, 0xE6FC, 0xE6FC, 0xE6FC, 0xE6FC, 0xE6FC,
    0xE6FC, 0xE6FC, 0xE6FC, 0xE6FC, 0xE6FC, 0xE6FC, 0xE6FC, 0xE6FC, 0xE6FC, 0xE6FC, 0xE6FC, 0xE6FC, 0xE6FC, 0xE6FC, 0xE6FC, 0xE6FC,
    0xE6FC, 0xE6FC, 0xE6FC, 0xE6FC, 0xE6FC, 0xE6FC, 0xE6FC, 0x9CD3, 0x0000, 0x0000, 0x0000, 0x0000, 0x0000, 0x0000, 0x0000, 0x0000,
    0x0000, 0x0000, 0x0000, 0x0000, 0x0000, 0x0000, 0x0000, 0x0000, 0x0000, 0x0000, 0x0000, 0x0000, 0x0000, 0x0000, 0x0000, 0x0000,
    0x0000, 0x0000, 0x4A49, 0x8C72, 0x8C72, 0x8C72, 0x8C72, 0x8C72, 0x8C72, 0x8C72, 0x8C72, 0x8C72, 0x8C72, 0x8C72, 0x8C72, 0x8C72,
    0x8C72, 0x8C72, 0x8C72, 0x8C72, 0x8C72, 0x8C72, 0x8C72, 0x8C72, 0x8C72, 0x8C72, 0x8C72, 0x8C72, 0x8C72, 0x8C72, 0x8C72, 0x8C72,
    0x8C72, 0x8C72, 0x8C72, 0x8C72, 0x8C72, 0x8C72, 0x8C72, 0x8C72, 0x8C72, 0x8C72, 0x8C72, 0x8C72, 0x8C72, 0x8C72, 0x8C72, 0x8C72,
    0x8C72, 0x8C72, 0x8C72, 0x8C72, 0x8C72, 0x8C72, 0x0000, 0x0000, 0x0000, 0x0000, 0x0000, 0x0000, 0x0000, 0x0000, 0x0000, 0x0000,
    0x0000, 0x0000, 0x0000, 0x0000, 0x0000, 0x0000, 0x0000, 0x0000, 0x0000, 0x0000, 0x0000, 0x0000, 0x0000, 0x0000, 0x0000, 0x0000,
    0x0000, 0x9CD3, 0xE6FC, 0xE6FC, 0xE6FC, 0xE6FC, 0xE6FC, 0xE6FC, 0xE6FC, 0xE6FC, 0xE6FC, 0xE6FC, 0xE6FC, 0xE6FC, 0xE6FC, 0xE6FC,
    0xE6FC, 0xE6FC, 0xE6FC, 0xE6FC, 0xE6FC, 0xE6FC, 0xE6FC, 0xE6FC, 0xE6FC, 0xE6FC, 0xE6FC, 0xE6FC, 0xE6FC, 0xE6FC, 0xE6FC, 0xE6FC,
    0xE6FC, 0xE6FC, 0xE6FC, 0xE6FC, 0xE6FC, 0xE6FC, 0xE6FC, 0xE6FC, 0xE6FC, 0xE6FC, 0xE6FC, 0xE6FC, 0xE6FC, 0xE6FC, 0xE6FC, 0xE6FC,
    0xE6FC, 0xE6FC, 0xE6FC, 0x4A49, 0x0000, 0x0000, 0x0000, 0x0000, 0x0000, 0x0000, 0x0000, 0x0000, 0x0000, 0x0000, 0x0000, 0x0000,
    0x0000, 0x0000, 0x0000, 0x0000, 0xA88B, 0xE8AF, 0xE8AF, 0xE8AF, 0xE8AF, 0xE8AF, 0xE8AF, 0xE8AF, 0xE8AF, 0xE8AF, 0xE8AF, 0xE8AF,
    0xE8AF, 0xE8AF, 0xE8AF, 0xE8AF, 0xE8AF, 0xE8AF, 0xE8AF, 0xE8AF, 0xE8AF, 0xE8AF, 0xE8AF, 0x0000, 0x0000, 0x0000, 0x0000, 0x0000,
    0x0000, 0x0000, 0x0000, 0x0000, 0x0000, 0x0000, 0x0000, 0x0000, 0x0000, 0xA88B, 0xE8AF, 0xE8AF, 0xE8AF, 0xE8AF, 0xE8AF, 0xE8AF,
    0xE8AF, 0xE8AF, 0xE8AF, 0xE8AF, 0xE8AF, 0xE8AF, 0xE8AF, 0xE8AF, 0xE8AF, 0xE8AF, 0xE8AF, 0xE8AF, 0xE8AF, 0xE8AF, 0xE8AF, 0xE8AF,
    0x3023, 0x0000, 0x0000, 0x0000, 0x0000, 0x0000, 0x0000, 0x0000, 0x0000, 0x0000, 0x0000, 0x0000, 0x0000, 0x0000, 0x0000, 0x0000,
    0x0000, 0xD659, 0xE6FC, 0xE6FC, 0xE6FC, 0xE6FC, 0xE6FC, 0xE6FC, 0xE6FC, 0xE6FC, 0xE6FC, 0xE6FC, 0xE6FC, 0xE6FC, 0xE6FC, 0xE6FC,
    0xE6FC, 0xE6FC, 0xE6FC, 0xE6FC, 0xE6FC, 0xE6FC, 0xE6FC, 0xE6FC, 0xE6FC, 0xE6FC, 0xE6FC, 0xE6FC, 0xE6FC, 0xE6FC, 0xE6FC, 0xE6FC,
    0xE6FC, 0xE6FC, 0xE6FC, 0xE6FC, 0xE6FC, 0xE6FC, 0xE6FC, 0xE6FC, 0xE6FC, 0xE6FC, 0xE6FC, 0xE6FC, 0xE6FC, 0xE6FC, 0xE6FC, 0xE6FC,
    0xE6FC, 0xE6FC, 0xD659, 0x0000, 0x0000, 0x0000, 0x0000, 0x0000, 0x0000, 0x0000, 0x0000, 0x0000, 0x0000, 0x0000, 0x0000, 0x0000,
    0x0000, 0x0000, 0x0000, 0x0000, 0x0000, 0x0000, 0x0000, 0x0000, 0x0000, 0x0000, 0x0000, 0x0000, 0x0000, 0x0000, 0x4A49, 0x8C72,
    0x8C72, 0x8C72, 0x8C72, 0x8C72, 0x8C72, 0x8C72, 0x8C72, 0x8C72, 0x8C72, 0x8C72, 0x8C72, 0x8C72, 0x8C72, 0x8C72, 0x8C72, 0x8C72,
    0x8C72, 0x8C72, 0x8C72, 0x8C72, 0x8C72, 0x8C72, 0x8C72, 0x8C72, 0x8C72, 0x8C72, 0x8C72, 0x8C72, 0x8C72, 0x8C72, 0x8C72, 0x8C72,
    0x8C72, 0x8C72, 0x8C72, 0x8C72, 0x8C72, 0x8C72, 0x8C72, 0x8C72, 0x8C72, 0x8C72, 0x8C72, 0x8C72, 0x8C72, 0x8C72, 0x8C72, 0x8C72,
    0x8C72, 0x8C72, 0x0000, 0x0000, 0x0000, 0x0000, 0x0000, 0x0000, 0x0000, 0x0000, 0x0000, 0x0000, 0x0000, 0x0000, 0x0000, 0x0000,
    0x0000, 0x0000, 0x0000, 0x0000, 0x0000, 0x0000, 0x0000, 0x0000, 0x0000, 0x0000, 0x0000, 0x0000, 0x0000, 0x0000, 0xD659, 0xE6FC,
    0xE6FC, 0xE6FC, 0xE6FC, 0xE6FC, 0xE6FC, 0xE6FC, 0xE6FC, 0xE6FC, 0xE6FC, 0xE6FC, 0xE6FC, 0xE6FC, 0xE6FC, 0xE6FC, 0xE6FC, 0xE6FC,
    0xE6FC, 0xE6FC, 0xE6FC, 0xE6FC, 0xE6FC, 0xE6FC, 0xE6FC, 0xE6FC, 0xE6FC, 0xE6FC, 0xE6FC, 0xE6FC, 0xE6FC, 0xE6FC, 0xE6FC, 0xE6FC,
    0xE6FC, 0xE6FC, 0xE6FC, 0xE6FC, 0xE6FC, 0xE6FC, 0xE6FC, 0xE6FC, 0xE6FC, 0xE6FC, 0xE6FC, 0xE6FC, 0xE6FC, 0xE6FC, 0xE6FC, 0xD659,
    0x0000, 0x0000, 0x0000, 0x0000, 0x0000, 0x0000, 0x0000, 0x0000, 0x0000, 0x0000, 0x0000, 0x0000, 0x0000, 0x0000, 0x0000, 0x0000,
    0x0000, 0xE8AF, 0xE8AF, 0xE8AF, 0xE8AF, 0xE8AF, 0xE8AF, 0xE8AF, 0xE8AF, 0xE8AF, 0xE8AF, 0xE8AF, 0xE8AF, 0xE8AF, 0xE8AF, 0xE8AF,
    0xE8AF, 0xE8AF, 0xE8AF, 0xE8AF, 0xE8AF, 0xE8AF, 0xE8AF, 0x7067, 0x0000, 0x0000, 0x0000, 0x0000, 0x0000, 0x0000, 0x0000, 0x0000,
    0x0000, 0x0000, 0x0000, 0x0000, 0x3023, 0xE8AF, 0xE8AF, 0xE8AF, 0xE8AF, 0xE8AF, 0xE8AF, 0xE8AF, 0xE8AF, 0xE8AF, 0xE8AF, 0xE8AF,
    0xE8AF, 0xE8AF, 0xE8AF, 0xE8AF, 0xE8AF, 0xE8AF, 0xE8AF, 0xE8AF, 0xE8AF, 0xE8AF, 0xE8AF, 0x7067, 0x0000, 0x0000, 0x0000, 0x0000,
    0x0000, 0x0000, 0x0000, 0x0000, 0x0000, 0x0000, 0x0000, 0x0000, 0x0000, 0x0000, 0x0000, 0x0000, 0x8C51, 0xE6FC, 0xE6FC, 0xE6FC,
    0xE6FC, 0xE6FC, 0xE6FC, 0xE6FC, 0xE6FC, 0xE6FC, 0xE6FC, 0xE6FC, 0xE6FC, 0xE6FC, 0xE6FC, 0xE6FC, 0xE6FC, 0xE6FC, 0xE6FC, 0xE6FC,
    0xE6FC, 0xE6FC, 0xE6FC, 0xE6FC, 0xE6FC, 0xE6FC, 0xE6FC, 0xE6FC, 0xE6FC, 0xE6FC, 0xE6FC, 0xE6FC, 0xE6FC, 0xE6FC, 0xE6FC, 0xE6FC,
    0xE6FC, 0xE6FC, 0xE6FC, 0xE6FC, 0xE6FC, 0xE6FC, 0xE6FC, 0xE6FC, 0xE6FC, 0xE6FC, 0xE6FC, 0xE6FC, 0xE6FC, 0xE6FC, 0x4A49, 0x0000,
    0x0000, 0x0000, 0x0000, 0x0000, 0x0000, 0x0000, 0x0000, 0x0000, 0x0000, 0x0000, 0x0000, 0x0000, 0x0000, 0x0000, 0x0000, 0x0000,
    0x0000, 0x0000, 0x0000, 0x0000, 0x0000, 0x0000, 0x0000, 0x0000, 0x0000, 0x0000, 0x4A49, 0x8C72, 0x8C72, 0x8C72, 0x8C72, 0x8C72,
    0x8C72, 0x8C72, 0x8C72, 0x8C72, 0x8C72, 0x8C72, 0x8C72, 0x8C72, 0x8C72, 0x8C72, 0x8C72, 0x8C72, 0x8C72, 0x8C72, 0x8C72, 0x8C72,
    0x8C72, 0x8C72, 0x8C72, 0x8C72, 0x8C72, 0x8C72, 0x8C72, 0x8C72, 0x8C72, 0x8C72, 0x8C72, 0x8C72, 0x8C72, 0x8C72, 0x8C72, 0x8C72,
    0x8C72, 0x8C72, 0x8C72, 0x8C72, 0x8C72, 0x8C72, 0x8C72, 0x8C72, 0x8C72, 0x8C72, 0x8C72, 0x8C72, 0x8C72, 0x8C72, 0x0000, 0x0000,
    0x0000, 0x0000, 0x0000, 0x0000, 0x0000, 0x0000, 0x0000, 0x0000, 0x0000, 0x0000, 0x0000, 0x0000, 0x0000, 0x0000, 0x0000, 0x0000,
    0x0000, 0x0000, 0x0000, 0x0000, 0x0000, 0x0000, 0x0000, 0x0000, 0x0000, 0x0000, 0x4A49, 0xE6FC, 0xE6FC, 0xE6FC, 0xE6FC, 0xE6FC,
    0xE6FC, 0xE6FC, 0xE6FC, 0xE6FC, 0xE6FC, 0xE6FC, 0xE6FC, 0xE6FC, 0xE6FC, 0xE6FC, 0xE6FC, 0xE6FC, 0xE6FC, 0xE6FC, 0xE6FC, 0xE6FC,
    0xE6FC, 0xE6FC, 0xE6FC, 0xE6FC, 0xE6FC, 0xE6FC, 0xE6FC, 0xE6FC, 0xE6FC, 0xE6FC, 0xE6FC, 0xE6FC, 0xE6FC, 0xE6FC, 0xE6FC, 0xE6FC,
    0xE6FC, 0xE6FC, 0xE6FC, 0xE6FC, 0xE6FC, 0xE6FC, 0xE6FC, 0xE6FC, 0xE6FC, 0xE6FC, 0xE6FC, 0xE6FC, 0x7BEF, 0x0000, 0x0000, 0x0000,
    0x0000, 0x0000, 0x0000, 0x0000, 0x0000, 0x0000, 0x0000, 0x0000, 0x0000, 0x0000, 0x0000, 0x0000, 0x0000, 0x7067, 0xE8AF, 0xE8AF,
    0xE8AF, 0xE8AF, 0xE8AF, 0xE8AF, 0xE8AF, 0xE8AF, 0xE8AF, 0xE8AF, 0xE8AF, 0xE8AF, 0xE8AF, 0xE8AF, 0xE8AF, 0xE8AF, 0xE8AF, 0xE8AF,
    0xE8AF, 0xE8AF, 0xE8AF, 0xE8AF, 0x3023, 0x0000, 0x0000, 0x0000, 0x0000, 0x0000, 0x0000, 0x0000, 0x0000, 0x0000, 0x0000, 0x0000,
    0xE8AF, 0xE8AF, 0xE8AF, 0xE8AF, 0xE8AF, 0xE8AF, 0xE8AF, 0xE8AF, 0xE8AF, 0xE8AF, 0xE8AF, 0xE8AF, 0xE8AF, 0xE8AF, 0xE8AF, 0xE8AF,
    0xE8AF, 0xE8AF, 0xE8AF, 0xE8AF, 0xE8AF, 0xE8AF, 0xA88B, 0x0000, 0x0000, 0x0000, 0x0000, 0x0000, 0x0000, 0x0000, 0x0000, 0x0000,
    0x0000, 0x0000, 0x0000, 0x0000, 0x0000, 0x0000, 0x0000, 0x2965, 0xE6FC, 0xE6FC, 0xE6FC, 0xE6FC, 0xE6FC, 0xE6FC, 0xE6FC, 0xE6FC,
    0xE6FC, 0xE6FC, 0xE6FC, 0xE6FC, 0xE6FC, 0xE6FC, 0xE6FC, 0xE6FC, 0xE6FC, 0xE6FC, 0xE6FC, 0xE6FC, 0xE6FC, 0xE6FC, 0xE6FC, 0xE6FC,
    0xE6FC, 0xE6FC, 0xE6FC, 0xE6FC, 0xE6FC, 0xE6FC, 0xE6FC, 0xE6FC, 0xE6FC, 0xE6FC, 0xE6FC, 0xE6FC, 0xE6FC, 0xE6FC, 0xE6FC, 0xE6FC,
    0xE6FC, 0xE6FC, 0xE6FC, 0xE6FC, 0xE6FC, 0xE6FC, 0xE6FC, 0xE6FC, 0xE6FC, 0x9CD3, 0x0000, 0x0000, 0x0000, 0x0000, 0x0000, 0x0000,
    0x0000, 0x0000, 0x0000, 0x0000, 0x0000, 0x0000, 0x0000, 0x0000, 0x0000, 0x0000, 0x0000, 0x0000, 0x0000, 0x0000, 0x0000, 0x0000,
    0x0000, 0x0000, 0x0000, 0x0000, 0x0000, 0x0000, 0x4A49, 0x8C72, 0x8C72, 0x8C72, 0x8C72, 0x8C72, 0x8C72, 0x8C72, 0x8C72, 0x8C72,
    0x8C72, 0x8C72, 0x8C72, 0x8C72, 0x8C72, 0x8C72, 0x8C72, 0x8C72, 0x8C72, 0x8C72, 0x8C72, 0x8C72, 0x8C72, 0x8C72, 0x8C72, 0x8C72,
    0x8C72, 0x8C72, 0x8C72, 0x8C72, 0x8C72, 0x8C72, 0x8C72, 0x8C72, 0x8C72, 0x8C72, 0x8C72, 0x8C72, 0x8C72, 0x8C72, 0x8C72, 0x8C72,
    0x8C72, 0x8C72, 0x8C72, 0x8C72, 0x8C72, 0x8C72, 0x8C72, 0x8C72, 0x8C72, 0x8C72, 0x0000, 0x0000, 0x0000, 0x0000, 0x0000, 0x0000,
    0x0000, 0x0000, 0x0000, 0x0000, 0x0000, 0x0000, 0x0000, 0x0000, 0x0000, 0x0000, 0x0000, 0x0000, 0x0000, 0x0000, 0x0000, 0x0000,
    0x0000, 0x0000, 0x0000, 0x0000, 0x0000, 0x0000, 0x0000, 0x9CD3, 0xE6FC, 0xE6FC, 0xE6FC, 0xE6FC, 0xE6FC, 0xE6FC, 0xE6FC, 0xE6FC,
    0xE6FC, 0xE6FC, 0xE6FC, 0xE6FC, 0xE6FC, 0xE6FC, 0xE6FC, 0xE6FC, 0xE6FC, 0xE6FC, 0xE6FC, 0xE6FC, 0xE6FC, 0xE6FC, 0xE6FC, 0xE6FC,
    0xE6FC, 0xE6FC, 0xE6FC, 0xE6FC, 0xE6FC, 0xE6FC, 0xE6FC, 0xE6FC, 0xE6FC, 0xE6FC, 0xE6FC, 0xE6FC, 0xE6FC, 0xE6FC, 0xE6FC, 0xE6FC,
    0xE6FC, 0xE6FC, 0xE6FC, 0xE6FC, 0xE6FC, 0xE6FC, 0xE6FC, 0xE6FC, 0xE6FC, 0x2965, 0x0000, 0x0000, 0x0000, 0x0000, 0x0000, 0x0000,
    0x0000, 0x0000, 0x0000, 0x0000, 0x0000, 0x0000, 0x0000, 0x0000, 0x0000, 0x0000, 0xA88B, 0xE8AF, 0xE8AF, 0xE8AF, 0xE8AF, 0xE8AF,
    0xE8AF, 0xE8AF, 0xE8AF, 0xE8AF, 0xE8AF, 0xE8AF, 0xE8AF, 0xE8AF, 0xE8AF, 0xE8AF, 0xE8AF, 0xE8AF, 0xE8AF, 0xE8AF, 0xE8AF, 0xE8AF,
    0xA88B, 0x0000, 0x0000, 0x0000, 0x0000, 0x0000, 0x0000, 0x0000, 0x0000, 0x0000, 0x0000, 0x7067, 0xE8AF, 0xE8AF, 0xE8AF, 0xE8AF,
    0xE8AF, 0xE8AF, 0xE8AF, 0xE8AF, 0xE8AF, 0xE8AF, 0xE8AF, 0xE8AF, 0xE8AF, 0xE8AF, 0xE8AF, 0xE8AF, 0xE8AF, 0xE8AF, 0xE8AF, 0xE8AF,
    0xE8AF, 0xE8AF, 0x3023, 0x0000, 0x0000, 0x0000, 0x0000, 0x0000, 0x0000, 0x0000, 0x0000, 0x0000, 0x0000, 0x0000, 0x0000, 0x0000,
    0x0000, 0x0000, 0x0000, 0xD659, 0xE6FC, 0xE6FC, 0xE6FC, 0xE6FC, 0xE6FC, 0xE6FC, 0xE6FC, 0xE6FC, 0xE6FC, 0xE6FC, 0xE6FC, 0xE6FC,
    0xE6FC, 0xE6FC, 0xE6FC, 0xE6FC, 0xE6FC, 0xE6FC, 0xE6FC, 0xE6FC, 0xE6FC, 0xE6FC, 0xE6FC, 0xE6FC, 0xE6FC, 0xE6FC, 0xE6FC, 0xE6FC,
    0xE6FC, 0xE6FC, 0xE6FC, 0xE6FC, 0xE6FC, 0xE6FC, 0xE6FC, 0xE6FC, 0xE6FC, 0xE6FC, 0xE6FC, 0xE6FC, 0xE6FC, 0xE6FC, 0xE6FC, 0xE6FC,
    0xE6FC, 0xE6FC, 0xE6FC, 0xE6FC, 0xD659, 0x0000, 0x0000, 0x0000, 0x0000, 0x0000, 0x0000, 0x0000, 0x0000, 0x0000, 0x0000, 0x0000,
    0x0000, 0x0000, 0x0000, 0x0000, 0x0000, 0x0000, 0x0000, 0x0000, 0x0000, 0x0000, 0x0000, 0x0000, 0x0000, 0x0000, 0x0000, 0x0000,
    0x0000, 0x0000, 0x4A49, 0x8C72, 0x8C72, 0x8C72, 0x8C72, 0x8C72, 0x8C72, 0x8C72, 0x8C72, 0x8C72, 0x8C72, 0x8C72, 0x8C72, 0x8C72,
    0x8C72, 0x8C72, 0x8C72, 0x8C72, 0x8C72, 0x8C72, 0x8C72, 0x8C72, 0x8C72, 0x8C72, 0x8C72, 0x8C72, 0x8C72, 0x8C72, 0x8C72, 0x8C72,
    0x8C72, 0x8C72, 0x8C72, 0x8C72, 0x8C72, 0x8C72, 0x8C72, 0x8C72, 0x8C72, 0x8C72, 0x8C72, 0x8C72, 0x8C72, 0x8C72, 0x8C72, 0x8C72,
    0x8C72, 0x8C72, 0x8C72, 0x8C72, 0x8C72, 0x6B4D, 0x0000, 0x0000, 0x0000, 0x0000, 0x0000, 0x0000, 0x0000, 0x0000, 0x0000, 0x0000,
    0x0000, 0x0000, 0x0000, 0x0000, 0x0000, 0x0000, 0x0000, 0x0000, 0x0000, 0x0000, 0x0000, 0x0000, 0x0000, 0x0000, 0x0000, 0x0000,
    0x0000, 0x0000, 0x0000, 0x0000, 0xD659, 0xE6FC, 0xE6FC, 0xE6FC, 0xE6FC, 0xE6FC, 0xE6FC, 0xE6FC, 0xE6FC, 0xE6FC, 0xE6FC, 0xE6FC,
    0xE6FC, 0xE6FC, 0xE6FC, 0xE6FC, 0xE6FC, 0xE6FC, 0xE6FC, 0xE6FC, 0xE6FC, 0xE6FC, 0xE6FC, 0xE6FC, 0xE6FC, 0xE6FC, 0xE6FC, 0xE6FC,
    0xE6FC, 0xE6FC, 0xE6FC, 0xE6FC, 0xE6FC, 0xE6FC, 0xE6FC, 0xE6FC, 0xE6FC, 0xE6FC, 0xE6FC, 0xE6FC, 0xE6FC, 0xE6FC, 0xE6FC, 0xE6FC,
    0xE6FC, 0xE6FC, 0xE6FC, 0xE6FC, 0xE6FC, 0xD659, 0x0000, 0x0000, 0x0000, 0x0000, 0x0000, 0x0000, 0x0000, 0x0000, 0x0000, 0x0000,
    0x0000, 0x0000, 0x0000, 0x0000, 0x0000, 0x0000, 0x3023, 0xE8AF, 0xE8AF, 0xE8AF, 0xE8AF, 0xE8AF, 0xE8AF, 0xE8AF, 0xE8AF, 0xE8AF,
    0xE8AF, 0xE8AF, 0xE8AF, 0xE8AF, 0xE8AF, 0xE8AF, 0xE8AF, 0xE8AF, 0xE8AF, 0xE8AF, 0xE8AF, 0xE8AF, 0xE8AF, 0x7067, 0x0000, 0x0000,
    0x0000, 0x0000, 0x0000, 0x0000, 0x0000, 0x0000, 0x3023, 0xE8AF, 0xE8AF, 0xE8AF, 0xE8AF, 0xE8AF, 0xE8AF, 0xE8AF, 0xE8AF, 0xE8AF,
    0xE8AF, 0xE8AF, 0xE8AF, 0xE8AF, 0xE8AF, 0xE8AF, 0xE8AF, 0xE8AF, 0xE8AF, 0xE8AF, 0xE8AF, 0xE8AF, 0xE8AF, 0x7067, 0x0000, 0x0000,
    0x0000, 0x0000, 0x0000, 0x0000, 0x0000, 0x0000, 0x0000, 0x0000, 0x0000, 0x0000, 0x0000, 0x0000, 0x0000, 0x0000, 0x6B4D, 0xE6FC,
    0xE6FC, 0xE6FC, 0xE6FC, 0xE6FC, 0xE6FC, 0xE6FC, 0xE6FC, 0xE6FC, 0xE6FC, 0xE6FC, 0xE6FC, 0xE6FC, 0xE6FC, 0xE6FC, 0xE6FC, 0xE6FC,
    0xE6FC, 0xE6FC, 0xE6FC, 0xE6FC, 0xE6FC, 0xE6FC, 0xE6FC, 0xE6FC, 0xE6FC, 0xE6FC, 0xE6FC, 0xE6FC, 0xE6FC, 0xE6FC, 0xE6FC, 0xE6FC,
    0xE6FC, 0xE6FC, 0xE6FC, 0xE6FC, 0xE6FC, 0xE6FC, 0xE6FC, 0xE6FC, 0xE6FC, 0xE6FC, 0xE6FC, 0xE6FC, 0xE6FC, 0xE6FC, 0xE6FC, 0xE6FC,
    0x4A49, 0x0000, 0x0000, 0x0000, 0x0000, 0x0000, 0x0000, 0x0000, 0x0000, 0x0000, 0x0000, 0x0000, 0x0000, 0x0000, 0x0000, 0x0000,
    0x0000, 0x0000, 0x0000, 0x0000, 0x0000, 0x0000, 0x0000, 0x0000, 0x0000, 0x0000, 0x0000, 0x0000, 0x0000, 0x0000, 0x4A49, 0x8C72,
    0x8C72, 0x8C72, 0x8C72, 0x8C72, 0x8C72, 0x8C72, 0x8C72, 0x8C72, 0x8C72, 0x8C72, 0x8C72, 0x8C72, 0x8C72, 0x8C72, 0x8C72, 0x8C72,
    0x8C72, 0x8C72, 0x8C72, 0x8C72, 0x8C72, 0x8C72, 0x8C72, 0x8C72, 0x8C72, 0x8C72, 0x8C72, 0x8C72, 0x8C72, 0x8C72, 0x8C72, 0x8C72,
    0x8C72, 0x8C72, 0x8C72, 0x8C72, 0x8C72, 0x8C72, 0x8C72, 0x8C72, 0x8C72, 0x8C72, 0x8C72, 0x8C72, 0x8C72, 0x8C72, 0x8C72, 0x8C72,
    0x8C72, 0x6B4D, 0x0000, 0x0000, 0x0000, 0x0000, 0x0000, 0x0000, 0x0000, 0x0000, 0x0000, 0x0000, 0x0000, 0x0000, 0x0000, 0x0000,
    0x0000, 0x0000, 0x0000, 0x0000, 0x0000, 0x0000, 0x0000, 0x0000, 0x0000, 0x0000, 0x0000, 0x0000, 0x0000, 0x0000, 0x0000, 0x0000,
    0x4A49, 0xE6FC, 0xE6FC, 0xE6FC, 0xE6FC, 0xE6FC, 0xE6FC, 0xE6FC, 0xE6FC, 0xE6FC, 0xE6FC, 0xE6FC, 0xE6FC, 0xE6FC, 0xE6FC, 0xE6FC,
    0xE6FC, 0xE6FC, 0xE6FC, 0xE6FC, 0xE6FC, 0xE6FC, 0xE6FC, 0xE6FC, 0xE6FC, 0xE6FC, 0xE6FC, 0xE6FC, 0xE6FC, 0xE6FC, 0xE6FC, 0xE6FC,
    0xE6FC, 0xE6FC, 0xE6FC, 0xE6FC, 0xE6FC, 0xE6FC, 0xE6FC, 0xE6FC, 0xE6FC, 0xE6FC, 0xE6FC, 0xE6FC, 0xE6FC, 0xE6FC, 0xE6FC, 0xE6FC,
    0xE6FC, 0xE6FC, 0x6B4D, 0x0000, 0x0000, 0x0000, 0x0000, 0x0000, 0x0000, 0x0000, 0x0000, 0x0000, 0x0000, 0x0000, 0x0000, 0x0000,
    0x0000, 0x0000, 0x0000, 0x7067, 0xE8AF, 0xE8AF, 0xE8AF, 0xE8AF, 0xE8AF, 0xE8AF, 0xE8AF, 0xE8AF, 0xE8AF, 0xE8AF, 0xE8AF, 0xE8AF,
    0xE8AF, 0xE8AF, 0xE8AF, 0xE8AF, 0xE8AF, 0xE8AF, 0xE8AF, 0xE8AF, 0xE8AF, 0xE8AF, 0x3023, 0x0000, 0x0000, 0x0000, 0x0000, 0x0000,
    0x0000, 0x0000, 0xA88B, 0xE8AF, 0xE8AF, 0xE8AF, 0xE8AF, 0xE8AF, 0xE8AF, 0xE8AF, 0xE8AF, 0xE8AF, 0xE8AF, 0xE8AF, 0xE8AF, 0xE8AF,
    0xE8AF, 0xE8AF, 0xE8AF, 0xE8AF, 0xE8AF, 0xE8AF, 0xE8AF, 0xE8AF, 0xE8AF, 0x0000, 0x0000, 0x0000, 0x0000, 0x0000, 0x0000, 0x0000,
    0x0000, 0x0000, 0x0000, 0x0000, 0x0000, 0x0000, 0x0000, 0x0000, 0x0000, 0x2965, 0xE6FC, 0xE6FC, 0xE6FC, 0xE6FC, 0xE6FC, 0xE6FC,
    0xE6FC, 0xE6FC, 0xE6FC, 0xE6FC, 0xE6FC, 0xE6FC, 0xE6FC, 0xE6FC, 0xE6FC, 0xE6FC, 0xE6FC, 0xE6FC, 0xE6FC, 0xE6FC, 0xE6FC, 0xE6FC,
    0xE6FC, 0xE6FC, 0xE6FC, 0xE6FC, 0xE6FC, 0xE6FC, 0xE6FC, 0xE6FC, 0xE6FC, 0xE6FC, 0xE6FC, 0xE6FC, 0xE6FC, 0xE6FC, 0xE6FC, 0xE6FC,
    0xE6FC, 0xE6FC, 0xE6FC, 0xE6FC, 0xE6FC, 0xE6FC, 0xE6FC, 0xE6FC, 0xE6FC, 0xE6FC, 0xE6FC, 0xAD55, 0x0000, 0x0000, 0x0000, 0x0000,
    0x0000, 0x0000, 0x0000, 0x0000, 0x0000, 0x0000, 0x0000, 0x0000, 0x0000, 0x0000, 0x0000, 0x0000, 0x0000, 0x0000, 0x0000, 0x0000,
    0x0000, 0x0000, 0x0000, 0x0000, 0x0000, 0x0000, 0x0000, 0x0000, 0x0000, 0x0000, 0x4A49, 0x8C72, 0x8C72, 0x8C72, 0x8C72, 0x8C72,
    0x8C72, 0x8C72, 0x8C72, 0x8C72, 0x8C72, 0x8C72, 0x8C72, 0x8C72, 0x8C72, 0x8C72, 0x8C72, 0x8C72, 0x8C72, 0x8C72, 0x8C72, 0x8C72,
    0x8C72, 0x8C72, 0x8C72, 0x8C72, 0x8C72, 0x8C72, 0x8C72, 0x8C72, 0x8C72, 0x8C72, 0x8C72, 0x8C72, 0x8C72, 0x8C72, 0x8C72, 0x8C72,
    0x8C72, 0x8C72, 0x8C72, 0x8C72, 0x8C72, 0x8C72, 0x8C72, 0x8C72, 0x8C72, 0x8C72, 0x8C72, 0x8C72, 0x8C72, 0x6B4D, 0x0000, 0x0000,
    0x0000, 0x0000, 0x0000, 0x0000, 0x0000, 0x0000, 0x0000, 0x0000, 0x0000, 0x0000, 0x0000, 0x0000, 0x0000, 0x0000, 0x0000, 0x0000,
    0x0000, 0x0000, 0x0000, 0x0000, 0x0000, 0x0000, 0x0000, 0x0000, 0x0000, 0x0000, 0x0000, 0x0000, 0x0000, 0xAD55, 0xE6FC, 0xE6FC,
    0xE6FC, 0xE6FC, 0xE6FC, 0xE6FC, 0xE6FC, 0xE6FC, 0xE6FC, 0xE6FC, 0xE6FC, 0xE6FC, 0xE6FC, 0xE6FC, 0xE6FC, 0xE6FC, 0xE6FC, 0xE6FC,
    0xE6FC, 0xE6FC, 0xE6FC, 0xE6FC, 0xE6FC, 0xE6FC, 0xE6FC, 0xE6FC, 0xE6FC, 0xE6FC, 0xE6FC, 0xE6FC, 0xE6FC, 0xE6FC, 0xE6FC, 0xE6FC,
    0xE6FC, 0xE6FC, 0xE6FC, 0xE6FC, 0xE6FC, 0xE6FC, 0xE6FC, 0xE6FC, 0xE6FC, 0xE6FC, 0xE6FC, 0xE6FC, 0xE6FC, 0xE6FC, 0xE6FC, 0x2965,
    0x0000, 0x0000, 0x0000, 0x0000, 0x0000, 0x0000, 0x0000, 0x0000, 0x0000, 0x0000, 0x0000, 0x0000, 0x0000, 0x0000, 0x0000, 0x0000,
    0xA88B, 0xE8AF, 0xE8AF, 0xE8AF, 0xE8AF, 0xE8AF, 0xE8AF, 0xE8AF, 0xE8AF, 0xE8AF, 0xE8AF, 0xE8AF, 0xE8AF, 0xE8AF, 0xE8AF, 0xE8AF,
    0xE8AF, 0xE8AF, 0xE8AF, 0xE8AF, 0xE8AF, 0xE8AF, 0xA88B, 0x0000, 0x0000, 0x0000, 0x0000, 0x0000, 0x0000, 0x7067, 0xE8AF, 0xE8AF,
    0xE8AF, 0xE8AF, 0xE8AF, 0xE8AF, 0xE8AF, 0xE8AF, 0xE8AF, 0xE8AF, 0xE8AF, 0xE8AF, 0xE8AF, 0xE8AF, 0xE8AF, 0xE8AF, 0xE8AF, 0xE8AF,
    0xE8AF, 0xE8AF, 0xE8AF, 0xE8AF, 0x3023, 0x0000, 0x0000, 0x0000, 0x0000, 0x0000, 0x0000, 0x0000, 0x0000, 0x0000, 0x0000, 0x0000,
    0x0000, 0x0000, 0x0000, 0x0000, 0x0000, 0xAD55, 0xE6FC, 0xE6FC, 0xE6FC, 0xE6FC, 0xE6FC, 0xE6FC, 0xE6FC, 0xE6FC, 0xE6FC, 0xE6FC,
    0xE6FC, 0xE6FC, 0xE6FC, 0xE6FC, 0xE6FC, 0xE6FC, 0xE6FC, 0xE6FC, 0xE6FC, 0xE6FC, 0xE6FC, 0xE6FC, 0xE6FC, 0xE6FC, 0xE6FC, 0xE6FC,
    0xE6FC, 0xE6FC, 0xE6FC, 0xE6FC, 0xE6FC, 0xE6FC, 0xE6FC, 0xE6FC, 0xE6FC, 0xE6FC, 0xE6FC, 0xE6FC, 0xE6FC, 0xE6FC, 0xE6FC, 0xE6FC,
    0xE6FC, 0xE6FC, 0xE6FC, 0xE6FC, 0xE6FC, 0xE6FC, 0xD659, 0x2965, 0x0000, 0x0000, 0x0000, 0x0000, 0x0000, 0x0000, 0x0000, 0x0000,
    0x0000, 0x0000, 0x0000, 0x0000, 0x0000, 0x0000, 0x0000, 0x0000, 0x0000, 0x0000, 0x0000, 0x0000, 0x0000, 0x0000, 0x0000, 0x0000,
    0x0000, 0x0000, 0x0000, 0x0000, 0x0000, 0x0000, 0x4A49, 0x8C72, 0x8C72, 0x8C72, 0x8C72, 0x8C72, 0x8C72, 0x8C72, 0x8C72, 0x8C72,
    0x8C72, 0x8C72, 0x8C72, 0x8C72, 0x8C72, 0x8C72, 0x8C72, 0x8C72, 0x8C72, 0x8C72, 0x8C72, 0x8C72, 0x8C72, 0x8C72, 0x8C72, 0x8C72,
    0x8C72, 0x8C72, 0x8C72, 0x8C72, 0x8C72, 0x8C72, 0x8C72, 0x8C72, 0x8C72, 0x8C72, 0x8C72, 0x8C72, 0x8C72, 0x8C72, 0x8C72, 0x8C72,
    0x8C72, 0x8C72, 0x8C72, 0x8C72, 0x8C72, 0x8C72, 0x8C72, 0x8C72, 0x8C72, 0x6B4D, 0x0000, 0x0000, 0x0000, 0x0000, 0x0000, 0x0000,
    0x0000, 0x0000, 0x0000, 0x0000, 0x0000, 0x0000, 0x0000, 0x0000, 0x0000, 0x0000, 0x0000, 0x0000, 0x0000, 0x0000, 0x0000, 0x0000,
    0x0000, 0x0000, 0x0000, 0x0000, 0x0000, 0x0000, 0x0000, 0x0000, 0x0000, 0x2965, 0xD659, 0xE6FC, 0xE6FC, 0xE6FC, 0xE6FC, 0xE6FC,
    0xE6FC, 0xE6FC, 0xE6FC, 0xE6FC, 0xE6FC, 0xE6FC, 0xE6FC, 0xE6FC, 0xE6FC, 0xE6FC, 0xE6FC, 0xE6FC, 0xE6FC, 0xE6FC, 0xE6FC, 0xE6FC,
    0xE6FC, 0xE6FC, 0xE6FC, 0xE6FC, 0xE6FC, 0xE6FC, 0xE6FC, 0xE6FC, 0xE6FC, 0xE6FC, 0xE6FC, 0xE6FC, 0xE6FC, 0xE6FC, 0xE6FC, 0xE6FC,
    0xE6FC, 0xE6FC, 0xE6FC, 0xE6FC, 0xE6FC, 0xE6FC, 0xE6FC, 0xE6FC, 0xE6FC, 0xE6FC, 0xE6FC, 0xAD55, 0x0000, 0x0000, 0x0000, 0x0000,
    0x0000, 0x0000, 0x0000, 0x0000, 0x0000, 0x0000, 0x0000, 0x0000, 0x0000, 0x0000, 0x0000, 0x0000, 0x3023, 0xE8AF, 0xE8AF, 0xE8AF,
    0xE8AF, 0xE8AF, 0xE8AF, 0xE8AF, 0xE8AF, 0xE8AF, 0xE8AF, 0xE8AF, 0xE8AF, 0xE8AF, 0xE8AF, 0xE8AF, 0xE8AF, 0xE8AF, 0xE8AF, 0xE8AF,
    0xE8AF, 0xE8AF, 0xE8AF, 0x3023, 0x0000, 0x0000, 0x0000, 0x0000, 0x3023, 0xE8AF, 0xE8AF, 0xE8AF, 0xE8AF, 0xE8AF, 0xE8AF, 0xE8AF,
    0xE8AF, 0xE8AF, 0xE8AF, 0xE8AF, 0xE8AF, 0xE8AF, 0xE8AF, 0xE8AF, 0xE8AF, 0xE8AF, 0xE8AF, 0xE8AF, 0xE8AF, 0xE8AF, 0xE8AF, 0xA88B,
    0x0000, 0x0000, 0x0000, 0x0000, 0x0000, 0x0000, 0x0000, 0x0000, 0x0000, 0x0000, 0x0000, 0x0000, 0x0000, 0x0000, 0x0000, 0x0000,
    0x6B4D, 0xE6FC, 0xE6FC, 0xE6FC, 0xE6FC, 0xE6FC, 0xE6FC, 0xE6FC, 0xE6FC, 0xE6FC, 0xE6FC, 0xE6FC, 0xE6FC, 0xE6FC, 0xE6FC, 0xE6FC,
    0xE6FC, 0xE6FC, 0xE6FC, 0xE6FC, 0xE6FC, 0xE6FC, 0xE6FC, 0xE6FC, 0xE6FC, 0xE6FC, 0xE6FC, 0xE6FC, 0xE6FC, 0xE6FC, 0xE6FC, 0xE6FC,
    0xE6FC, 0xE6FC, 0xE6FC, 0xE6FC, 0xE6FC, 0xE6FC, 0xE6FC, 0xE6FC, 0xE6FC, 0xE6FC, 0xE6FC, 0xE6FC, 0xE6FC, 0xE6FC, 0xE6FC, 0xE6FC,
    0xE6FC, 0xE6FC, 0x6B4D, 0x0000, 0x0000, 0x0000, 0x0000, 0x0000, 0x0000, 0x0000, 0x0000, 0x0000, 0x0000, 0x0000, 0x0000, 0x0000,
    0x0000, 0x0000, 0x0000, 0x0000, 0x0000, 0x0000, 0x0000, 0x0000, 0x0000, 0x0000, 0x0000, 0x0000, 0x0000, 0x0000, 0x0000, 0x0000,
    0x0000, 0x0000, 0x4A49, 0x8C72, 0x8C72, 0x8C72, 0x8C72, 0x8C72, 0x8C72, 0x8C72, 0x8C72, 0x8C72, 0x8C72, 0x8C72, 0x8C72, 0x8C72,
    0x8C72, 0x8C72, 0x8C72, 0x8C72, 0x8C72, 0x8C72, 0x8C72, 0x8C72, 0x8C72, 0x8C72, 0x8C72, 0x8C72, 0x8C72, 0x8C72, 0x8C72, 0x8C72,
    0x8C72, 0x8C72, 0x8C72, 0x8C72, 0x8C72, 0x8C72, 0x8C72, 0x8C72, 0x8C72, 0x8C72, 0x8C72, 0x8C72, 0x8C72, 0x8C72, 0x8C72, 0x8C72,
    0x8C72, 0x8C72, 0x8C72, 0x8C72, 0x8C72, 0x6B4D, 0x0000, 0x0000, 0x0000, 0x0000, 0x0000, 0x0000, 0x0000, 0x0000, 0x0000, 0x0000,
    0x0000, 0x0000, 0x0000, 0x0000, 0x0000, 0x0000, 0x0000, 0x0000, 0x0000, 0x0000, 0x0000, 0x0000, 0x0000, 0x0000, 0x0000, 0x0000,
    0x0000, 0x0000, 0x0000, 0x0000, 0x0000, 0x0000, 0x6B4D, 0xE6FC, 0xE6FC, 0xE6FC, 0xE6FC, 0xE6FC, 0xE6FC, 0xE6FC, 0xE6FC, 0xE6FC,
    0xE6FC, 0xE6FC, 0xE6FC, 0xE6FC, 0xE6FC, 0xE6FC, 0xE6FC, 0xE6FC, 0xE6FC, 0xE6FC, 0xE6FC, 0xE6FC, 0xE6FC, 0xE6FC, 0xE6FC, 0xE6FC,
    0xE6FC, 0xE6FC, 0xE6FC, 0xE6FC, 0xE6FC, 0xE6FC, 0xE6FC, 0xE6FC, 0xE6FC, 0xE6FC, 0xE6FC, 0xE6FC, 0xE6FC, 0xE6FC, 0xE6FC, 0xE6FC,
    0xE6FC, 0xE6FC, 0xE6FC, 0xE6FC, 0xE6FC, 0xE6FC, 0xE6FC, 0xE6FC, 0x6B4D, 0x0000, 0x0000, 0x0000, 0x0000, 0x0000, 0x0000, 0x0000,
    0x0000, 0x0000, 0x0000, 0x0000, 0x0000, 0x0000, 0x0000, 0x0000, 0x0000, 0x7067, 0xE8AF, 0xE8AF, 0xE8AF, 0xE8AF, 0xE8AF, 0xE8AF,
    0xE8AF, 0xE8AF, 0xE8AF, 0xE8AF, 0xE8AF, 0xE8AF, 0xE8AF, 0xE8AF, 0xE8AF, 0xE8AF, 0xE8AF, 0xE8AF, 0xE8AF, 0xE8AF, 0xE8AF, 0xE8AF,
    0x0000, 0x0000, 0x0000, 0x0000, 0xA88B, 0xE8AF, 0xE8AF, 0xE8AF, 0xE8AF, 0xE8AF, 0xE8AF, 0xE8AF, 0xE8AF, 0xE8AF, 0xE8AF, 0xE8AF,
    0xE8AF, 0xE8AF, 0xE8AF, 0xE8AF, 0xE8AF, 0xE8AF, 0xE8AF, 0xE8AF, 0xE8AF, 0xE8AF, 0xE8AF, 0x0000, 0x0000, 0x0000, 0x0000, 0x0000,
    0x0000, 0x0000, 0x0000, 0x0000, 0x0000, 0x0000, 0x0000, 0x0000, 0x0000, 0x0000, 0x0000, 0x2965, 0xD659, 0xE6FC, 0xE6FC, 0xE6FC,
    0xE6FC, 0xE6FC, 0xE6FC, 0xE6FC, 0xE6FC, 0xE6FC, 0xE6FC, 0xE6FC, 0xE6FC, 0xE6FC, 0xE6FC, 0xE6FC, 0xE6FC, 0xE6FC, 0xE6FC, 0xE6FC,
    0xE6FC, 0xE6FC, 0xE6FC, 0xE6FC, 0xE6FC, 0xE6FC, 0xE6FC, 0xE6FC, 0xE6FC, 0xE6FC, 0xE6FC, 0xE6FC, 0xE6FC, 0xE6FC, 0xE6FC, 0xE6FC,
    0xE6FC, 0xE6FC, 0xE6FC, 0xE6FC, 0xE6FC, 0xE6FC, 0xE6FC, 0xE6FC, 0xE6FC, 0xE6FC, 0xE6FC, 0xE6FC, 0xE6FC, 0xAD55, 0x0000, 0x0000,
    0x0000, 0x0000, 0x0000, 0x0000, 0x0000, 0x0000, 0x0000, 0x0000, 0x0000, 0x0000, 0x0000, 0x0000, 0x0000, 0x0000, 0x0000, 0x0000,
    0x0000, 0x0000, 0x0000, 0x0000, 0x0000, 0x0000, 0x0000, 0x0000, 0x0000, 0x0000, 0x0000, 0x0000, 0x0000, 0x0000, 0x4A49, 0x8C72,
    0x8C72, 0x8C72, 0x8C72, 0x8C72, 0x8C72, 0x8C72, 0x8C72, 0x8C72, 0x8C72, 0x8C72, 0x8C72, 0x8C72, 0x8C72, 0x8C72, 0x8C72, 0x8C72,
    0x8C72, 0x8C72, 0x8C72, 0x8C72, 0x8C72, 0x8C72, 0x8C72, 0x8C72, 0x8C72, 0x8C72, 0x8C72, 0x8C72, 0x8C72, 0x8C72, 0x8C72, 0x8C72,
    0x8C72, 0x8C72, 0x8C72, 0x8C72, 0x8C72, 0x8C72, 0x8C72, 0x8C72, 0x8C72, 0x8C72, 0x8C72, 0x8C72, 0x8C72, 0x8C72, 0x8C72, 0x8C72,
    0x8C72, 0x6B4D, 0x0000, 0x0000, 0x0000, 0x0000, 0x0000, 0x0000, 0x0000, 0x0000, 0x0000, 0x0000, 0x0000, 0x0000, 0x0000, 0x0000,
    0x0000, 0x0000, 0x0000, 0x0000, 0x0000, 0x0000, 0x0000, 0x0000, 0x0000, 0x0000, 0x0000, 0x0000, 0x0000, 0x0000, 0x0000, 0x0000,
    0x0000, 0x0000, 0x0000, 0xAD55, 0xE6FC, 0xE6FC, 0xE6FC, 0xE6FC, 0xE6FC, 0xE6FC, 0xE6FC, 0xE6FC, 0xE6FC, 0xE6FC, 0xE6FC, 0xE6FC,
    0xE6FC, 0xE6FC, 0xE6FC, 0xE6FC, 0xE6FC, 0xE6FC, 0xE6FC, 0xE6FC, 0xE6FC, 0xE6FC, 0xE6FC, 0xE6FC, 0xE6FC, 0xE6FC, 0xE6FC, 0xE6FC,
    0xE6FC, 0xE6FC, 0xE6FC, 0xE6FC, 0xE6FC, 0xE6FC, 0xE6FC, 0xE6FC, 0xE6FC, 0xE6FC, 0xE6FC, 0xE6FC, 0xE6FC, 0xE6FC, 0xE6FC, 0xE6FC,
    0xE6FC, 0xE6FC, 0xE6FC, 0xE6FC, 0xD659, 0x2965, 0x0000, 0x0000, 0x0000, 0x0000, 0x0000, 0x0000, 0x0000, 0x0000, 0x0000, 0x0000,
    0x0000, 0x0000, 0x0000, 0x0000, 0x0000, 0x0000, 0xE8AF, 0xE8AF, 0xE8AF, 0xE8AF, 0xE8AF, 0xE8AF, 0xE8AF, 0xE8AF, 0xE8AF, 0xE8AF,
    0xE8AF, 0xE8AF, 0xE8AF, 0xE8AF, 0xE8AF, 0xE8AF, 0xE8AF, 0xE8AF, 0xE8AF, 0xE8AF, 0xE8AF, 0xE8AF, 0x7067, 0x0000, 0x0000, 0x3023,
    0xE8AF, 0xE8AF, 0xE8AF, 0xE8AF, 0xE8AF, 0xE8AF, 0xE8AF, 0xE8AF, 0xE8AF, 0xE8AF, 0xE8AF, 0xE8AF, 0xE8AF, 0xE8AF, 0xE8AF, 0xE8AF,
    0xE8AF, 0xE8AF, 0xE8AF, 0xE8AF, 0xE8AF, 0xE8AF, 0x3023, 0x0000, 0x0000, 0x0000, 0x0000, 0x0000, 0x0000, 0x0000, 0x0000, 0x0000,
    0x0000, 0x0000, 0x0000, 0x0000, 0x0000, 0x0000, 0x0000, 0xAD55, 0xE6FC, 0xE6FC, 0xE6FC, 0xE6FC, 0xE6FC, 0xE6FC, 0xE6FC, 0xE6FC,
    0xE6FC, 0xE6FC, 0xE6FC, 0xE6FC, 0xE6FC, 0xE6FC, 0xE6FC, 0xE6FC, 0xE6FC, 0xE6FC, 0xE6FC, 0xE6FC, 0xE6FC, 0xE6FC, 0xE6FC, 0xE6FC,
    0xE6FC, 0xE6FC, 0xE6FC, 0xE6FC, 0xE6FC, 0xE6FC, 0xE6FC, 0xE6FC, 0xE6FC, 0xE6FC, 0xE6FC, 0xE6FC, 0xE6FC, 0xE6FC, 0xE6FC, 0xE6FC,
    0xE6FC, 0xE6FC, 0xE6FC, 0xE6FC, 0xE6FC, 0xE6FC, 0xE6FC, 0xE6FC, 0xD659, 0x2965, 0x0000, 0x0000, 0x0000, 0x0000, 0x0000, 0x0000,
    0x0000, 0x0000, 0x0000, 0x0000, 0x0000, 0x0000, 0x0000, 0x0000, 0x0000, 0x0000, 0x0000, 0x0000, 0x0000, 0x0000, 0x0000, 0x0000,
    0x0000, 0x0000, 0x0000, 0x0000, 0x0000, 0x0000, 0x0000, 0x0000, 0x0000, 0x0000, 0x4A49, 0x8C72, 0x8C72, 0x8C72, 0x8C72, 0x8C72,
    0x8C72, 0x8C72, 0x8C72, 0x8C72, 0x8C72, 0x8C72, 0x8C72, 0x8C72, 0x8C72, 0x8C72, 0x8C72, 0x8C72, 0x8C72, 0x8C72, 0x8C72, 0x8C72,
    0x8C72, 0x8C72, 0x8C72, 0x8C72, 0x8C72, 0x8C72, 0x8C72, 0x8C72, 0x8C72, 0x8C72, 0x8C72, 0x8C72, 0x8C72, 0x8C72, 0x8C72, 0x8C72,
    0x8C72, 0x8C72, 0x8C72, 0x8C72, 0x8C72, 0x8C72, 0x8C72, 0x8C72, 0x8C72, 0x8C72, 0x8C72, 0x8C72, 0x8C72, 0x6B4D, 0x0000, 0x0000,
    0x0000, 0x0000, 0x0000, 0x0000, 0x0000, 0x0000, 0x0000, 0x0000, 0x0000, 0x0000, 0x0000, 0x0000, 0x0000, 0x0000, 0x0000, 0x0000,
    0x0000, 0x0000, 0x0000, 0x0000, 0x0000, 0x0000, 0x0000, 0x0000, 0x0000, 0x0000, 0x0000, 0x0000, 0x0000, 0x0000, 0x0000, 0x2965,
    0xD659, 0xE6FC, 0xE6FC, 0xE6FC, 0xE6FC, 0xE6FC, 0xE6FC, 0xE6FC, 0xE6FC, 0xE6FC, 0xE6FC, 0xE6FC, 0xE6FC, 0xE6FC, 0xE6FC, 0xE6FC,
    0xE6FC, 0xE6FC, 0xE6FC, 0xE6FC, 0xE6FC, 0xE6FC, 0xE6FC, 0xE6FC, 0xE6FC, 0xE6FC, 0xE6FC, 0xE6FC, 0xE6FC, 0xE6FC, 0xE6FC, 0xE6FC,
    0xE6FC, 0xE6FC, 0xE6FC, 0xE6FC, 0xE6FC, 0xE6FC, 0xE6FC, 0xE6FC, 0xE6FC, 0xE6FC, 0xE6FC, 0xE6FC, 0xE6FC, 0xE6FC, 0xE6FC, 0xE6FC,
    0xE6FC, 0x9CD3, 0x0000, 0x0000, 0x0000, 0x0000, 0x0000, 0x0000, 0x0000, 0x0000, 0x0000, 0x0000, 0x0000, 0x0000, 0x0000, 0x0000,
    0x0000, 0x0000, 0x3023, 0xE8AF, 0xE8AF, 0xE8AF, 0xE8AF, 0xE8AF, 0xE8AF, 0xE8AF, 0xE8AF, 0xE8AF, 0xE8AF, 0xE8AF, 0xE8AF, 0xE8AF,
    0xE8AF, 0xE8AF, 0xE8AF, 0xE8AF, 0xE8AF, 0xE8AF, 0xE8AF, 0xE8AF, 0xE8AF, 0x3023, 0x0000, 0xE8AF, 0xE8AF, 0xE8AF, 0xE8AF, 0xE8AF,
    0xE8AF, 0xE8AF, 0xE8AF, 0xE8AF, 0xE8AF, 0xE8AF, 0xE8AF, 0xE8AF, 0xE8AF, 0xE8AF, 0xE8AF, 0xE8AF, 0xE8AF, 0xE8AF, 0xE8AF, 0xE8AF,
    0xE8AF, 0xA88B, 0x0000, 0x0000, 0x0000, 0x0000, 0x0000, 0x0000, 0x0000, 0x0000, 0x0000, 0x0000, 0x0000, 0x0000, 0x0000, 0x0000,
    0x0000, 0x0000, 0x4A49, 0xE6FC, 0xE6FC, 0xE6FC, 0xE6FC, 0xE6FC, 0xE6FC, 0xE6FC, 0xE6FC, 0xE6FC, 0xE6FC, 0xE6FC, 0xE6FC, 0xE6FC,
    0xE6FC, 0xE6FC, 0xE6FC, 0xE6FC, 0xE6FC, 0xE6FC, 0xE6FC, 0xE6FC, 0xE6FC, 0xE6FC, 0xE6FC, 0xE6FC, 0xE6FC, 0xE6FC, 0xE6FC, 0xE6FC,
    0xE6FC, 0xE6FC, 0xE6FC, 0xE6FC, 0xE6FC, 0xE6FC, 0xE6FC, 0xE6FC, 0xE6FC, 0xE6FC, 0xE6FC, 0xE6FC, 0xE6FC, 0xE6FC, 0xE6FC, 0xE6FC,
    0xE6FC, 0xE6FC, 0xE6FC, 0xE6FC, 0x6B4D, 0x0000, 0x0000, 0x0000, 0x0000, 0x0000, 0x0000, 0x0000, 0x0000, 0x0000, 0x0000, 0x0000,
    0x0000, 0x0000, 0x0000, 0x0000, 0x0000, 0x0000, 0x0000, 0x0000, 0x0000, 0x0000, 0x0000, 0x0000, 0x0000, 0x0000, 0x0000, 0x0000,
    0x0000, 0x0000, 0x0000, 0x0000, 0x0000, 0x0000, 0x4A49, 0x8C72, 0x8C72, 0x8C72, 0x8C72, 0x8C72, 0x8C72, 0x8C72, 0x8C72, 0x8C72,
    0x8C72, 0x8C72, 0x8C72, 0x8C72, 0x8C72, 0x8C72, 0x8C72, 0x8C72, 0x8C72, 0x8C72, 0x8C72, 0x8C72, 0x8C72, 0x8C72, 0x8C72, 0x8C72,
    0x8C72, 0x8C72, 0x8C72, 0x8C72, 0x8C72, 0x8C72, 0x8C72, 0x8C72, 0x8C72, 0x8C72, 0x8C72, 0x8C72, 0x8C72, 0x8C72, 0x8C72, 0x8C72,
    0x8C72, 0x8C72, 0x8C72, 0x8C72, 0x8C72, 0x8C72, 0x8C72, 0x8C72, 0x8C72, 0x6B4D, 0x0000, 0x0000, 0x0000, 0x0000, 0x0000, 0x0000,
    0x0000, 0x0000, 0x0000, 0x0000, 0x0000, 0x0000, 0x0000, 0x0000, 0x0000, 0x0000, 0x0000, 0x0000, 0x0000, 0x0000, 0x0000, 0x0000,
    0x0000, 0x0000, 0x0000, 0x0000, 0x0000, 0x0000, 0x0000, 0x0000, 0x0000, 0x0000, 0x0000, 0x0000, 0x6B4D, 0xE6FC, 0xE6FC, 0xE6FC,
    0xE6FC, 0xE6FC, 0xE6FC, 0xE6FC, 0xE6FC, 0xE6FC, 0xE6FC, 0xE6FC, 0xE6FC, 0xE6FC, 0xE6FC, 0xE6FC, 0xE6FC, 0xE6FC, 0xE6FC, 0xE6FC,
    0xE6FC, 0xE6FC, 0xE6FC, 0xE6FC, 0xE6FC, 0xE6FC, 0xE6FC, 0xE6FC, 0xE6FC, 0xE6FC, 0xE6FC, 0xE6FC, 0xE6FC, 0xE6FC, 0xE6FC, 0xE6FC,
    0xE6FC, 0xE6FC, 0xE6FC, 0xE6FC, 0xE6FC, 0xE6FC, 0xE6FC, 0xE6FC, 0xE6FC, 0xE6FC, 0xE6FC, 0xE6FC, 0xE6FC, 0xE6FC, 0x4A49, 0x0000,
    0x0000, 0x0000, 0x0000, 0x0000, 0x0000, 0x0000, 0x0000, 0x0000, 0x0000, 0x0000, 0x0000, 0x0000, 0x0000, 0x0000, 0x0000, 0xA88B,
    0xE8AF, 0xE8AF, 0xE8AF, 0xE8AF, 0xE8AF, 0xE8AF, 0xE8AF, 0xE8AF, 0xE8AF, 0xE8AF, 0xE8AF, 0xE8AF, 0xE8AF, 0xE8AF, 0xE8AF, 0xE8AF,
    0xE8AF, 0xE8AF, 0xE8AF, 0xE8AF, 0xE8AF, 0xA88B, 0x7067, 0xE8AF, 0xE8AF, 0xE8AF, 0xE8AF, 0xE8AF, 0xE8AF, 0xE8AF, 0xE8AF, 0xE8AF,
    0xE8AF, 0xE8AF, 0xE8AF, 0xE8AF, 0xE8AF, 0xE8AF, 0xE8AF, 0xE8AF, 0xE8AF, 0xE8AF, 0xE8AF, 0xE8AF, 0xE8AF, 0x3023, 0x0000, 0x0000,
    0x0000, 0x0000, 0x0000, 0x0000, 0x0000, 0x0000, 0x0000, 0x0000, 0x0000, 0x0000, 0x0000, 0x0000, 0x0000, 0x0000, 0xD659, 0xE6FC,
    0xE6FC, 0xE6FC, 0xE6FC, 0xE6FC, 0xE6FC, 0xE6FC, 0xE6FC, 0xE6FC, 0xE6FC, 0xE6FC, 0xE6FC, 0xE6FC, 0xE6FC, 0xE6FC, 0xE6FC, 0xE6FC,
    0xE6FC, 0xE6FC, 0xE6FC, 0xE6FC, 0xE6FC, 0xE6FC, 0xE6FC, 0xE6FC, 0xE6FC, 0xE6FC, 0xE6FC, 0xE6FC, 0xE6FC, 0xE6FC, 0xE6FC, 0xE6FC,
    0xE6FC, 0xE6FC, 0xE6FC, 0xE6FC, 0xE6FC, 0xE6FC, 0xE6FC, 0xE6FC, 0xE6FC, 0xE6FC, 0xE6FC, 0xE6FC, 0xE6FC, 0xE6FC, 0xE6FC, 0xAD55,
    0x0000, 0x0000, 0x0000, 0x0000, 0x0000, 0x0000, 0x0000, 0x0000, 0x0000, 0x0000, 0x0000, 0x0000, 0x0000, 0x0000, 0x0000, 0x0000,
    0x0000, 0x0000, 0x0000, 0x0000, 0x0000, 0x0000, 0x0000, 0x0000, 0x0000, 0x0000, 0x0000, 0x0000, 0x0000, 0x0000, 0x0000, 0x0000,
    0x0000, 0x0000, 0x4A49, 0x8C72, 0x8C72, 0x8C72, 0x8C72, 0x8C72, 0x8C72, 0x8C72, 0x8C72, 0x8C72, 0x8C72, 0x8C72, 0x8C72, 0x8C72,
    0x8C72, 0x8C72, 0x8C72, 0x8C72, 0x8C72, 0x8C72, 0x8C72, 0x8C72, 0x8C72, 0x8C72, 0x8C72, 0x8C72, 0x8C72, 0x8C72, 0x8C72, 0x8C72,
    0x8C72, 0x8C72, 0x8C72, 0x8C72, 0x8C72, 0x8C72, 0x8C72, 0x8C72, 0x8C72, 0x8C72, 0x8C72, 0x8C72, 0x8C72, 0x8C72, 0x8C72, 0x8C72,
    0x8C72, 0x8C72, 0x8C72, 0x8C72, 0x8C72, 0x6B4D, 0x0000, 0x0000, 0x0000, 0x0000, 0x0000, 0x0000, 0x0000, 0x0000, 0x0000, 0x0000,
    0x0000, 0x0000, 0x0000, 0x0000, 0x0000, 0x0000, 0x0000, 0x0000, 0x0000, 0x0000, 0x0000, 0x0000, 0x0000, 0x0000, 0x0000, 0x0000,
    0x0000, 0x0000, 0x0000, 0x0000, 0x0000, 0x0000, 0x0000, 0x0000, 0x0000, 0xAD55, 0xE6FC, 0xE6FC, 0xE6FC, 0xE6FC, 0xE6FC, 0xE6FC,
    0xE6FC, 0xE6FC, 0xE6FC, 0xE6FC, 0xE6FC, 0xE6FC, 0xE6FC, 0xE6FC, 0xE6FC, 0xE6FC, 0xE6FC, 0xE6FC, 0xE6FC, 0xE6FC, 0xE6FC, 0xE6FC,
    0xE6FC, 0xE6FC, 0xE6FC, 0xE6FC, 0xE6FC, 0xE6FC, 0xE6FC, 0xE6FC, 0xE6FC, 0xE6FC, 0xE6FC, 0xE6FC, 0xE6FC, 0xE6FC, 0xE6FC, 0xE6FC,
    0xE6FC, 0xE6FC, 0xE6FC, 0xE6FC, 0xE6FC, 0xE6FC, 0xE6FC, 0xE6FC, 0xE6FC, 0xE6FC, 0xD659, 0x0000, 0x0000, 0x0000, 0x0000, 0x0000,
    0x0000, 0x0000, 0x0000, 0x0000, 0x0000, 0x0000, 0x0000, 0x0000, 0x0000, 0x0000, 0x0000, 0x3023, 0xE8AF, 0xE8AF, 0xE8AF, 0xE8AF,
    0xE8AF, 0xE8AF, 0xE8AF, 0xE8AF, 0xE8AF, 0xE8AF, 0xE8AF, 0xE8AF, 0xE8AF, 0xE8AF, 0xE8AF, 0xE8AF, 0xE8AF, 0xE8AF, 0xE8AF, 0xE8AF,
    0xE8AF, 0xE8AF, 0xE8AF, 0xE8AF, 0xE8AF, 0xE8AF, 0xE8AF, 0xE8AF, 0xE8AF, 0xE8AF, 0xE8AF, 0xE8AF, 0xE8AF, 0xE8AF, 0xE8AF, 0xE8AF,
    0xE8AF, 0xE8AF, 0xE8AF, 0xE8AF, 0xE8AF, 0xE8AF, 0xE8AF, 0xE8AF, 0x7067, 0x0000, 0x0000, 0x0000, 0x0000, 0x0000, 0x0000, 0x0000,
    0x0000, 0x0000, 0x0000, 0x0000, 0x0000, 0x0000, 0x0000, 0x0000, 0x0000, 0x7BEF, 0xE6FC, 0xE6FC, 0xE6FC, 0xE6FC, 0xE6FC, 0xE6FC,
    0xE6FC, 0xE6FC, 0xE6FC, 0xE6FC, 0xE6FC, 0xE6FC, 0xE6FC, 0xE6FC, 0xE6FC, 0xE6FC, 0xE6FC, 0xE6FC, 0xE6FC, 0xE6FC, 0xE6FC, 0xE6FC,
    0xE6FC, 0xE6FC, 0xE6FC, 0xE6FC, 0xE6FC, 0xE6FC, 0xE6FC, 0xE6FC, 0xE6FC, 0xE6FC, 0xE6FC, 0xE6FC, 0xE6FC, 0xE6FC, 0xE6FC, 0xE6FC,
    0xE6FC, 0xE6FC, 0xE6FC, 0xE6FC, 0xE6FC, 0xE6FC, 0xE6FC, 0xE6FC, 0xE6FC, 0xE6FC, 0xD659, 0x2965, 0x0000, 0x0000, 0x0000, 0x0000,
    0x0000, 0x0000, 0x0000, 0x0000, 0x0000, 0x0000, 0x0000, 0x0000, 0x0000, 0x0000, 0x0000, 0x0000, 0x0000, 0x0000, 0x0000, 0x0000,
    0x0000, 0x0000, 0x0000, 0x0000, 0x0000, 0x0000, 0x0000, 0x0000, 0x0000, 0x0000, 0x0000, 0x0000, 0x0000, 0x0000, 0x4A49, 0x8C72,
    0x8C72, 0x8C72, 0x8C72, 0x8C72, 0x8C72, 0x8C72, 0x8C72, 0x8C72, 0x8C72, 0x8C72, 0x8C72, 0x8C72, 0x8C72, 0x8C72, 0x8C72, 0x8C72,
    0x8C72, 0x8C72, 0x8C72, 0x8C72, 0x8C72, 0x8C72, 0x8C72, 0x8C72, 0x8C72, 0x8C72, 0x8C72, 0x8C72, 0x8C72, 0x8C72, 0x8C72, 0x8C72,
    0x8C72, 0x8C72, 0x8C72, 0x8C72, 0x8C72, 0x8C72, 0x8C72, 0x8C72, 0x8C72, 0x8C72, 0x8C72, 0x8C72, 0x8C72, 0x8C72, 0x8C72, 0x8C72,
    0x8C72, 0x6B4D, 0x0000, 0x0000, 0x0000, 0x0000, 0x0000, 0x0000, 0x0000, 0x0000, 0x0000, 0x0000, 0x0000, 0x0000, 0x0000, 0x0000,
    0x0000, 0x0000, 0x0000, 0x0000, 0x0000, 0x0000, 0x0000, 0x0000, 0x0000, 0x0000, 0x0000, 0x0000, 0x0000, 0x0000, 0x0000, 0x0000,
    0x0000, 0x0000, 0x0000, 0x0000, 0x0000, 0x2965, 0xD659, 0xE6FC, 0xE6FC, 0xE6FC, 0xE6FC, 0xE6FC, 0xE6FC, 0xE6FC, 0xE6FC, 0xE6FC,
    0xE6FC, 0xE6FC, 0xE6FC, 0xE6FC, 0xE6FC, 0xE6FC, 0xE6FC, 0xE6FC, 0xE6FC, 0xE6FC, 0xE6FC, 0xE6FC, 0xE6FC, 0xE6FC, 0xE6FC, 0xE6FC,
    0xE6FC, 0xE6FC, 0xE6FC, 0xE6FC, 0xE6FC, 0xE6FC, 0xE6FC, 0xE6FC, 0xE6FC, 0xE6FC, 0xE6FC, 0xE6FC, 0xE6FC, 0xE6FC, 0xE6FC, 0xE6FC,
    0xE6FC, 0xE6FC, 0xE6FC, 0xE6FC, 0xE6FC, 0xE6FC, 0xE6FC, 0x7BEF, 0x0000, 0x0000, 0x0000, 0x0000, 0x0000, 0x0000, 0x0000, 0x0000,
    0x0000, 0x0000, 0x0000, 0x0000, 0x0000, 0x0000, 0x0000, 0x0000, 0x7067, 0xE8AF, 0xE8AF, 0xE8AF, 0xE8AF, 0xE8AF, 0xE8AF, 0xE8AF,
    0xE8AF, 0xE8AF, 0xE8AF, 0xE8AF, 0xE8AF, 0xE8AF, 0xE8AF, 0xE8AF, 0xE8AF, 0xE8AF, 0xE8AF, 0xE8AF, 0xE8AF, 0xE8AF, 0xE8AF, 0xE8AF,
    0xE8AF, 0xE8AF, 0xE8AF, 0xE8AF, 0xE8AF, 0xE8AF, 0xE8AF, 0xE8AF, 0xE8AF, 0xE8AF, 0xE8AF, 0xE8AF, 0xE8AF, 0xE8AF, 0xE8AF, 0xE8AF,
    0xE8AF, 0xE8AF, 0xE8AF, 0xA88B, 0x0000, 0x0000, 0x0000, 0x0000, 0x0000, 0x0000, 0x0000, 0x0000, 0x0000, 0x0000, 0x0000, 0x0000,
    0x0000, 0x0000, 0x0000, 0x0000, 0x2965, 0xE6FC, 0xE6FC, 0xE6FC, 0xE6FC, 0xE6FC, 0xE6FC, 0xE6FC, 0xE6FC, 0xE6FC, 0xE6FC, 0xE6FC,
    0xE6FC, 0xE6FC, 0xE6FC, 0xE6FC, 0xE6FC, 0xE6FC, 0xE6FC, 0xE6FC, 0xE6FC, 0xE6FC, 0xE6FC, 0xE6FC, 0xE6FC, 0xE6FC, 0xE6FC, 0xE6FC,
    0xE6FC, 0xE6FC, 0xE6FC, 0xE6FC, 0xE6FC, 0xE6FC, 0xE6FC, 0xE6FC, 0xE6FC, 0xE6FC, 0xE6FC, 0xE6FC, 0xE6FC, 0xE6FC, 0xE6FC, 0xE6FC,
    0xE6FC, 0xE6FC, 0xE6FC, 0xE6FC, 0xE6FC, 0xE6FC, 0x6B4D, 0x0000, 0x0000, 0x0000, 0x0000, 0x0000, 0x0000, 0x0000, 0x0000, 0x0000,
    0x0000, 0x0000, 0x0000, 0x0000, 0x0000, 0x0000, 0x0000, 0x0000, 0x0000, 0x0000, 0x0000, 0x0000, 0x0000, 0x0000, 0x0000, 0x0000,
    0x0000, 0x0000, 0x0000, 0x0000, 0x0000, 0x0000, 0x0000, 0x0000, 0x0000, 0x0000, 0x4A49, 0x8C72, 0x8C72, 0x8C72, 0x8C72, 0x8C72,
    0x8C72, 0x8C72, 0x8C72, 0x8C72, 0x8C72, 0x8C72, 0x8C72, 0x8C72, 0x8C72, 0x8C72, 0x8C72, 0x8C72, 0x8C72, 0x8C72, 0x8C72, 0x8C72,
    0x8C72, 0x8C72, 0x8C72, 0x8C72, 0x8C72, 0x8C72, 0x8C72, 0x8C72, 0x8C72, 0x8C72, 0x8C72, 0x8C72, 0x8C72, 0x8C72, 0x8C72, 0x8C72,
    0x8C72, 0x8C72, 0x8C72, 0x8C72, 0x8C72, 0x8C72, 0x8C72, 0x8C72, 0x8C72, 0x8C72, 0x8C72, 0x8C72, 0x8C72, 0x6B4D, 0x0000, 0x0000,
    0x0000, 0x0000, 0x0000, 0x0000, 0x0000, 0x0000, 0x0000, 0x0000, 0x0000, 0x0000, 0x0000, 0x0000, 0x0000, 0x0000, 0x0000, 0x0000,
    0x0000, 0x0000, 0x0000, 0x0000, 0x0000, 0x0000, 0x0000, 0x0000, 0x0000, 0x0000, 0x0000, 0x0000, 0x0000, 0x0000, 0x0000, 0x0000,
    0x0000, 0x0000, 0x6B4D, 0xE6FC, 0xE6FC, 0xE6FC, 0xE6FC, 0xE6FC, 0xE6FC, 0xE6FC, 0xE6FC, 0xE6FC, 0xE6FC, 0xE6FC, 0xE6FC, 0xE6FC,
    0xE6FC, 0xE6FC, 0xE6FC, 0xE6FC, 0xE6FC, 0xE6FC, 0xE6FC, 0xE6FC, 0xE6FC, 0xE6FC, 0xE6FC, 0xE6FC, 0xE6FC, 0xE6FC, 0xE6FC, 0xE6FC,
    0xE6FC, 0xE6FC, 0xE6FC, 0xE6FC, 0xE6FC, 0xE6FC, 0xE6FC, 0xE6FC, 0xE6FC, 0xE6FC, 0xE6FC, 0xE6FC, 0xE6FC, 0xE6FC, 0xE6FC, 0xE6FC,
    0xE6FC, 0xE6FC, 0xE6FC, 0xE6FC, 0x2965, 0x0000, 0x0000, 0x0000, 0x0000, 0x0000, 0x0000, 0x0000, 0x0000, 0x0000, 0x0000, 0x0000,
    0x0000, 0x0000, 0x0000, 0x0000, 0x0000, 0xA88B, 0xE8AF, 0xE8AF, 0xE8AF, 0xE8AF, 0xE8AF, 0xE8AF, 0xE8AF, 0xE8AF, 0xE8AF, 0xE8AF,
    0xE8AF, 0xE8AF, 0xE8AF, 0xE8AF, 0xE8AF, 0xE8AF, 0xE8AF, 0xE8AF, 0xE8AF, 0xE8AF, 0xE8AF, 0xE8AF, 0xE8AF, 0xE8AF, 0xE8AF, 0xE8AF,
    0xE8AF, 0xE8AF, 0xE8AF, 0xE8AF, 0xE8AF, 0xE8AF, 0xE8AF, 0xE8AF, 0xE8AF, 0xE8AF, 0xE8AF, 0xE8AF, 0xE8AF, 0xE8AF, 0xE8AF, 0x3023,
    0x0000, 0x0000, 0x0000, 0x0000, 0x0000, 0x0000, 0x0000, 0x0000, 0x0000, 0x0000, 0x0000, 0x0000, 0x0000, 0x0000, 0x0000, 0x0000,
    0xD659, 0xE6FC, 0xE6FC, 0xE6FC, 0xE6FC, 0xE6FC, 0xE6FC, 0xE6FC, 0xE6FC, 0xE6FC, 0xE6FC, 0xE6FC, 0xE6FC, 0xE6FC, 0xE6FC, 0xE6FC,
    0xE6FC, 0xE6FC, 0xE6FC, 0xE6FC, 0xE6FC, 0xE6FC, 0xE6FC, 0xE6FC, 0xE6FC, 0xE6FC, 0xE6FC, 0xE6FC, 0xE6FC, 0xE6FC, 0xE6FC, 0xE6FC,
    0xE6FC, 0xE6FC, 0xE6FC, 0xE6FC, 0xE6FC, 0xE6FC, 0xE6FC, 0xE6FC, 0xE6FC, 0xE6FC, 0xE6FC, 0xE6FC, 0xE6FC, 0xE6FC, 0xE6FC, 0xE6FC,
    0xE6FC, 0xAD55, 0x0000, 0x0000, 0x0000, 0x0000, 0x0000, 0x0000, 0x0000, 0x0000, 0x0000, 0x0000, 0x0000, 0x0000, 0x0000, 0x0000,
    0x0000, 0x0000, 0x0000, 0x0000, 0x0000, 0x0000, 0x0000, 0x0000, 0x0000, 0x0000, 0x0000, 0x0000, 0x0000, 0x0000, 0x0000, 0x0000,
    0x0000, 0x0000, 0x0000, 0x0000, 0x0000, 0x0000, 0x4A49, 0x8C72, 0x8C72, 0x8C72, 0x8C72, 0x8C72, 0x8C72, 0x8C72, 0x8C72, 0x8C72,
    0x8C72, 0x8C72, 0x8C72, 0x8C72, 0x8C72, 0x8C72, 0x8C72, 0x8C72, 0x8C72, 0x8C72, 0x8C72, 0x8C72, 0x8C72, 0x8C72, 0x8C72, 0x8C72,
    0x8C72, 0x8C72, 0x8C72, 0x8C72, 0x8C72, 0x8C72, 0x8C72, 0x8C72, 0x8C72, 0x8C72, 0x8C72, 0x8C72, 0x8C72, 0x8C72, 0x8C72, 0x8C72,
    0x8C72, 0x8C72, 0x8C72, 0x8C72, 0x8C72, 0x8C72, 0x8C72, 0x8C72, 0x8C72, 0x6B4D, 0x0000, 0x0000, 0x0000, 0x0000, 0x0000, 0x0000,
    0x0000, 0x0000, 0x0000, 0x0000, 0x0000, 0x0000, 0x0000, 0x0000, 0x0000, 0x0000, 0x0000, 0x0000, 0x0000, 0x0000, 0x0000, 0x0000,
    0x0000, 0x0000, 0x0000, 0x0000, 0x0000, 0x0000, 0x0000, 0x0000, 0x0000, 0x0000, 0x0000, 0x0000, 0x0000, 0x0000, 0x0000, 0xAD55,
    0xE6FC, 0xE6FC, 0xE6FC, 0xE6FC, 0xE6FC, 0xE6FC, 0xE6FC, 0xE6FC, 0xE6FC, 0xE6FC, 0xE6FC, 0xE6FC, 0xE6FC, 0xE6FC, 0xE6FC, 0xE6FC,
    0xE6FC, 0xE6FC, 0xE6FC, 0xE6FC, 0xE6FC, 0xE6FC, 0xE6FC, 0xE6FC, 0xE6FC, 0xE6FC, 0xE6FC, 0xE6FC, 0xE6FC, 0xE6FC, 0xE6FC, 0xE6FC,
    0xE6FC, 0xE6FC, 0xE6FC, 0xE6FC, 0xE6FC, 0xE6FC, 0xE6FC, 0xE6FC, 0xE6FC, 0xE6FC, 0xE6FC, 0xE6FC, 0xE6FC, 0xE6FC, 0xE6FC, 0xE6FC,
    0xAD55, 0x0000, 0x0000, 0x0000, 0x0000, 0x0000, 0x0000, 0x0000, 0x0000, 0x0000, 0x0000, 0x0000, 0x0000, 0x0000, 0x0000, 0x0000,
    0x0000, 0x3023, 0xE8AF, 0xE8AF, 0xE8AF, 0xE8AF, 0xE8AF, 0xE8AF, 0xE8AF, 0xE8AF, 0xE8AF, 0xE8AF, 0xE8AF, 0xE8AF, 0xE8AF, 0xE8AF,
    0xE8AF, 0xE8AF, 0xE8AF, 0xE8AF, 0xE8AF, 0xE8AF, 0xE8AF, 0xE8AF, 0xE8AF, 0xE8AF, 0xE8AF, 0xE8AF, 0xE8AF, 0xE8AF, 0xE8AF, 0xE8AF,
    0xE8AF, 0xE8AF, 0xE8AF, 0xE8AF, 0xE8AF, 0xE8AF, 0xE8AF, 0xE8AF, 0xE8AF, 0xE8AF, 0x7067, 0x0000, 0x0000, 0x0000, 0x0000, 0x0000,
    0x0000, 0x0000, 0x0000, 0x0000, 0x0000, 0x0000, 0x0000, 0x0000, 0x0000, 0x0000, 0x0000, 0x6B4D, 0xE6FC, 0xE6FC, 0xE6FC, 0xE6FC,
    0xE6FC, 0xE6FC, 0xE6FC, 0xE6FC, 0xE6FC, 0xE6FC, 0xE6FC, 0xE6FC, 0xE6FC, 0xE6FC, 0xE6FC, 0xE6FC, 0xE6FC, 0xE6FC, 0xE6FC, 0xE6FC,
    0xE6FC, 0xE6FC, 0xE6FC, 0xE6FC, 0xE6FC, 0xE6FC, 0xE6FC, 0xE6FC, 0xE6FC, 0xE6FC, 0xE6FC, 0xE6FC, 0xE6FC, 0xE6FC, 0xE6FC, 0xE6FC,
    0xE6FC, 0xE6FC, 0xE6FC, 0xE6FC, 0xE6FC, 0xE6FC, 0xE6FC, 0xE6FC, 0xE6FC, 0xE6FC, 0xE6FC, 0xE6FC, 0xD659, 0x2965, 0x0000, 0x0000,
    0x0000, 0x0000, 0x0000, 0x0000, 0x0000, 0x0000, 0x0000, 0x0000, 0x0000, 0x0000, 0x0000, 0x0000, 0x0000, 0x0000, 0x0000, 0x0000,
    0x0000, 0x0000, 0x0000, 0x0000, 0x0000, 0x0000, 0x0000, 0x0000, 0x0000, 0x0000, 0x0000, 0x0000, 0x0000, 0x0000, 0x0000, 0x0000,
    0x0000, 0x0000, 0x4A49, 0x8C72, 0x8C72, 0x8C72, 0x8C72, 0x8C72, 0x8C72, 0x8C72, 0x8C72, 0x8C72, 0x8C72, 0x8C72, 0x8C72, 0x8C72,
    0x8C72, 0x8C72, 0x8C72, 0x8C72, 0x8C72, 0x8C72, 0x8C72, 0x8C72, 0x8C72, 0x8C72, 0x8C72, 0x8C72, 0x8C72, 0x8C72, 0x8C72, 0x8C72,
    0x8C72, 0x8C72, 0x8C72, 0x8C72, 0x8C72, 0x8C72, 0x8C72, 0x8C72, 0x8C72, 0x8C72, 0x8C72, 0x8C72, 0x8C72, 0x8C72, 0x8C72, 0x8C72,
    0x8C72, 0x8C72, 0x8C72, 0x8C72, 0x8C72, 0x6B4D, 0x0000, 0x0000, 0x0000, 0x0000, 0x0000, 0x0000, 0x0000, 0x0000, 0x0000, 0x0000,
    0x0000, 0x0000, 0x0000, 0x0000, 0x0000, 0x0000, 0x0000, 0x0000, 0x0000, 0x0000, 0x0000, 0x0000, 0x0000, 0x0000, 0x0000, 0x0000,
    0x0000, 0x0000, 0x0000, 0x0000, 0x0000, 0x0000, 0x0000, 0x0000, 0x0000, 0x0000, 0x0000, 0x2965, 0xD659, 0xE6FC, 0xE6FC, 0xE6FC,
    0xE6FC, 0xE6FC, 0xE6FC, 0xE6FC, 0xE6FC, 0xE6FC, 0xE6FC, 0xE6FC, 0xE6FC, 0xE6FC, 0xE6FC, 0xE6FC, 0xE6FC, 0xE6FC, 0xE6FC, 0xE6FC,
    0xE6FC, 0xE6FC, 0xE6FC, 0xE6FC, 0xE6FC, 0xE6FC, 0xE6FC, 0xE6FC, 0xE6FC, 0xE6FC, 0xE6FC, 0xE6FC, 0xE6FC, 0xE6FC, 0xE6FC, 0xE6FC,
    0xE6FC, 0xE6FC, 0xE6FC, 0xE6FC, 0xE6FC, 0xE6FC, 0xE6FC, 0xE6FC, 0xE6FC, 0xE6FC, 0xE6FC, 0xE6FC, 0xE6FC, 0x6B4D, 0x0000, 0x0000,
    0x0000, 0x0000, 0x0000, 0x0000, 0x0000, 0x0000, 0x0000, 0x0000, 0x0000, 0x0000, 0x0000, 0x0000, 0x0000, 0x0000, 0x7067, 0xE8AF,
    0xE8AF, 0xE8AF, 0xE8AF, 0xE8AF, 0xE8AF, 0xE8AF, 0xE8AF, 0xE8AF, 0xE8AF, 0xE8AF, 0xE8AF, 0xE8AF, 0xE8AF, 0xE8AF, 0xE8AF, 0xE8AF,
    0xE8AF, 0xE8AF, 0xE8AF, 0xE8AF, 0xE8AF, 0xE8AF, 0xE8AF, 0xE8AF, 0xE8AF, 0xE8AF, 0xE8AF, 0xE8AF, 0xE8AF, 0xE8AF, 0xE8AF, 0xE8AF,
    0xE8AF, 0xE8AF, 0xE8AF, 0xE8AF, 0xE8AF, 0xE8AF, 0x0000, 0x0000, 0x0000, 0x0000, 0x0000, 0x0000, 0x0000, 0x0000, 0x0000, 0x0000,
    0x0000, 0x0000, 0x0000, 0x0000, 0x0000, 0x0000, 0x2965, 0xE6FC, 0xE6FC, 0xE6FC, 0xE6FC, 0xE6FC, 0xE6FC, 0xE6FC, 0xE6FC, 0xE6FC,
    0xE6FC, 0xE6FC, 0xE6FC, 0xE6FC, 0xE6FC, 0xE6FC, 0xE6FC, 0xE6FC, 0xE6FC, 0xE6FC, 0xE6FC, 0xE6FC, 0xE6FC, 0xE6FC, 0xE6FC, 0xE6FC,
    0xE6FC, 0xE6FC, 0xE6FC, 0xE6FC, 0xE6FC, 0xE6FC, 0xE6FC, 0xE6FC, 0xE6FC, 0xE6FC, 0xE6FC, 0xE6FC, 0xE6FC, 0xE6FC, 0xE6FC, 0xE6FC,
    0xE6FC, 0xE6FC, 0xE6FC, 0xE6FC, 0xE6FC, 0xE6FC, 0xE6FC, 0xE6FC, 0x6B4D, 0x0000, 0x0000, 0x0000, 0x0000, 0x0000, 0x0000, 0x0000,
    0x0000, 0x0000, 0x0000, 0x0000, 0x0000, 0x0000, 0x0000, 0x0000, 0x0000, 0x0000, 0x0000, 0x0000, 0x0000, 0x0000, 0x0000, 0x0000,
    0x0000, 0x0000, 0x0000, 0x0000, 0x0000, 0x0000, 0x0000, 0x0000, 0x0000, 0x0000, 0x0000, 0x0000, 0x0000, 0x0000, 0x4A49, 0x8C72,
    0x8C72, 0x8C72, 0x8C72, 0x8C72, 0x8C72, 0x8C72, 0x8C72, 0x8C72, 0x8C72, 0x8C72, 0x8C72, 0x8C72, 0x8C72, 0x8C72, 0x8C72, 0x8C72,
    0x8C72, 0x8C72, 0x8C72, 0x8C72, 0x8C72, 0x8C72, 0x8C72, 0x8C72, 0x8C72, 0x8C72, 0x8C72, 0x8C72, 0x8C72, 0x8C72, 0x8C72, 0x8C72,
    0x8C72, 0x8C72, 0x8C72, 0x8C72, 0x8C72, 0x8C72, 0x8C72, 0x8C72, 0x8C72, 0x8C72, 0x8C72, 0x8C72, 0x8C72, 0x8C72, 0x8C72, 0x8C72,
    0x8C72, 0x6B4D, 0x0000, 0x0000, 0x0000, 0x0000, 0x0000, 0x0000, 0x0000, 0x0000, 0x0000, 0x0000, 0x0000, 0x0000, 0x0000, 0x0000,
    0x0000, 0x0000, 0x0000, 0x0000, 0x0000, 0x0000, 0x0000, 0x0000, 0x0000, 0x0000, 0x0000, 0x0000, 0x0000, 0x0000, 0x0000, 0x0000,
    0x0000, 0x0000, 0x0000, 0x0000, 0x0000, 0x0000, 0x0000, 0x0000, 0x6B4D, 0xE6FC, 0xE6FC, 0xE6FC, 0xE6FC, 0xE6FC, 0xE6FC, 0xE6FC,
    0xE6FC, 0xE6FC, 0xE6FC, 0xE6FC, 0xE6FC, 0xE6FC, 0xE6FC, 0xE6FC, 0xE6FC, 0xE6FC, 0xE6FC, 0xE6FC, 0xE6FC, 0xE6FC, 0xE6FC, 0xE6FC,
    0xE6FC, 0xE6FC, 0xE6FC, 0xE6FC, 0xE6FC, 0xE6FC, 0xE6FC, 0xE6FC, 0xE6FC, 0xE6FC, 0xE6FC, 0xE6FC, 0xE6FC, 0xE6FC, 0xE6FC, 0xE6FC,
    0xE6FC, 0xE6FC, 0xE6FC, 0xE6FC, 0xE6FC, 0xE6FC, 0xE6FC, 0xE6FC, 0xE6FC, 0xE6FC, 0x2965, 0x0000, 0x0000, 0x0000, 0x0000, 0x0000,
    0x0000, 0x0000, 0x0000, 0x0000, 0x0000, 0x0000, 0x0000, 0x0000, 0x0000, 0x0000, 0x0000, 0xE8AF, 0xE8AF, 0xE8AF, 0xE8AF, 0xE8AF,
    0xE8AF, 0xE8AF, 0xE8AF, 0xE8AF, 0xE8AF, 0xE8AF, 0xE8AF, 0xE8AF, 0xE8AF, 0xE8AF, 0xE8AF, 0xE8AF, 0xE8AF, 0xE8AF, 0xE8AF, 0xE8AF,
    0xE8AF, 0xE8AF, 0xE8AF, 0xE8AF, 0xE8AF, 0xE8AF, 0xE8AF, 0xE8AF, 0xE8AF, 0xE8AF, 0xE8AF, 0xE8AF, 0xE8AF, 0xE8AF, 0xE8AF, 0xE8AF,
    0xE8AF, 0x3023, 0x0000, 0x0000, 0x0000, 0x0000, 0x0000, 0x0000, 0x0000, 0x0000, 0x0000, 0x0000, 0x0000, 0x0000, 0x0000, 0x0000,
    0x0000, 0x0000, 0xAD55, 0xE6FC, 0xE6FC, 0xE6FC, 0xE6FC, 0xE6FC, 0xE6FC, 0xE6FC, 0xE6FC, 0xE6FC, 0xE6FC, 0xE6FC, 0xE6FC, 0xE6FC,
    0xE6FC, 0xE6FC, 0xE6FC, 0xE6FC, 0xE6FC, 0xE6FC, 0xE6FC, 0xE6FC, 0xE6FC, 0xE6FC, 0xE6FC, 0xE6FC, 0xE6FC, 0xE6FC, 0xE6FC, 0xE6FC,
    0xE6FC, 0xE6FC, 0xE6FC, 0xE6FC, 0xE6FC, 0xE6FC, 0xE6FC, 0xE6FC, 0xE6FC, 0xE6FC, 0xE6FC, 0xE6FC, 0xE6FC, 0xE6FC, 0xE6FC, 0xE6FC,
    0xE6FC, 0xE6FC, 0xE6FC, 0xAD55, 0x0000, 0x0000, 0x0000, 0x0000, 0x0000, 0x0000, 0x0000, 0x0000, 0x0000, 0x0000, 0x0000, 0x0000,
    0x0000, 0x0000, 0x0000, 0x0000, 0x0000, 0x0000, 0x0000, 0x0000, 0x0000, 0x0000, 0x0000, 0x0000, 0x0000, 0x0000, 0x0000, 0x0000,
    0x0000, 0x0000, 0x0000, 0x0000, 0x0000, 0x0000, 0x0000, 0x0000, 0x0000, 0x0000, 0x4A49, 0x8C72, 0x8C72, 0x8C72, 0x8C72, 0x8C72,
    0x8C72, 0x8C72, 0x8C72, 0x8C72, 0x8C72, 0x8C72, 0x8C72, 0x8C72, 0x8C72, 0x8C72, 0x8C72, 0x8C72, 0x8C72, 0x8C72, 0x8C72, 0x8C72,
    0x8C72, 0x8C72, 0x8C72, 0x8C72, 0x8C72, 0x8C72, 0x8C72, 0x8C72, 0x8C72, 0x8C72, 0x8C72, 0x8C72, 0x8C72, 0x8C72, 0x8C72, 0x8C72,
    0x8C72, 0x8C72, 0x8C72, 0x8C72, 0x8C72, 0x8C72, 0x8C72, 0x8C72, 0x8C72, 0x8C72, 0x8C72, 0x8C72, 0x8C72, 0x6B4D, 0x0000, 0x0000,
    0x0000, 0x0000, 0x0000, 0x0000, 0x0000, 0x0000, 0x0000, 0x0000, 0x0000, 0x0000, 0x0000, 0x0000, 0x0000, 0x0000, 0x0000, 0x0000,
    0x0000, 0x0000, 0x0000, 0x0000, 0x0000, 0x0000, 0x0000, 0x0000, 0x0000, 0x0000, 0x0000, 0x0000, 0x0000, 0x0000, 0x0000, 0x0000,
    0x0000, 0x0000, 0x0000, 0x0000, 0x0000, 0xAD55, 0xE6FC, 0xE6FC, 0xE6FC, 0xE6FC, 0xE6FC, 0xE6FC, 0xE6FC, 0xE6FC, 0xE6FC, 0xE6FC,
    0xE6FC, 0xE6FC, 0xE6FC, 0xE6FC, 0xE6FC, 0xE6FC, 0xE6FC, 0xE6FC, 0xE6FC, 0xE6FC, 0xE6FC, 0xE6FC, 0xE6FC, 0xE6FC, 0xE6FC, 0xE6FC,
    0xE6FC, 0xE6FC, 0xE6FC, 0xE6FC, 0xE6FC, 0xE6FC, 0xE6FC, 0xE6FC, 0xE6FC, 0xE6FC, 0xE6FC, 0xE6FC, 0xE6FC, 0xE6FC, 0xE6FC, 0xE6FC,
    0xE6FC, 0xE6FC, 0xE6FC, 0xE6FC, 0xE6FC, 0xE6FC, 0xAD55, 0x0000, 0x0000, 0x0000, 0x0000, 0x0000, 0x0000, 0x0000, 0x0000, 0x0000,
    0x0000, 0x0000, 0x0000, 0x0000, 0x0000, 0x0000, 0x0000, 0x3023, 0xE8AF, 0xE8AF, 0xE8AF, 0xE8AF, 0xE8AF, 0xE8AF, 0xE8AF, 0xE8AF,
    0xE8AF, 0xE8AF, 0xE8AF, 0xE8AF, 0xE8AF, 0xE8AF, 0xE8AF, 0xE8AF, 0xE8AF, 0xE8AF, 0xE8AF, 0xE8AF, 0xE8AF, 0xE8AF, 0xE8AF, 0xE8AF,
    0xE8AF, 0xE8AF, 0xE8AF, 0xE8AF, 0xE8AF, 0xE8AF, 0xE8AF, 0xE8AF, 0xE8AF, 0xE8AF, 0xE8AF, 0xE8AF, 0xA88B, 0x0000, 0x0000, 0x0000,
    0x0000, 0x0000, 0x0000, 0x0000, 0x0000, 0x0000, 0x0000, 0x0000, 0x0000, 0x0000, 0x0000, 0x0000, 0x0000, 0x6B4D, 0xE6FC, 0xE6FC,
    0xE6FC, 0xE6FC, 0xE6FC, 0xE6FC, 0xE6FC, 0xE6FC, 0xE6FC, 0xE6FC, 0xE6FC, 0xE6FC, 0xE6FC, 0xE6FC, 0xE6FC, 0xE6FC, 0xE6FC, 0xE6FC,
    0xE6FC, 0xE6FC, 0xE6FC, 0xE6FC, 0xE6FC, 0xE6FC, 0xE6FC, 0xE6FC, 0xE6FC, 0xE6FC, 0xE6FC, 0xE6FC, 0xE6FC, 0xE6FC, 0xE6FC, 0xE6FC,
    0xE6FC, 0xE6FC, 0xE6FC, 0xE6FC, 0xE6FC, 0xE6FC, 0xE6FC, 0xE6FC, 0xE6FC, 0xE6FC, 0xE6FC, 0xE6FC, 0xE6FC, 0xE6FC, 0xD659, 0x2965,
    0x0000, 0x0000, 0x0000, 0x0000, 0x0000, 0x0000, 0x0000, 0x0000, 0x0000, 0x0000, 0x0000, 0x0000, 0x0000, 0x0000, 0x0000, 0x0000,
    0x0000, 0x0000, 0x0000, 0x0000, 0x0000, 0x0000, 0x0000, 0x0000, 0x0000, 0x0000, 0x0000, 0x0000, 0x0000, 0x0000, 0x0000, 0x0000,
    0x0000, 0x0000, 0x0000, 0x0000, 0x0000, 0x0000, 0x4A49, 0x8C72, 0x8C72, 0x8C72, 0x8C72, 0x8C72, 0x8C72, 0x8C72, 0x8C72, 0x8C72,
    0x8C72, 0x8C72, 0x8C72, 0x8C72, 0x8C72, 0x8C72, 0x8C72, 0x8C72, 0x8C72, 0x8C72, 0x8C72, 0x8C72, 0x8C72, 0x8C72, 0x8C72, 0x8C72,
    0x8C72, 0x8C72, 0x8C72, 0x8C72, 0x8C72, 0x8C72, 0x8C72, 0x8C72, 0x8C72, 0x8C72, 0x8C72, 0x8C72, 0x8C72, 0x8C72, 0x8C72, 0x8C72,
    0x8C72, 0x8C72, 0x8C72, 0x8C72, 0x8C72, 0x8C72, 0x8C72, 0x8C72, 0x8C72, 0x6B4D, 0x0000, 0x0000, 0x0000, 0x0000, 0x0000, 0x0000,
    0x0000, 0x0000, 0x0000, 0x0000, 0x0000, 0x0000, 0x0000, 0x0000, 0x0000, 0x0000, 0x0000, 0x0000, 0x0000, 0x0000, 0x0000, 0x0000,
    0x0000, 0x0000, 0x0000, 0x0000, 0x0000, 0x0000, 0x0000, 0x0000, 0x0000, 0x0000, 0x0000, 0x0000, 0x0000, 0x0000, 0x0000, 0x0000,
    0x0000, 0x2965, 0xD659, 0xE6FC, 0xE6FC, 0xE6FC, 0xE6FC, 0xE6FC, 0xE6FC, 0xE6FC, 0xE6FC, 0xE6FC, 0xE6FC, 0xE6FC, 0xE6FC, 0xE6FC,
    0xE6FC, 0xE6FC, 0xE6FC, 0xE6FC, 0xE6FC, 0xE6FC, 0xE6FC, 0xE6FC, 0xE6FC, 0xE6FC, 0xE6FC, 0xE6FC, 0xE6FC, 0xE6FC, 0xE6FC, 0xE6FC,
    0xE6FC, 0xE6FC, 0xE6FC, 0xE6FC, 0xE6FC, 0xE6FC, 0xE6FC, 0xE6FC, 0xE6FC, 0xE6FC, 0xE6FC, 0xE6FC, 0xE6FC, 0xE6FC, 0xE6FC, 0xE6FC,
    0xE6FC, 0xE6FC, 0xE6FC, 0x6B4D, 0x0000, 0x0000, 0x0000, 0x0000, 0x0000, 0x0000, 0x0000, 0x0000, 0x0000, 0x0000, 0x0000, 0x0000,
    0x0000, 0x0000, 0x0000, 0x0000, 0xA88B, 0xE8AF, 0xE8AF, 0xE8AF, 0xE8AF, 0xE8AF, 0xE8AF, 0xE8AF, 0xE8AF, 0xE8AF, 0xE8AF, 0xE8AF,
    0xE8AF, 0xE8AF, 0xE8AF, 0xE8AF, 0xE8AF, 0xE8AF, 0xE8AF, 0xE8AF, 0xE8AF, 0xE8AF, 0xE8AF, 0xE8AF, 0xE8AF, 0xE8AF, 0xE8AF, 0xE8AF,
    0xE8AF, 0xE8AF, 0xE8AF, 0xE8AF, 0xE8AF, 0xE8AF, 0xE8AF, 0xE8AF, 0x0000, 0x0000, 0x0000, 0x0000, 0x0000, 0x0000, 0x0000, 0x0000,
    0x0000, 0x0000, 0x0000, 0x0000, 0x0000, 0x0000, 0x0000, 0x0000, 0x2965, 0xD659, 0xE6FC, 0xE6FC, 0xE6FC, 0xE6FC, 0xE6FC, 0xE6FC,
    0xE6FC, 0xE6FC, 0xE6FC, 0xE6FC, 0xE6FC, 0xE6FC, 0xE6FC, 0xE6FC, 0xE6FC, 0xE6FC, 0xE6FC, 0xE6FC, 0xE6FC, 0xE6FC, 0xE6FC, 0xE6FC,
    0xE6FC, 0xE6FC, 0xE6FC, 0xE6FC, 0xE6FC, 0xE6FC, 0xE6FC, 0xE6FC, 0xE6FC, 0xE6FC, 0xE6FC, 0xE6FC, 0xE6FC, 0xE6FC, 0xE6FC, 0xE6FC,
    0xE6FC, 0xE6FC, 0xE6FC, 0xE6FC, 0xE6FC, 0xE6FC, 0xE6FC, 0xE6FC, 0xE6FC, 0xE6FC, 0x6B4D, 0x0000, 0x0000, 0x0000, 0x0000, 0x0000,
    0x0000, 0x0000, 0x0000, 0x0000, 0x0000, 0x0000, 0x0000, 0x0000, 0x0000, 0x0000, 0x0000, 0x0000, 0x0000, 0x0000, 0x0000, 0x0000,
    0x0000, 0x0000, 0x0000, 0x0000, 0x0000, 0x0000, 0x0000, 0x0000, 0x0000, 0x0000, 0x0000, 0x0000, 0x0000, 0x0000, 0x0000, 0x0000,
    0x0000, 0x0000, 0x4A49, 0x8C72, 0x8C72, 0x8C72, 0x8C72, 0x8C72, 0x8C72, 0x8C72, 0x8C72, 0x8C72, 0x8C72, 0x8C72, 0x8C72, 0x8C72,
    0x8C72, 0x8C72, 0x8C72, 0x8C72, 0x8C72, 0x8C72, 0x8C72, 0x8C72, 0x8C72, 0x8C72, 0x8C72, 0x8C72, 0x8C72, 0x8C72, 0x8C72, 0x8C72,
    0x8C72, 0x8C72, 0x8C72, 0x8C72, 0x8C72, 0x8C72, 0x8C72, 0x8C72, 0x8C72, 0x8C72, 0x8C72, 0x8C72, 0x8C72, 0x8C72, 0x8C72, 0x8C72,
    0x8C72, 0x8C72, 0x8C72, 0x8C72, 0x8C72, 0x6B4D, 0x0000, 0x0000, 0x0000, 0x0000, 0x0000, 0x0000, 0x0000, 0x0000, 0x0000, 0x0000,
    0x0000, 0x0000, 0x0000, 0x0000, 0x0000, 0x0000, 0x0000, 0x0000, 0x0000, 0x0000, 0x0000, 0x0000, 0x0000, 0x0000, 0x0000, 0x0000,
    0x0000, 0x0000, 0x0000, 0x0000, 0x0000, 0x0000, 0x0000, 0x0000, 0x0000, 0x0000, 0x0000, 0x0000, 0x0000, 0x0000, 0x6B4D, 0xE6FC,
    0xE6FC, 0xE6FC, 0xE6FC, 0xE6FC, 0xE6FC, 0xE6FC, 0xE6FC, 0xE6FC, 0xE6FC, 0xE6FC, 0xE6FC, 0xE6FC, 0xE6FC, 0xE6FC, 0xE6FC, 0xE6FC,
    0xE6FC, 0xE6FC, 0xE6FC, 0xE6FC, 0xE6FC, 0xE6FC, 0xE6FC, 0xE6FC, 0xE6FC, 0xE6FC, 0xE6FC, 0xE6FC, 0xE6FC, 0xE6FC, 0xE6FC, 0xE6FC,
    0xE6FC, 0xE6FC, 0xE6FC, 0xE6FC, 0xE6FC, 0xE6FC, 0xE6FC, 0xE6FC, 0xE6FC, 0xE6FC, 0xE6FC, 0xE6FC, 0xE6FC, 0xE6FC, 0xE6FC, 0xD659,
    0x0000, 0x0000, 0x0000, 0x0000, 0x0000, 0x0000, 0x0000, 0x0000, 0x0000, 0x0000, 0x0000, 0x0000, 0x0000, 0x0000, 0x0000, 0x0000,
    0x0000, 0xE8AF, 0xE8AF, 0xE8AF, 0xE8AF, 0xE8AF, 0xE8AF, 0xE8AF, 0xE8AF, 0xE8AF, 0xE8AF, 0xE8AF, 0xE8AF, 0xE8AF, 0xE8AF, 0xE8AF,
    0xE8AF, 0xE8AF, 0xE8AF, 0xE8AF, 0xE8AF, 0xE8AF, 0xE8AF, 0xE8AF, 0xE8AF, 0xE8AF, 0xE8AF, 0xE8AF, 0xE8AF, 0xE8AF, 0xE8AF, 0xE8AF,
    0xE8AF, 0xE8AF, 0xE8AF, 0x7067, 0x0000, 0x0000, 0x0000, 0x0000, 0x0000, 0x0000, 0x0000, 0x0000, 0x0000, 0x0000, 0x0000, 0x0000,
    0x0000, 0x0000, 0x0000, 0x0000, 0x9CD3, 0xE6FC, 0xE6FC, 0xE6FC, 0xE6FC, 0xE6FC, 0xE6FC, 0xE6FC, 0xE6FC, 0xE6FC, 0xE6FC, 0xE6FC,
    0xE6FC, 0xE6FC, 0xE6FC, 0xE6FC, 0xE6FC, 0xE6FC, 0xE6FC, 0xE6FC, 0xE6FC, 0xE6FC, 0xE6FC, 0xE6FC, 0xE6FC, 0xE6FC, 0xE6FC, 0xE6FC,
    0xE6FC, 0xE6FC, 0xE6FC, 0xE6FC, 0xE6FC, 0xE6FC, 0xE6FC, 0xE6FC, 0xE6FC, 0xE6FC, 0xE6FC, 0xE6FC, 0xE6FC, 0xE6FC, 0xE6FC, 0xE6FC,
    0xE6FC, 0xE6FC, 0xE6FC, 0xE6FC, 0xE6FC, 0xAD55, 0x0000, 0x0000, 0x0000, 0x0000, 0x0000, 0x0000, 0x0000, 0x0000, 0x0000, 0x0000,
    0x0000, 0x0000, 0x0000, 0x0000, 0x0000, 0x0000, 0x0000, 0x0000, 0x0000, 0x0000, 0x0000, 0x0000, 0x0000, 0x0000, 0x0000, 0x0000,
    0x0000, 0x0000, 0x0000, 0x0000, 0x0000, 0x0000, 0x0000, 0x0000, 0x0000, 0x0000, 0x0000, 0x0000, 0x0000, 0x0000, 0x4A49, 0x8C72,
    0x8C72, 0x8C72, 0x8C72, 0x8C72, 0x8C72, 0x8C72, 0x8C72, 0x8C72, 0x8C72, 0x8C72, 0x8C72, 0x8C72, 0x8C72, 0x8C72, 0x8C72, 0x8C72,
    0x8C72, 0x8C72, 0x8C72, 0x8C72, 0x8C72, 0x8C72, 0x8C72, 0x8C72, 0x8C72, 0x8C72, 0x8C72, 0x8C72, 0x8C72, 0x8C72, 0x8C72, 0x8C72,
    0x8C72, 0x8C72, 0x8C72, 0x8C72, 0x8C72, 0x8C72, 0x8C72, 0x8C72, 0x8C72, 0x8C72, 0x8C72, 0x8C72, 0x8C72, 0x8C72, 0x8C72, 0x8C72,
    0x8C72, 0x6B4D, 0x0000, 0x0000, 0x0000, 0x0000, 0x0000, 0x0000, 0x0000, 0x0000, 0x0000, 0x0000, 0x0000, 0x0000, 0x0000, 0x0000,
    0x0000, 0x0000, 0x0000, 0x0000, 0x0000, 0x0000, 0x0000, 0x0000, 0x0000, 0x0000, 0x0000, 0x0000, 0x0000, 0x0000, 0x0000, 0x0000,
    0x0000, 0x0000, 0x0000, 0x0000, 0x0000, 0x0000, 0x0000, 0x0000, 0x0000, 0x0000, 0x0000, 0xAD55, 0xE6FC, 0xE6FC, 0xE6FC, 0xE6FC,
    0xE6FC, 0xE6FC, 0xE6FC, 0xE6FC, 0xE6FC, 0xE6FC, 0xE6FC, 0xE6FC, 0xE6FC, 0xE6FC, 0xE6FC, 0xE6FC, 0xE6FC, 0xE6FC, 0xE6FC, 0xE6FC,
    0xE6FC, 0xE6FC, 0xE6FC, 0xE6FC, 0xE6FC, 0xE6FC, 0xE6FC, 0xE6FC, 0xE6FC, 0xE6FC, 0xE6FC, 0xE6FC, 0xE6FC, 0xE6FC, 0xE6FC, 0xE6FC,
    0xE6FC, 0xE6FC, 0xE6FC, 0xE6FC, 0xE6FC, 0xE6FC, 0xE6FC, 0xE6FC, 0xE6FC, 0xE6FC, 0xE6FC, 0xE6FC, 0x9CD3, 0x0000, 0x0000, 0x0000,
    0x0000, 0x0000, 0x0000, 0x0000, 0x0000, 0x0000, 0x0000, 0x0000, 0x0000, 0x0000, 0x0000, 0x0000, 0x0000, 0x7067, 0xE8AF, 0xE8AF,
    0xE8AF, 0xE8AF, 0xE8AF, 0xE8AF, 0xE8AF, 0xE8AF, 0xE8AF, 0xE8AF, 0xE8AF, 0xE8AF, 0xE8AF, 0xE8AF, 0xE8AF, 0xE8AF, 0xE8AF, 0xE8AF,
    0xE8AF, 0xE8AF, 0xE8AF, 0xE8AF, 0xE8AF, 0xE8AF, 0xE8AF, 0xE8AF, 0xE8AF, 0xE8AF, 0xE8AF, 0xE8AF, 0xE8AF, 0xE8AF, 0xA88B, 0x0000,
    0x0000, 0x0000, 0x0000, 0x0000, 0x0000, 0x0000, 0x0000, 0x0000, 0x0000, 0x0000, 0x0000, 0x0000, 0x0000, 0x0000, 0x0000, 0x4A49,
    0xE6FC, 0xE6FC, 0xE6FC, 0xE6FC, 0xE6FC, 0xE6FC, 0xE6FC, 0xE6FC, 0xE6FC, 0xE6FC, 0xE6FC, 0xE6FC, 0xE6FC, 0xE6FC, 0xE6FC, 0xE6FC,
    0xE6FC, 0xE6FC, 0xE6FC, 0xE6FC, 0xE6FC, 0xE6FC, 0xE6FC, 0xE6FC, 0xE6FC, 0xE6FC, 0xE6FC, 0xE6FC, 0xE6FC, 0xE6FC, 0xE6FC, 0xE6FC,
    0xE6FC, 0xE6FC, 0xE6FC, 0xE6FC, 0xE6FC, 0xE6FC, 0xE6FC, 0xE6FC, 0xE6FC, 0xE6FC, 0xE6FC, 0xE6FC, 0xE6FC, 0xE6FC, 0xE6FC, 0xE6FC,
    0xD659, 0x2965, 0x0000, 0x0000, 0x0000, 0x0000, 0x0000, 0x0000, 0x0000, 0x0000, 0x0000, 0x0000, 0x0000, 0x0000, 0x0000, 0x0000,
    0x0000, 0x0000, 0x0000, 0x0000, 0x0000, 0x0000, 0x0000, 0x0000, 0x0000, 0x0000, 0x0000, 0x0000, 0x0000, 0x0000, 0x0000, 0x0000,
    0x0000, 0x0000, 0x0000, 0x0000, 0x0000, 0x0000, 0x0000, 0x0000, 0x0000, 0x0000, 0x4A49, 0x8C72, 0x8C72, 0x8C72, 0x8C72, 0x8C72,
    0x8C72, 0x8C72, 0x8C72, 0x8C72, 0x8C72, 0x8C72, 0x8C72, 0x8C72, 0x8C72, 0x8C72, 0x8C72, 0x8C72, 0x8C72, 0x8C72, 0x8C72, 0x8C72,
    0x8C72, 0x8C72, 0x8C72, 0x8C72, 0x8C72, 0x8C72, 0x8C72, 0x8C72, 0x8C72, 0x8C72, 0x8C72, 0x8C72, 0x8C72, 0x8C72, 0x8C72, 0x8C72,
    0x8C72, 0x8C72, 0x8C72, 0x8C72, 0x8C72, 0x8C72, 0x8C72, 0x8C72, 0x8C72, 0x8C72, 0x8C72, 0x8C72, 0x8C72, 0x6B4D, 0x0000, 0x0000,
    0x0000, 0x0000, 0x0000, 0x0000, 0x0000, 0x0000, 0x0000, 0x0000, 0x0000, 0x0000, 0x0000, 0x0000, 0x0000, 0x0000, 0x0000, 0x0000,
    0x0000, 0x0000, 0x0000, 0x0000, 0x0000, 0x0000, 0x0000, 0x0000, 0x0000, 0x0000, 0x0000, 0x0000, 0x0000, 0x0000, 0x0000, 0x0000,
    0x0000, 0x0000, 0x0000, 0x0000, 0x0000, 0x0000, 0x0000, 0x2965, 0xD659, 0xE6FC, 0xE6FC, 0xE6FC, 0xE6FC, 0xE6FC, 0xE6FC, 0xE6FC,
    0xE6FC, 0xE6FC, 0xE6FC, 0xE6FC, 0xE6FC, 0xE6FC, 0xE6FC, 0xE6FC, 0xE6FC, 0xE6FC, 0xE6FC, 0xE6FC, 0xE6FC, 0xE6FC, 0xE6FC, 0xE6FC,
    0xE6FC, 0xE6FC, 0xE6FC, 0xE6FC, 0xE6FC, 0xE6FC, 0xE6FC, 0xE6FC, 0xE6FC, 0xE6FC, 0xE6FC, 0xE6FC, 0xE6FC, 0xE6FC, 0xE6FC, 0xE6FC,
    0xE6FC, 0xE6FC, 0xE6FC, 0xE6FC, 0xE6FC, 0xE6FC, 0xE6FC, 0xE6FC, 0xE6FC, 0x4A49, 0x0000, 0x0000, 0x0000, 0x0000, 0x0000, 0x0000,
    0x0000, 0x0000, 0x0000, 0x0000, 0x0000, 0x0000, 0x0000, 0x0000, 0x0000, 0x0000, 0xA88B, 0xE8AF, 0xE8AF, 0xE8AF, 0xE8AF, 0xE8AF,
    0xE8AF, 0xE8AF, 0xE8AF, 0xE8AF, 0xE8AF, 0xE8AF, 0xE8AF, 0xE8AF, 0xE8AF, 0xE8AF, 0xE8AF, 0xE8AF, 0xE8AF, 0xE8AF, 0xE8AF, 0xE8AF,
    0xE8AF, 0xE8AF, 0xE8AF, 0xE8AF, 0xE8AF, 0xE8AF, 0xE8AF, 0xE8AF, 0xE8AF, 0xE8AF, 0x3023, 0x0000, 0x0000, 0x0000, 0x0000, 0x0000,
    0x0000, 0x0000, 0x0000, 0x0000, 0x0000, 0x0000, 0x0000, 0x0000, 0x0000, 0x0000, 0x0000, 0xD659, 0xE6FC, 0xE6FC, 0xE6FC, 0xE6FC,
    0xE6FC, 0xE6FC, 0xE6FC, 0xE6FC, 0xE6FC, 0xE6FC, 0xE6FC, 0xE6FC, 0xE6FC, 0xE6FC, 0xE6FC, 0xE6FC, 0xE6FC, 0xE6FC, 0xE6FC, 0xE6FC,
    0xE6FC, 0xE6FC, 0xE6FC, 0xE6FC, 0xE6FC, 0xE6FC, 0xE6FC, 0xE6FC, 0xE6FC, 0xE6FC, 0xE6FC, 0xE6FC, 0xE6FC, 0xE6FC, 0xE6FC, 0xE6FC,
    0xE6FC, 0xE6FC, 0xE6FC, 0xE6FC, 0xE6FC, 0xE6FC, 0xE6FC, 0xE6FC, 0xE6FC, 0xE6FC, 0xE6FC, 0xE6FC, 0x6B4D, 0x0000, 0x0000, 0x0000,
    0x0000, 0x0000, 0x0000, 0x0000, 0x0000, 0x0000, 0x0000, 0x0000, 0x0000, 0x0000, 0x0000, 0x0000, 0x0000, 0x0000, 0x0000, 0x0000,
    0x0000, 0x0000, 0x0000, 0x0000, 0x0000, 0x0000, 0x0000, 0x0000, 0x0000, 0x0000, 0x0000, 0x0000, 0x0000, 0x0000, 0x0000, 0x0000,
    0x0000, 0x0000, 0x0000, 0x0000, 0x0000, 0x0000, 0x4A49, 0x8C72, 0x8C72, 0x8C72, 0x8C72, 0x8C72, 0x8C72, 0x8C72, 0x8C72, 0x8C72,
    0x8C72, 0x8C72, 0x8C72, 0x8C72, 0x8C72, 0x8C72, 0x8C72, 0x8C72, 0x8C72, 0x8C72, 0x8C72, 0x8C72, 0x8C72, 0x8C72, 0x8C72, 0x8C72,
    0x8C72, 0x8C72, 0x8C72, 0x8C72, 0x8C72, 0x8C72, 0x8C72, 0x8C72, 0x8C72, 0x8C72, 0x8C72, 0x8C72, 0x8C72, 0x8C72, 0x8C72, 0x8C72,
    0x8C72, 0x8C72, 0x8C72, 0x8C72, 0x8C72, 0x8C72, 0x8C72, 0x8C72, 0x8C72, 0x6B4D, 0x0000, 0x0000, 0x0000, 0x0000, 0x0000, 0x0000,
    0x0000, 0x0000, 0x0000, 0x0000, 0x0000, 0x0000, 0x0000, 0x0000, 0x0000, 0x0000, 0x0000, 0x0000, 0x0000, 0x0000, 0x0000, 0x0000,
    0x0000, 0x0000, 0x0000, 0x0000, 0x0000, 0x0000, 0x0000, 0x0000, 0x0000, 0x0000, 0x0000, 0x0000, 0x0000, 0x0000, 0x0000, 0x0000,
    0x0000, 0x0000, 0x0000, 0x0000, 0x6B4D, 0xE6FC, 0xE6FC, 0xE6FC, 0xE6FC, 0xE6FC, 0xE6FC, 0xE6FC, 0xE6FC, 0xE6FC, 0xE6FC, 0xE6FC,
    0xE6FC, 0xE6FC, 0xE6FC, 0xE6FC, 0xE6FC, 0xE6FC, 0xE6FC, 0xE6FC, 0xE6FC, 0xE6FC, 0xE6FC, 0xE6FC, 0xE6FC, 0xE6FC, 0xE6FC, 0xE6FC,
    0xE6FC, 0xE6FC, 0xE6FC, 0xE6FC, 0xE6FC, 0xE6FC, 0xE6FC, 0xE6FC, 0xE6FC, 0xE6FC, 0xE6FC, 0xE6FC, 0xE6FC, 0xE6FC, 0xE6FC, 0xE6FC,
    0xE6FC, 0xE6FC, 0xE6FC, 0xE6FC, 0xE6FC, 0xD659, 0x0000, 0x0000, 0x0000, 0x0000, 0x0000, 0x0000, 0x0000, 0x0000, 0x0000, 0x0000,
    0x0000, 0x0000, 0x0000, 0x0000, 0x0000, 0x0000, 0x3023, 0xE8AF, 0xE8AF, 0xE8AF, 0xE8AF, 0xE8AF, 0xE8AF, 0xE8AF, 0xE8AF, 0xE8AF,
    0xE8AF, 0xE8AF, 0xE8AF, 0xE8AF, 0xE8AF, 0xE8AF, 0xE8AF, 0xE8AF, 0xE8AF, 0xE8AF, 0xE8AF, 0xE8AF, 0xE8AF, 0xE8AF, 0xE8AF, 0xE8AF,
    0xE8AF, 0xE8AF, 0xE8AF, 0xE8AF, 0xE8AF, 0x7067, 0x0000, 0x0000, 0x0000, 0x0000, 0x0000, 0x0000, 0x0000, 0x0000, 0x0000, 0x0000,
    0x0000, 0x0000, 0x0000, 0x0000, 0x0000, 0x0000, 0x7BEF, 0xE6FC, 0xE6FC, 0xE6FC, 0xE6FC, 0xE6FC, 0xE6FC, 0xE6FC, 0xE6FC, 0xE6FC,
    0xE6FC, 0xE6FC, 0xE6FC, 0xE6FC, 0xE6FC, 0xE6FC, 0xE6FC, 0xE6FC, 0xE6FC, 0xE6FC, 0xE6FC, 0xE6FC, 0xE6FC, 0xE6FC, 0xE6FC, 0xE6FC,
    0xE6FC, 0xE6FC, 0xE6FC, 0xE6FC, 0xE6FC, 0xE6FC, 0xE6FC, 0xE6FC, 0xE6FC, 0xE6FC, 0xE6FC, 0xE6FC, 0xE6FC, 0xE6FC, 0xE6FC, 0xE6FC,
    0xE6FC, 0xE6FC, 0xE6FC, 0xE6FC, 0xE6FC, 0xE6FC, 0xE6FC, 0xAD55, 0x0000, 0x0000, 0x0000, 0x0000, 0x0000, 0x0000, 0x0000, 0x0000,
    0x0000, 0x0000, 0x0000, 0x0000, 0x0000, 0x0000, 0x0000, 0x0000, 0x0000, 0x0000, 0x0000, 0x0000, 0x0000, 0x0000, 0x0000, 0x0000,
    0x0000, 0x0000, 0x0000, 0x0000, 0x0000, 0x0000, 0x0000, 0x0000, 0x0000, 0x0000, 0x0000, 0x0000, 0x0000, 0x0000, 0x0000, 0x0000,
    0x0000, 0x0000, 0x4A49, 0x8C72, 0x8C72, 0x8C72, 0x8C72, 0x8C72, 0x8C72, 0x8C72, 0x8C72, 0x8C72, 0x8C72, 0x8C72, 0x8C72, 0x8C72,
    0x8C72, 0x8C72, 0x8C72, 0x8C72, 0x8C72, 0x8C72, 0x8C72, 0x8C72, 0x8C72, 0x8C72, 0x8C72, 0x8C72, 0x8C72, 0x8C72, 0x8C72, 0x8C72,
    0x8C72, 0x8C72, 0x8C72, 0x8C72, 0x8C72, 0x8C72, 0x8C72, 0x8C72, 0x8C72, 0x8C72, 0x8C72, 0x8C72, 0x8C72, 0x8C72, 0x8C72, 0x8C72,
    0x8C72, 0x8C72, 0x8C72, 0x8C72, 0x8C72, 0x6B4D, 0x0000, 0x0000, 0x0000, 0x0000, 0x0000, 0x0000, 0x0000, 0x0000, 0x0000, 0x0000,
    0x0000, 0x0000, 0x0000, 0x0000, 0x0000, 0x0000, 0x0000, 0x0000, 0x0000, 0x0000, 0x0000, 0x0000, 0x0000, 0x0000, 0x0000, 0x0000,
    0x0000, 0x0000, 0x0000, 0x0000, 0x0000, 0x0000, 0x0000, 0x0000, 0x0000, 0x0000, 0x0000, 0x0000, 0x0000, 0x0000, 0x0000, 0x0000,
    0x0000, 0xAD55, 0xE6FC, 0xE6FC, 0xE6FC, 0xE6FC, 0xE6FC, 0xE6FC, 0xE6FC, 0xE6FC, 0xE6FC, 0xE6FC, 0xE6FC, 0xE6FC, 0xE6FC, 0xE6FC,
    0xE6FC, 0xE6FC, 0xE6FC, 0xE6FC, 0xE6FC, 0xE6FC, 0xE6FC, 0xE6FC, 0xE6FC, 0xE6FC, 0xE6FC, 0xE6FC, 0xE6FC, 0xE6FC, 0xE6FC, 0xE6FC,
    0xE6FC, 0xE6FC, 0xE6FC, 0xE6FC, 0xE6FC, 0xE6FC, 0xE6FC, 0xE6FC, 0xE6FC, 0xE6FC, 0xE6FC, 0xE6FC, 0xE6FC, 0xE6FC, 0xE6FC, 0xE6FC,
    0xE6FC, 0xE6FC, 0x7BEF, 0x0000, 0x0000, 0x0000, 0x0000, 0x0000, 0x0000, 0x0000, 0x0000, 0x0000, 0x0000, 0x0000, 0x0000, 0x0000,
    0x0000, 0x0000, 0x0000, 0x7067, 0xE8AF, 0xE8AF, 0xE8AF, 0xE8AF, 0xE8AF, 0xE8AF, 0xE8AF, 0xE8AF, 0xE8AF, 0xE8AF, 0xE8AF, 0xE8AF,
    0xE8AF, 0xE8AF, 0xE8AF, 0xE8AF, 0xE8AF, 0xE8AF, 0xE8AF, 0xE8AF, 0xE8AF, 0xE8AF, 0xE8AF, 0xE8AF, 0xE8AF, 0xE8AF, 0xE8AF, 0xE8AF,
    0xA88B, 0x0000, 0x0000, 0x0000, 0x0000, 0x0000, 0x0000, 0x0000, 0x0000, 0x0000, 0x0000, 0x0000, 0x0000, 0x0000, 0x0000, 0x0000,
    0x0000, 0x2965, 0xE6FC, 0xE6FC, 0xE6FC, 0xE6FC, 0xE6FC, 0xE6FC, 0xE6FC, 0xE6FC, 0xE6FC, 0xE6FC, 0xE6FC, 0xE6FC, 0xE6FC, 0xE6FC,
    0xE6FC, 0xE6FC, 0xE6FC, 0xE6FC, 0xE6FC, 0xE6FC, 0xE6FC, 0xE6FC, 0xE6FC, 0xE6FC, 0xE6FC, 0xE6FC, 0xE6FC, 0xE6FC, 0xE6FC, 0xE6FC,
    0xE6FC, 0xE6FC, 0xE6FC, 0xE6FC, 0xE6FC, 0xE6FC, 0xE6FC, 0xE6FC, 0xE6FC, 0xE6FC, 0xE6FC, 0xE6FC, 0xE6FC, 0xE6FC, 0xE6FC, 0xE6FC,
    0xE6FC, 0xE6FC, 0xE6FC, 0x2965, 0x0000, 0x0000, 0x0000, 0x0000, 0x0000, 0x0000, 0x0000, 0x0000, 0x0000, 0x0000, 0x0000, 0x0000,
    0x0000, 0x0000, 0x0000, 0x0000, 0x0000, 0x0000, 0x0000, 0x0000, 0x0000, 0x0000, 0x0000, 0x0000, 0x0000, 0x0000, 0x0000, 0x0000,
    0x0000, 0x0000, 0x0000, 0x0000, 0x0000, 0x0000, 0x0000, 0x0000, 0x0000, 0x0000, 0x0000, 0x0000, 0x0000, 0x0000, 0x4A49, 0x8C72,
    0x8C72, 0x8C72, 0x8C72, 0x8C72, 0x8C72, 0x8C72, 0x8C72, 0x8C72, 0x8C72, 0x8C72, 0x8C72, 0x8C72, 0x8C72, 0x8C72, 0x8C72, 0x8C72,
    0x8C72, 0x8C72, 0x8C72, 0x8C72, 0x8C72, 0x8C72, 0x8C72, 0x8C72, 0x8C72, 0x8C72, 0x8C72, 0x8C72, 0x8C72, 0x8C72, 0x8C72, 0x8C72,
    0x8C72, 0x8C72, 0x8C72, 0x8C72, 0x8C72, 0x8C72, 0x8C72, 0x8C72, 0x8C72, 0x8C72, 0x8C72, 0x8C72, 0x8C72, 0x8C72, 0x8C72, 0x8C72,
    0x8C72, 0x6B4D, 0x0000, 0x0000, 0x0000, 0x0000, 0x0000, 0x0000, 0x0000, 0x0000, 0x0000, 0x0000, 0x0000, 0x0000, 0x0000, 0x0000,
    0x0000, 0x0000, 0x0000, 0x0000, 0x0000, 0x0000, 0x0000, 0x0000, 0x0000, 0x0000, 0x0000, 0x0000, 0x0000, 0x0000, 0x0000, 0x0000,
    0x0000, 0x0000, 0x0000, 0x0000, 0x0000, 0x0000, 0x0000, 0x0000, 0x0000, 0x0000, 0x0000, 0x0000, 0x0000, 0x2965, 0xE6FC, 0xE6FC,
    0xE6FC, 0xE6FC, 0xE6FC, 0xE6FC, 0xE6FC, 0xE6FC, 0xE6FC, 0xE6FC, 0xE6FC, 0xE6FC, 0xE6FC, 0xE6FC, 0xE6FC, 0xE6FC, 0xE6FC, 0xE6FC,
    0xE6FC, 0xE6FC, 0xE6FC, 0xE6FC, 0xE6FC, 0xE6FC, 0xE6FC, 0xE6FC, 0xE6FC, 0xE6FC, 0xE6FC, 0xE6FC, 0xE6FC, 0xE6FC, 0xE6FC, 0xE6FC,
    0xE6FC, 0xE6FC, 0xE6FC, 0xE6FC, 0xE6FC, 0xE6FC, 0xE6FC, 0xE6FC, 0xE6FC, 0xE6FC, 0xE6FC, 0xE6FC, 0xE6FC, 0xE6FC, 0xE6FC, 0x2965,
    0x0000, 0x0000, 0x0000, 0x0000, 0x0000, 0x0000, 0x0000, 0x0000, 0x0000, 0x0000, 0x0000, 0x0000, 0x0000, 0x0000, 0x0000, 0x0000,
    0xE8AF, 0xE8AF, 0xE8AF, 0xE8AF, 0xE8AF, 0xE8AF, 0xE8AF, 0xE8AF, 0xE8AF, 0xE8AF, 0xE8AF, 0xE8AF, 0xE8AF, 0xE8AF, 0xE8AF, 0xE8AF,
    0xE8AF, 0xE8AF, 0xE8AF, 0xE8AF, 0xE8AF, 0xE8AF, 0xE8AF, 0xE8AF, 0xE8AF, 0xE8AF, 0xE8AF, 0xE8AF, 0x3023, 0x0000, 0x0000, 0x0000,
    0x0000, 0x0000, 0x0000, 0x0000, 0x0000, 0x0000, 0x0000, 0x0000, 0x0000, 0x0000, 0x0000, 0x0000, 0x0000, 0xAD55, 0xE6FC, 0xE6FC,
    0xE6FC, 0xE6FC, 0xE6FC, 0xE6FC, 0xE6FC, 0xE6FC, 0xE6FC, 0xE6FC, 0xE6FC, 0xE6FC, 0xE6FC, 0xE6FC, 0xE6FC, 0xE6FC, 0xE6FC, 0xE6FC,
    0xE6FC, 0xE6FC, 0xE6FC, 0xE6FC, 0xE6FC, 0xE6FC, 0xE6FC, 0xE6FC, 0xE6FC, 0xE6FC, 0xE6FC, 0xE6FC, 0xE6FC, 0xE6FC, 0xE6FC, 0xE6FC,
    0xE6FC, 0xE6FC, 0xE6FC, 0xE6FC, 0xE6FC, 0xE6FC, 0xE6FC, 0xE6FC, 0xE6FC, 0xE6FC, 0xE6FC, 0xE6FC, 0xE6FC, 0xE6FC, 0x6B4D, 0x0000,
    0x0000, 0x0000, 0x0000, 0x0000, 0x0000, 0x0000, 0x0000, 0x0000, 0x0000, 0x0000, 0x0000, 0x0000, 0x0000, 0x0000, 0x0000, 0x0000,
    0x0000, 0x0000, 0x0000, 0x0000, 0x0000, 0x0000, 0x0000, 0x0000, 0x0000, 0x0000, 0x0000, 0x0000, 0x0000, 0x0000, 0x0000, 0x0000,
    0x0000, 0x0000, 0x0000, 0x0000, 0x0000, 0x0000, 0x0000, 0x0000, 0x0000, 0x0000, 0x4A49, 0x8C72, 0x8C72, 0x8C72, 0x8C72, 0x8C72,
    0x8C72, 0x8C72, 0x8C72, 0x8C72, 0x8C72, 0x8C72, 0x8C72, 0x8C72, 0x8C72, 0x8C72, 0x8C72, 0x8C72, 0x8C72, 0x8C72, 0x8C72, 0x8C72,
    0x8C72, 0x8C72, 0x8C72, 0x8C72, 0x8C72, 0x8C72, 0x8C72, 0x8C72, 0x8C72, 0x8C72, 0x8C72, 0x8C72, 0x8C72, 0x8C72, 0x8C72, 0x8C72,
    0x8C72, 0x8C72, 0x8C72, 0x8C72, 0x8C72, 0x8C72, 0x8C72, 0x8C72, 0x8C72, 0x8C72, 0x8C72, 0x8C72, 0x8C72, 0x6B4D, 0x0000, 0x0000,
    0x0000, 0x0000, 0x0000, 0x0000, 0x0000, 0x0000, 0x0000, 0x0000, 0x0000, 0x0000, 0x0000, 0x0000, 0x0000, 0x0000, 0x0000, 0x0000,
    0x0000, 0x0000, 0x0000, 0x0000, 0x0000, 0x0000, 0x0000, 0x0000, 0x0000, 0x0000, 0x0000, 0x0000, 0x0000, 0x0000, 0x0000, 0x0000,
    0x0000, 0x0000, 0x0000, 0x0000, 0x0000, 0x0000, 0x0000, 0x0000, 0x0000, 0x0000, 0x6B4D, 0xE6FC, 0xE6FC, 0xE6FC, 0xE6FC, 0xE6FC,
    0xE6FC, 0xE6FC, 0xE6FC, 0xE6FC, 0xE6FC, 0xE6FC, 0xE6FC, 0xE6FC, 0xE6FC, 0xE6FC, 0xE6FC, 0xE6FC, 0xE6FC, 0xE6FC, 0xE6FC, 0xE6FC,
    0xE6FC, 0xE6FC, 0xE6FC, 0xE6FC, 0xE6FC, 0xE6FC, 0xE6FC, 0xE6FC, 0xE6FC, 0xE6FC, 0xE6FC, 0xE6FC, 0xE6FC, 0xE6FC, 0xE6FC, 0xE6FC,
    0xE6FC, 0xE6FC, 0xE6FC, 0xE6FC, 0xE6FC, 0xE6FC, 0xE6FC, 0xE6FC, 0xE6FC, 0xE6FC, 0xE6FC, 0xAD55, 0x0000, 0x0000, 0x0000, 0x0000,
    0x0000, 0x0000, 0x0000, 0x0000, 0x0000, 0x0000, 0x0000, 0x0000, 0x0000, 0x0000, 0x0000, 0x0000, 0x3023, 0xE8AF, 0xE8AF, 0xE8AF,
    0xE8AF, 0xE8AF, 0xE8AF, 0xE8AF, 0xE8AF, 0xE8AF, 0xE8AF, 0xE8AF, 0xE8AF, 0xE8AF, 0xE8AF, 0xE8AF, 0xE8AF, 0xE8AF, 0xE8AF, 0xE8AF,
    0xE8AF, 0xE8AF, 0xE8AF, 0xE8AF, 0xE8AF, 0xE8AF, 0xE8AF, 0x7067, 0x0000, 0x0000, 0x0000, 0x0000, 0x0000, 0x0000, 0x0000, 0x0000,
    0x0000, 0x0000, 0x0000, 0x0000, 0x0000, 0x0000, 0x0000, 0x0000, 0x6B4D, 0xE6FC, 0xE6FC, 0xE6FC, 0xE6FC, 0xE6FC, 0xE6FC, 0xE6FC,
    0xE6FC, 0xE6FC, 0xE6FC, 0xE6FC, 0xE6FC, 0xE6FC, 0xE6FC, 0xE6FC, 0xE6FC, 0xE6FC, 0xE6FC, 0xE6FC, 0xE6FC, 0xE6FC, 0xE6FC, 0xE6FC,
    0xE6FC, 0xE6FC, 0xE6FC, 0xE6FC, 0xE6FC, 0xE6FC, 0xE6FC, 0xE6FC, 0xE6FC, 0xE6FC, 0xE6FC, 0xE6FC, 0xE6FC, 0xE6FC, 0xE6FC, 0xE6FC,
    0xE6FC, 0xE6FC, 0xE6FC, 0xE6FC, 0xE6FC, 0xE6FC, 0xE6FC, 0xE6FC, 0xE6FC, 0xAD55, 0x0000, 0x0000, 0x0000, 0x0000, 0x0000, 0x0000,
    0x0000, 0x0000, 0x0000, 0x0000, 0x0000, 0x0000, 0x0000, 0x0000, 0x0000, 0x0000, 0x0000, 0x0000, 0x0000, 0x0000, 0x0000, 0x0000,
    0x0000, 0x0000, 0x0000, 0x0000, 0x0000, 0x0000, 0x0000, 0x0000, 0x0000, 0x0000, 0x0000, 0x0000, 0x0000, 0x0000, 0x0000, 0x0000,
    0x0000, 0x0000, 0x0000, 0x0000, 0x0000, 0x0000, 0x4A49, 0x8C72, 0x8C72, 0x8C72, 0x8C72, 0x8C72, 0x8C72, 0x8C72, 0x8C72, 0x8C72,
    0x8C72, 0x8C72, 0x8C72, 0x8C72, 0x8C72, 0x8C72, 0x8C72, 0x8C72, 0x8C72, 0x8C72, 0x8C72, 0x8C72, 0x8C72, 0x8C72, 0x8C72, 0x8C72,
    0x8C72, 0x8C72, 0x8C72, 0x8C72, 0x8C72, 0x8C72, 0x8C72, 0x8C72, 0x8C72, 0x8C72, 0x8C72, 0x8C72, 0x8C72, 0x8C72, 0x8C72, 0x8C72,
    0x8C72, 0x8C72, 0x8C72, 0x8C72, 0x8C72, 0x8C72, 0x8C72, 0x8C72, 0x8C72, 0x6B4D, 0x0000, 0x0000, 0x0000, 0x0000, 0x0000, 0x0000,
    0x0000, 0x0000, 0x0000, 0x0000, 0x0000, 0x0000, 0x0000, 0x0000, 0x0000, 0x0000, 0x0000, 0x0000, 0x0000, 0x0000, 0x0000, 0x0000,
    0x0000, 0x0000, 0x0000, 0x0000, 0x0000, 0x0000, 0x0000, 0x0000, 0x0000, 0x0000, 0x0000, 0x0000, 0x0000, 0x0000, 0x0000, 0x0000,
    0x0000, 0x0000, 0x0000, 0x0000, 0x0000, 0x0000, 0x0000, 0xAD55, 0xE6FC, 0xE6FC, 0xE6FC, 0xE6FC, 0xE6FC, 0xE6FC, 0xE6FC, 0xE6FC,
    0xE6FC, 0xE6FC, 0xE6FC, 0xE6FC, 0xE6FC, 0xE6FC, 0xE6FC, 0xE6FC, 0xE6FC, 0xE6FC, 0xE6FC, 0xE6FC, 0xE6FC, 0xE6FC, 0xE6FC, 0xE6FC,
    0xE6FC, 0xE6FC, 0xE6FC, 0xE6FC, 0xE6FC, 0xE6FC, 0xE6FC, 0xE6FC, 0xE6FC, 0xE6FC, 0xE6FC, 0xE6FC, 0xE6FC, 0xE6FC, 0xE6FC, 0xE6FC,
    0xE6FC, 0xE6FC, 0xE6FC, 0xE6FC, 0xE6FC, 0xE6FC, 0xE6FC, 0xE6FC, 0x6B4D, 0x0000, 0x0000, 0x0000, 0x0000, 0x0000, 0x0000, 0x0000,
    0x0000, 0x0000, 0x0000, 0x0000, 0x0000, 0x0000, 0x0000, 0x0000, 0x0000, 0x7067, 0xE8AF, 0xE8AF, 0xE8AF, 0xE8AF, 0xE8AF, 0xE8AF,
    0xE8AF, 0xE8AF, 0xE8AF, 0xE8AF, 0xE8AF, 0xE8AF, 0xE8AF, 0xE8AF, 0xE8AF, 0xE8AF, 0xE8AF, 0xE8AF, 0xE8AF, 0xE8AF, 0xE8AF, 0xE8AF,
    0xE8AF, 0xE8AF, 0xE8AF, 0x0000, 0x0000, 0x0000, 0x0000, 0x0000, 0x0000, 0x0000, 0x0000, 0x0000, 0x0000, 0x0000, 0x0000, 0x0000,
    0x0000, 0x0000, 0x0000, 0x2965, 0xE6FC, 0xE6FC, 0xE6FC, 0xE6FC, 0xE6FC, 0xE6FC, 0xE6FC, 0xE6FC, 0xE6FC, 0xE6FC, 0xE6FC, 0xE6FC,
    0xE6FC, 0xE6FC, 0xE6FC, 0xE6FC, 0xE6FC, 0xE6FC, 0xE6FC, 0xE6FC, 0xE6FC, 0xE6FC, 0xE6FC, 0xE6FC, 0xE6FC, 0xE6FC, 0xE6FC, 0xE6FC,
    0xE6FC, 0xE6FC, 0xE6FC, 0xE6FC, 0xE6FC, 0xE6FC, 0xE6FC, 0xE6FC, 0xE6FC, 0xE6FC, 0xE6FC, 0xE6FC, 0xE6FC, 0xE6FC, 0xE6FC, 0xE6FC,
    0xE6FC, 0xE6FC, 0xE6FC, 0xE6FC, 0xE6FC, 0x2965, 0x0000, 0x0000, 0x0000, 0x0000, 0x0000, 0x0000, 0x0000, 0x0000, 0x0000, 0x0000,
    0x0000, 0x0000, 0x0000, 0x0000, 0x0000, 0x0000, 0x0000, 0x0000, 0x0000, 0x0000, 0x0000, 0x0000, 0x0000, 0x0000, 0x0000, 0x0000,
    0x0000, 0x0000, 0x0000, 0x0000, 0x0000, 0x0000, 0x0000, 0x0000, 0x0000, 0x0000, 0x0000, 0x0000, 0x0000, 0x0000, 0x0000, 0x0000,
    0x0000, 0x0000, 0x4A49, 0x8C72, 0x8C72, 0x8C72, 0x8C72, 0x8C72, 0x8C72, 0x8C72, 0x8C72, 0x8C72, 0x8C72, 0x8C72, 0x8C72, 0x8C72,
    0x8C72, 0x8C72, 0x8C72, 0x8C72, 0x8C72, 0x8C72, 0x8C72, 0x8C72, 0x8C72, 0x8C72, 0x8C72, 0x8C72, 0x8C72, 0x8C72, 0x8C72, 0x8C72,
    0x8C72, 0x8C72, 0x8C72, 0x8C72, 0x8C72, 0x8C72, 0x8C72, 0x8C72, 0x8C72, 0x8C72, 0x8C72, 0x8C72, 0x8C72, 0x8C72, 0x8C72, 0x8C72,
    0x8C72, 0x8C72, 0x8C72, 0x8C72, 0x8C72, 0x6B4D, 0x0000, 0x0000, 0x0000, 0x0000, 0x0000, 0x0000, 0x0000, 0x0000, 0x0000, 0x0000,
    0x0000, 0x0000, 0x0000, 0x0000, 0x0000, 0x0000, 0x0000, 0x0000, 0x0000, 0x0000, 0x0000, 0x0000, 0x0000, 0x0000, 0x0000, 0x0000,
    0x0000, 0x0000, 0x0000, 0x0000, 0x0000, 0x0000, 0x0000, 0x0000, 0x0000, 0x0000, 0x0000, 0x0000, 0x0000, 0x0000, 0x0000, 0x0000,
    0x0000, 0x0000, 0x0000, 0x2965, 0xE6FC, 0xE6FC, 0xE6FC, 0xE6FC, 0xE6FC, 0xE6FC, 0xE6FC, 0xE6FC, 0xE6FC, 0xE6FC, 0xE6FC, 0xE6FC,
    0xE6FC, 0xE6FC, 0xE6FC, 0xE6FC, 0xE6FC, 0xE6FC, 0xE6FC, 0xE6FC, 0xE6FC, 0xE6FC, 0xE6FC, 0xE6FC, 0xE6FC, 0xE6FC, 0xE6FC, 0xE6FC,
    0xE6FC, 0xE6FC, 0xE6FC, 0xE6FC, 0xE6FC, 0xE6FC, 0xE6FC, 0xE6FC, 0xE6FC, 0xE6FC, 0xE6FC, 0xE6FC, 0xE6FC, 0xE6FC, 0xE6FC, 0xE6FC,
    0xE6FC, 0xE6FC, 0xE6FC, 0xE6FC, 0xD659, 0x2965, 0x0000, 0x0000, 0x0000, 0x0000, 0x0000, 0x0000, 0x0000, 0x0000, 0x0000, 0x0000,
    0x0000, 0x0000, 0x0000, 0x0000, 0x0000, 0x0000, 0xE8AF, 0xE8AF, 0xE8AF, 0xE8AF, 0xE8AF, 0xE8AF, 0xE8AF, 0xE8AF, 0xE8AF, 0xE8AF,
    0xE8AF, 0xE8AF, 0xE8AF, 0xE8AF, 0xE8AF, 0xE8AF, 0xE8AF, 0xE8AF, 0xE8AF, 0xE8AF, 0xE8AF, 0xE8AF, 0xE8AF, 0xE8AF, 0x3023, 0x0000,
    0x0000, 0x0000, 0x0000, 0x0000, 0x0000, 0x0000, 0x0000, 0x0000, 0x0000, 0x0000, 0x0000, 0x0000, 0x0000, 0x0000, 0x0000, 0xAD55,
    0xE6FC, 0xE6FC, 0xE6FC, 0xE6FC, 0xE6FC, 0xE6FC, 0xE6FC, 0xE6FC, 0xE6FC, 0xE6FC, 0xE6FC, 0xE6FC, 0xE6FC, 0xE6FC, 0xE6FC, 0xE6FC,
    0xE6FC, 0xE6FC, 0xE6FC, 0xE6FC, 0xE6FC, 0xE6FC, 0xE6FC, 0xE6FC, 0xE6FC, 0xE6FC, 0xE6FC, 0xE6FC, 0xE6FC, 0xE6FC, 0xE6FC, 0xE6FC,
    0xE6FC, 0xE6FC, 0xE6FC, 0xE6FC, 0xE6FC, 0xE6FC, 0xE6FC, 0xE6FC, 0xE6FC, 0xE6FC, 0xE6FC, 0xE6FC, 0xE6FC, 0xE6FC, 0xE6FC, 0xE6FC,
    0x6B4D, 0x0000, 0x0000, 0x0000, 0x0000, 0x0000, 0x0000, 0x0000, 0x0000, 0x0000, 0x0000, 0x0000, 0x0000, 0x0000, 0x0000, 0x0000,
    0x0000, 0x0000, 0x0000, 0x0000, 0x0000, 0x0000, 0x0000, 0x0000, 0x0000, 0x0000, 0x0000, 0x0000, 0x0000, 0x0000, 0x0000, 0x0000,
    0x0000, 0x0000, 0x0000, 0x0000, 0x0000, 0x0000, 0x0000, 0x0000, 0x0000, 0x0000, 0x0000, 0x0000, 0x0000, 0x0000, 0x4A49, 0x8C72,
    0x8C72, 0x8C72, 0x8C72, 0x8C72, 0x8C72, 0x8C72, 0x8C72, 0x8C72, 0x8C72, 0x8C72, 0x8C72, 0x8C72, 0x8C72, 0x8C72, 0x8C72, 0x8C72,
    0x8C72, 0x8C72, 0x8C72, 0x8C72, 0x8C72, 0x8C72, 0x8C72, 0x8C72, 0x8C72, 0x8C72, 0x8C72, 0x8C72, 0x8C72, 0x8C72, 0x8C72, 0x8C72,
    0x8C72, 0x8C72, 0x8C72, 0x8C72, 0x8C72, 0x8C72, 0x8C72, 0x8C72, 0x8C72, 0x8C72, 0x8C72, 0x8C72, 0x8C72, 0x8C72, 0x8C72, 0x8C72,
    0x8C72, 0x6B4D, 0x0000, 0x0000, 0x0000, 0x0000, 0x0000, 0x0000, 0x0000, 0x0000, 0x0000, 0x0000, 0x0000, 0x0000, 0x0000, 0x0000,
    0x0000, 0x0000, 0x0000, 0x0000, 0x0000, 0x0000, 0x0000, 0x0000, 0x0000, 0x0000, 0x0000, 0x0000, 0x0000, 0x0000, 0x0000, 0x0000,
    0x0000, 0x0000, 0x0000, 0x0000, 0x0000, 0x0000, 0x0000, 0x0000, 0x0000, 0x0000, 0x0000, 0x0000, 0x0000, 0x0000, 0x0000, 0x0000,
    0x6B4D, 0xE6FC, 0xE6FC, 0xE6FC, 0xE6FC, 0xE6FC, 0xE6FC, 0xE6FC, 0xE6FC, 0xE6FC, 0xE6FC, 0xE6FC, 0xE6FC, 0xE6FC, 0xE6FC, 0xE6FC,
    0xE6FC, 0xE6FC, 0xE6FC, 0xE6FC, 0xE6FC, 0xE6FC, 0xE6FC, 0xE6FC, 0xE6FC, 0xE6FC, 0xE6FC, 0xE6FC, 0xE6FC, 0xE6FC, 0xE6FC, 0xE6FC,
    0xE6FC, 0xE6FC, 0xE6FC, 0xE6FC, 0xE6FC, 0xE6FC, 0xE6FC, 0xE6FC, 0xE6FC, 0xE6FC, 0xE6FC, 0xE6FC, 0xE6FC, 0xE6FC, 0xE6FC, 0xE6FC,
    0xE6FC, 0xAD55, 0x0000, 0x0000, 0x0000, 0x0000, 0x0000, 0x0000, 0x0000, 0x0000, 0x0000, 0x0000, 0x0000, 0x0000, 0x0000, 0x0000,
    0x0000, 0x0000, 0x3023, 0xE8AF, 0xE8AF, 0xE8AF, 0xE8AF, 0xE8AF, 0xE8AF, 0xE8AF, 0xE8AF, 0xE8AF, 0xE8AF, 0xE8AF, 0xE8AF, 0xE8AF,
    0xE8AF, 0xE8AF, 0xE8AF, 0xE8AF, 0xE8AF, 0xE8AF, 0xE8AF, 0xE8AF, 0xE8AF, 0xA88B, 0x0000, 0x0000, 0x0000, 0x0000, 0x0000, 0x0000,
    0x0000, 0x0000, 0x0000, 0x0000, 0x0000, 0x0000, 0x0000, 0x0000, 0x0000, 0x0000, 0x4A49, 0xE6FC, 0xE6FC, 0xE6FC, 0xE6FC, 0xE6FC,
    0xE6FC, 0xE6FC, 0xE6FC, 0xE6FC, 0xE6FC, 0xE6FC, 0xE6FC, 0xE6FC, 0xE6FC, 0xE6FC, 0xE6FC, 0xE6FC, 0xE6FC, 0xE6FC, 0xE6FC, 0xE6FC,
    0xE6FC, 0xE6FC, 0xE6FC, 0xE6FC, 0xE6FC, 0xE6FC, 0xE6FC, 0xE6FC, 0xE6FC, 0xE6FC, 0xE6FC, 0xE6FC, 0xE6FC, 0xE6FC, 0xE6FC, 0xE6FC,
    0xE6FC, 0xE6FC, 0xE6FC, 0xE6FC, 0xE6FC, 0xE6FC, 0xE6FC, 0xE6FC, 0xE6FC, 0xE6FC, 0xE6FC, 0xAD55, 0x0000, 0x0000, 0x0000, 0x0000,
    0x0000, 0x0000, 0x0000, 0x0000, 0x0000, 0x0000, 0x0000, 0x0000, 0x0000, 0x0000, 0x0000, 0x0000, 0x0000, 0x0000, 0x0000, 0x0000,
    0x0000, 0x0000, 0x0000, 0x0000, 0x0000, 0x0000, 0x0000, 0x0000, 0x0000, 0x0000, 0x0000, 0x0000, 0x0000, 0x0000, 0x0000, 0x0000,
    0x0000, 0x0000, 0x0000, 0x0000, 0x0000, 0x0000, 0x0000, 0x0000, 0x0000, 0x0000, 0x4A49, 0x8C72, 0x8C72, 0x8C72, 0x8C72, 0x8C72,
    0x8C72, 0x8C72, 0x8C72, 0x8C72, 0x8C72, 0x8C72, 0x8C72, 0x8C72, 0x8C72, 0x8C72, 0x8C72, 0x8C72, 0x8C72, 0x8C72, 0x8C72, 0x8C72,
    0x8C72, 0x8C72, 0x8C72, 0x8C72, 0x8C72, 0x8C72, 0x8C72, 0x8C72, 0x8C72, 0x8C72, 0x8C72, 0x8C72, 0x8C72, 0x8C72, 0x8C72, 0x8C72,
    0x8C72, 0x8C72, 0x8C72, 0x8C72, 0x8C72, 0x8C72, 0x8C72, 0x8C72, 0x8C72, 0x8C72, 0x8C72, 0x8C72, 0x8C72, 0x6B4D, 0x0000, 0x0000,
    0x0000, 0x0000, 0x0000, 0x0000, 0x0000, 0x0000, 0x0000, 0x0000, 0x0000, 0x0000, 0x0000, 0x0000, 0x0000, 0x0000, 0x0000, 0x0000,
    0x0000, 0x0000, 0x0000, 0x0000, 0x0000, 0x0000, 0x0000, 0x0000, 0x0000, 0x0000, 0x0000, 0x0000, 0x0000, 0x0000, 0x0000, 0x0000,
    0x0000, 0x0000, 0x0000, 0x0000, 0x0000, 0x0000, 0x0000, 0x0000, 0x0000, 0x0000, 0x0000, 0x0000, 0x0000, 0xAD55, 0xE6FC, 0xE6FC,
    0xE6FC, 0xE6FC, 0xE6FC, 0xE6FC, 0xE6FC, 0xE6FC, 0xE6FC, 0xE6FC, 0xE6FC, 0xE6FC, 0xE6FC, 0xE6FC, 0xE6FC, 0xE6FC, 0xE6FC, 0xE6FC,
    0xE6FC, 0xE6FC, 0xE6FC, 0xE6FC, 0xE6FC, 0xE6FC, 0xE6FC, 0xE6FC, 0xE6FC, 0xE6FC, 0xE6FC, 0xE6FC, 0xE6FC, 0xE6FC, 0xE6FC, 0xE6FC,
    0xE6FC, 0xE6FC, 0xE6FC, 0xE6FC, 0xE6FC, 0xE6FC, 0xE6FC, 0xE6FC, 0xE6FC, 0xE6FC, 0xE6FC, 0xE6FC, 0xE6FC, 0xE6FC, 0x4A49, 0x0000,
    0x0000, 0x0000, 0x0000, 0x0000, 0x0000, 0x0000, 0x0000, 0x0000, 0x0000, 0x0000, 0x0000, 0x0000, 0x0000, 0x0000, 0x0000, 0xA88B,
    0xE8AF, 0xE8AF, 0xE8AF, 0xE8AF, 0xE8AF, 0xE8AF, 0xE8AF, 0xE8AF, 0xE8AF, 0xE8AF, 0xE8AF, 0xE8AF, 0xE8AF, 0xE8AF, 0xE8AF, 0xE8AF,
    0xE8AF, 0xE8AF, 0xE8AF, 0xE8AF, 0xE8AF, 0x3023, 0x0000, 0x0000, 0x0000, 0x0000, 0x0000, 0x0000, 0x0000, 0x0000, 0x0000, 0x0000,
    0x0000, 0x0000, 0x0000, 0x0000, 0x0000, 0x0000, 0xD659, 0xE6FC, 0xE6FC, 0xE6FC, 0xE6FC, 0xE6FC, 0xE6FC, 0xE6FC, 0xE6FC, 0xE6FC,
    0xE6FC, 0xE6FC, 0xE6FC, 0xE6FC, 0xE6FC, 0xE6FC, 0xE6FC, 0xE6FC, 0xE6FC, 0xE6FC, 0xE6FC, 0xE6FC, 0xE6FC, 0xE6FC, 0xE6FC, 0xE6FC,
    0xE6FC, 0xE6FC, 0xE6FC, 0xE6FC, 0xE6FC, 0xE6FC, 0xE6FC, 0xE6FC, 0xE6FC, 0xE6FC, 0xE6FC, 0xE6FC, 0xE6FC, 0xE6FC, 0xE6FC, 0xE6FC,
    0xE6FC, 0xE6FC, 0xE6FC, 0xE6FC, 0xE6FC, 0xE6FC, 0xE6FC, 0x2965, 0x0000, 0x0000, 0x0000, 0x0000, 0x0000, 0x0000, 0x0000, 0x0000,
    0x0000, 0x0000, 0x0000, 0x0000, 0x0000, 0x0000, 0x0000, 0x0000, 0x0000, 0x0000, 0x0000, 0x0000, 0x0000, 0x0000, 0x0000, 0x0000,
    0x0000, 0x0000, 0x0000, 0x0000, 0x0000, 0x0000, 0x0000, 0x0000, 0x0000, 0x0000, 0x0000, 0x0000, 0x0000, 0x0000, 0x0000, 0x0000,
    0x0000, 0x0000, 0x0000, 0x0000, 0x0000, 0x0000, 0x4A49, 0x8C72, 0x8C72, 0x8C72, 0x8C72, 0x8C72, 0x8C72, 0x8C72, 0x8C72, 0x8C72,
    0x8C72, 0x8C72, 0x8C72, 0x8C72, 0x8C72, 0x8C72, 0x8C72, 0x8C72, 0x8C72, 0x8C72, 0x8C72, 0x8C72, 0x8C72, 0x8C72, 0x8C72, 0x8C72,
    0x8C72, 0x8C72, 0x8C72, 0x8C72, 0x8C72, 0x8C72, 0x8C72, 0x8C72, 0x8C72, 0x8C72, 0x8C72, 0x8C72, 0x8C72, 0x8C72, 0x8C72, 0x8C72,
    0x8C72, 0x8C72, 0x8C72, 0x8C72, 0x8C72, 0x8C72, 0x8C72, 0x8C72, 0x8C72, 0x6B4D, 0x0000, 0x0000, 0x0000, 0x0000, 0x0000, 0x0000,
    0x0000, 0x0000, 0x0000, 0x0000, 0x0000, 0x0000, 0x0000, 0x0000, 0x0000, 0x0000, 0x0000, 0x0000, 0x0000, 0x0000, 0x0000, 0x0000,
    0x0000, 0x0000, 0x0000, 0x0000, 0x0000, 0x0000, 0x0000, 0x0000, 0x0000, 0x0000, 0x0000, 0x0000, 0x0000, 0x0000, 0x0000, 0x0000,
    0x0000, 0x0000, 0x0000, 0x0000, 0x0000, 0x0000, 0x0000, 0x0000, 0x0000, 0x2965, 0xE6FC, 0xE6FC, 0xE6FC, 0xE6FC, 0xE6FC, 0xE6FC,
    0xE6FC, 0xE6FC, 0xE6FC, 0xE6FC, 0xE6FC, 0xE6FC, 0xE6FC, 0xE6FC, 0xE6FC, 0xE6FC, 0xE6FC, 0xE6FC, 0xE6FC, 0xE6FC, 0xE6FC, 0xE6FC,
    0xE6FC, 0xE6FC, 0xE6FC, 0xE6FC, 0xE6FC, 0xE6FC, 0xE6FC, 0xE6FC, 0xE6FC, 0xE6FC, 0xE6FC, 0xE6FC, 0xE6FC, 0xE6FC, 0xE6FC, 0xE6FC,
    0xE6FC, 0xE6FC, 0xE6FC, 0xE6FC, 0xE6FC, 0xE6FC, 0xE6FC, 0xE6FC, 0xE6FC, 0xE6FC, 0xD659, 0x0000, 0x0000, 0x0000, 0x0000, 0x0000,
    0x0000, 0x0000, 0x0000, 0x0000, 0x0000, 0x0000, 0x0000, 0x0000, 0x0000, 0x0000, 0x0000, 0x3023, 0xE8AF, 0xE8AF, 0xE8AF, 0xE8AF,
    0xE8AF, 0xE8AF, 0xE8AF, 0xE8AF, 0xE8AF, 0xE8AF, 0xE8AF, 0xE8AF, 0xE8AF, 0xE8AF, 0xE8AF, 0xE8AF, 0xE8AF, 0xE8AF, 0xE8AF, 0xE8AF,
    0x7067, 0x0000, 0x0000, 0x0000, 0x0000, 0x0000, 0x0000, 0x0000, 0x0000, 0x0000, 0x0000, 0x0000, 0x0000, 0x0000, 0x0000, 0x0000,
    0x0000, 0x9CD3, 0xE6FC, 0xE6FC, 0xE6FC, 0xE6FC, 0xE6FC, 0xE6FC, 0xE6FC, 0xE6FC, 0xE6FC, 0xE6FC, 0xE6FC, 0xE6FC, 0xE6FC, 0xE6FC,
    0xE6FC, 0xE6FC, 0xE6FC, 0xE6FC, 0xE6FC, 0xE6FC, 0xE6FC, 0xE6FC, 0xE6FC, 0xE6FC, 0xE6FC, 0xE6FC, 0xE6FC, 0xE6FC, 0xE6FC, 0xE6FC,
    0xE6FC, 0xE6FC, 0xE6FC, 0xE6FC, 0xE6FC, 0xE6FC, 0xE6FC, 0xE6FC, 0xE6FC, 0xE6FC, 0xE6FC, 0xE6FC, 0xE6FC, 0xE6FC, 0xE6FC, 0xE6FC,
    0xE6FC, 0xE6FC, 0x6B4D, 0x0000, 0x0000, 0x0000, 0x0000, 0x0000, 0x0000, 0x0000, 0x0000, 0x0000, 0x0000, 0x0000, 0x0000, 0x0000,
    0x0000, 0x0000, 0x0000, 0x0000, 0x0000, 0x0000, 0x0000, 0x0000, 0x0000, 0x0000, 0x0000, 0x0000, 0x0000, 0x0000, 0x0000, 0x0000,
    0x0000, 0x0000, 0x0000, 0x0000, 0x0000, 0x0000, 0x0000, 0x0000, 0x0000, 0x0000, 0x0000, 0x0000, 0x0000, 0x0000, 0x0000, 0x0000,
    0x0000, 0x0000, 0x4A49, 0x8C72, 0x8C72, 0x8C72, 0x8C72, 0x8C72, 0x8C72, 0x8C72, 0x8C72, 0x8C72, 0x8C72, 0x8C72, 0x8C72, 0x8C72,
    0x8C72, 0x8C72, 0x8C72, 0x8C72, 0x8C72, 0x8C72, 0x8C72, 0x8C72, 0x8C72, 0x8C72, 0x8C72, 0x8C72, 0x8C72, 0x8C72, 0x8C72, 0x8C72,
    0x8C72, 0x8C72, 0x8C72, 0x8C72, 0x8C72, 0x8C72, 0x8C72, 0x8C72, 0x8C72, 0x8C72, 0x8C72, 0x8C72, 0x8C72, 0x8C72, 0x8C72, 0x8C72,
    0x8C72, 0x8C72, 0x8C72, 0x8C72, 0x8C72, 0x6B4D, 0x0000, 0x0000, 0x0000, 0x0000, 0x0000, 0x0000, 0x0000, 0x0000, 0x0000, 0x0000,
    0x0000, 0x0000, 0x0000, 0x0000, 0x0000, 0x0000, 0x0000, 0x0000, 0x0000, 0x0000, 0x0000, 0x0000, 0x0000, 0x0000, 0x0000, 0x0000,
    0x0000, 0x0000, 0x0000, 0x0000, 0x0000, 0x0000, 0x0000, 0x0000, 0x0000, 0x0000, 0x0000, 0x0000, 0x0000, 0x0000, 0x0000, 0x0000,
    0x0000, 0x0000, 0x0000, 0x0000, 0x0000, 0x0000, 0x6B4D, 0xE6FC, 0xE6FC, 0xE6FC, 0xE6FC, 0xE6FC, 0xE6FC, 0xE6FC, 0xE6FC, 0xE6FC,
    0xE6FC, 0xE6FC, 0xE6FC, 0xE6FC, 0xE6FC, 0xE6FC, 0xE6FC, 0xE6FC, 0xE6FC, 0xE6FC, 0xE6FC, 0xE6FC, 0xE6FC, 0xE6FC, 0xE6FC, 0xE6FC,
    0xE6FC, 0xE6FC, 0xE6FC, 0xE6FC, 0xE6FC, 0xE6FC, 0xE6FC, 0xE6FC, 0xE6FC, 0xE6FC, 0xE6FC, 0xE6FC, 0xE6FC, 0xE6FC, 0xE6FC, 0xE6FC,
    0xE6FC, 0xE6FC, 0xE6FC, 0xE6FC, 0xE6FC, 0xE6FC, 0xE6FC, 0x9CD3, 0x0000, 0x0000, 0x0000, 0x0000, 0x0000, 0x0000, 0x0000, 0x0000,
    0x0000, 0x0000, 0x0000, 0x0000, 0x0000, 0x0000, 0x0000, 0x0000, 0x7067, 0xE8AF, 0xE8AF, 0xE8AF, 0xE8AF, 0xE8AF, 0xE8AF, 0xE8AF,
    0xE8AF, 0xE8AF, 0xE8AF, 0xE8AF, 0xE8AF, 0xE8AF, 0xE8AF, 0xE8AF, 0xE8AF, 0xE8AF, 0xE8AF, 0xA88B, 0x0000, 0x0000, 0x0000, 0x0000,
    0x0000, 0x0000, 0x0000, 0x0000, 0x0000, 0x0000, 0x0000, 0x0000, 0x0000, 0x0000, 0x0000, 0x0000, 0x2965, 0xE6FC, 0xE6FC, 0xE6FC,
    0xE6FC, 0xE6FC, 0xE6FC, 0xE6FC, 0xE6FC, 0xE6FC, 0xE6FC, 0xE6FC, 0xE6FC, 0xE6FC, 0xE6FC, 0xE6FC, 0xE6FC, 0xE6FC, 0xE6FC, 0xE6FC,
    0xE6FC, 0xE6FC, 0xE6FC, 0xE6FC, 0xE6FC, 0xE6FC, 0xE6FC, 0xE6FC, 0xE6FC, 0xE6FC, 0xE6FC, 0xE6FC, 0xE6FC, 0xE6FC, 0xE6FC, 0xE6FC,
    0xE6FC, 0xE6FC, 0xE6FC, 0xE6FC, 0xE6FC, 0xE6FC, 0xE6FC, 0xE6FC, 0xE6FC, 0xE6FC, 0xE6FC, 0xE6FC, 0xE6FC, 0xAD55, 0x0000, 0x0000,
    0x0000, 0x0000, 0x0000, 0x0000, 0x0000, 0x0000, 0x0000, 0x0000, 0x0000, 0x0000, 0x0000, 0x0000, 0x0000, 0x0000, 0x0000, 0x0000,
    0x0000, 0x0000, 0x0000, 0x0000, 0x0000, 0x0000, 0x0000, 0x0000, 0x0000, 0x0000, 0x0000, 0x0000, 0x0000, 0x0000, 0x0000, 0x0000,
    0x0000, 0x0000, 0x0000, 0x0000, 0x0000, 0x0000, 0x0000, 0x0000, 0x0000, 0x0000, 0x0000, 0x0000, 0x0000, 0x0000, 0x4A49, 0x8C72,
    0x8C72, 0x8C72, 0x8C72, 0x8C72, 0x8C72, 0x8C72, 0x8C72, 0x8C72, 0x8C72, 0x8C72, 0x8C72, 0x8C72, 0x8C72, 0x8C72, 0x8C72, 0x8C72,
    0x8C72, 0x8C72, 0x8C72, 0x8C72, 0x8C72, 0x8C72, 0x8C72, 0x8C72, 0x8C72, 0x8C72, 0x8C72, 0x8C72, 0x8C72, 0x8C72, 0x8C72, 0x8C72,
    0x8C72, 0x8C72, 0x8C72, 0x8C72, 0x8C72, 0x8C72, 0x8C72, 0x8C72, 0x8C72, 0x8C72, 0x8C72, 0x8C72, 0x8C72, 0x8C72, 0x8C72, 0x8C72,
    0x8C72, 0x6B4D, 0x0000, 0x0000, 0x0000, 0x0000, 0x0000, 0x0000, 0x0000, 0x0000, 0x0000, 0x0000, 0x0000, 0x0000, 0x0000, 0x0000,
    0x0000, 0x0000, 0x0000, 0x0000, 0x0000, 0x0000, 0x0000, 0x0000, 0x0000, 0x0000, 0x0000, 0x0000, 0x0000, 0x0000, 0x0000, 0x0000,
    0x0000, 0x0000, 0x0000, 0x0000, 0x0000, 0x0000, 0x0000, 0x0000, 0x0000, 0x0000, 0x0000, 0x0000, 0x0000, 0x0000, 0x0000, 0x0000,
    0x0000, 0x0000, 0x0000, 0xAD55, 0xE6FC, 0xE6FC, 0xE6FC, 0xE6FC, 0xE6FC, 0xE6FC, 0xE6FC, 0xE6FC, 0xE6FC, 0xE6FC, 0xE6FC, 0xE6FC,
    0xE6FC, 0xE6FC, 0xE6FC, 0xE6FC, 0xE6FC, 0xE6FC, 0xE6FC, 0xE6FC, 0xE6FC, 0xE6FC, 0xE6FC, 0xE6FC, 0xE6FC, 0xE6FC, 0xE6FC, 0xE6FC,
    0xE6FC, 0xE6FC, 0xE6FC, 0xE6FC, 0xE6FC, 0xE6FC, 0xE6FC, 0xE6FC, 0xE6FC, 0xE6FC, 0xE6FC, 0xE6FC, 0xE6FC, 0xE6FC, 0xE6FC, 0xE6FC,
    0xE6FC, 0xE6FC, 0xE6FC, 0xE6FC, 0x2965, 0x0000, 0x0000, 0x0000, 0x0000, 0x0000, 0x0000, 0x0000, 0x0000, 0x0000, 0x0000, 0x0000,
    0x0000, 0x0000, 0x0000, 0x0000, 0x0000, 0xA88B, 0xE8AF, 0xE8AF, 0xE8AF, 0xE8AF, 0xE8AF, 0xE8AF, 0xE8AF, 0xE8AF, 0xE8AF, 0xE8AF,
    0xE8AF, 0xE8AF, 0xE8AF, 0xE8AF, 0xE8AF, 0xE8AF, 0xE8AF, 0x3023, 0x0000, 0x0000, 0x0000, 0x0000, 0x0000, 0x0000, 0x0000, 0x0000,
    0x0000, 0x0000, 0x0000, 0x0000, 0x0000, 0x0000, 0x0000, 0x0000, 0xD659, 0xE6FC, 0xE6FC, 0xE6FC, 0xE6FC, 0xE6FC, 0xE6FC, 0xE6FC,
    0xE6FC, 0xE6FC, 0xE6FC, 0xE6FC, 0xE6FC, 0xE6FC, 0xE6FC, 0xE6FC, 0xE6FC, 0xE6FC, 0xE6FC, 0xE6FC, 0xE6FC, 0xE6FC, 0xE6FC, 0xE6FC,
    0xE6FC, 0xE6FC, 0xE6FC, 0xE6FC, 0xE6FC, 0xE6FC, 0xE6FC, 0xE6FC, 0xE6FC, 0xE6FC, 0xE6FC, 0xE6FC, 0xE6FC, 0xE6FC, 0xE6FC, 0xE6FC,
    0xE6FC, 0xE6FC, 0xE6FC, 0xE6FC, 0xE6FC, 0xE6FC, 0xE6FC, 0xE6FC, 0xE6FC, 0x2965, 0x0000, 0x0000, 0x0000, 0x0000, 0x0000, 0x0000,
    0x0000, 0x0000, 0x0000, 0x0000, 0x0000, 0x0000, 0x0000, 0x0000, 0x0000, 0x0000, 0x0000, 0x0000, 0x0000, 0x0000, 0x0000, 0x0000,
    0x0000, 0x0000, 0x0000, 0x0000, 0x0000, 0x0000, 0x0000, 0x0000, 0x0000, 0x0000, 0x0000, 0x0000, 0x0000, 0x0000, 0x0000, 0x0000,
    0x0000, 0x0000, 0x0000, 0x0000, 0x0000, 0x0000, 0x0000, 0x0000, 0x0000, 0x0000, 0x4A49, 0x8C72, 0x8C72, 0x8C72, 0x8C72, 0x8C72,
    0x8C72, 0x8C72, 0x8C72, 0x8C72, 0x8C72, 0x8C72, 0x8C72, 0x8C72, 0x8C72, 0x8C72, 0x8C72, 0x8C72, 0x8C72, 0x8C72, 0x8C72, 0x8C72,
    0x8C72, 0x8C72, 0x8C72, 0x8C72, 0x8C72, 0x8C72, 0x8C72, 0x8C72, 0x8C72, 0x8C72, 0x8C72, 0x8C72, 0x8C72, 0x8C72, 0x8C72, 0x8C72,
    0x8C72, 0x8C72, 0x8C72, 0x8C72, 0x8C72, 0x8C72, 0x8C72, 0x8C72, 0x8C72, 0x8C72, 0x8C72, 0x8C72, 0x8C72, 0x6B4D, 0x0000, 0x0000,
    0x0000, 0x0000, 0x0000, 0x0000, 0x0000, 0x0000, 0x0000, 0x0000, 0x0000, 0x0000, 0x0000, 0x0000, 0x0000, 0x0000, 0x0000, 0x0000,
    0x0000, 0x0000, 0x0000, 0x0000, 0x0000, 0x0000, 0x0000, 0x0000, 0x0000, 0x0000, 0x0000, 0x0000, 0x0000, 0x0000, 0x0000, 0x0000,
    0x0000, 0x0000, 0x0000, 0x0000, 0x0000, 0x0000, 0x0000, 0x0000, 0x0000, 0x0000, 0x0000, 0x0000, 0x0000, 0x0000, 0x0000, 0x2965,
    0xE6FC, 0xE6FC, 0xE6FC, 0xE6FC, 0xE6FC, 0xE6FC, 0xE6FC, 0xE6FC, 0xE6FC, 0xE6FC, 0xE6FC, 0xE6FC, 0xE6FC, 0xE6FC, 0xE6FC, 0xE6FC,
    0xE6FC, 0xE6FC, 0xE6FC, 0xE6FC, 0xE6FC, 0xE6FC, 0xE6FC, 0xE6FC, 0xE6FC, 0xE6FC, 0xE6FC, 0xE6FC, 0xE6FC, 0xE6FC, 0xE6FC, 0xE6FC,
    0xE6FC, 0xE6FC, 0xE6FC, 0xE6FC, 0xE6FC, 0xE6FC, 0xE6FC, 0xE6FC, 0xE6FC, 0xE6FC, 0xE6FC, 0xE6FC, 0xE6FC, 0xE6FC, 0xE6FC, 0xE6FC,
    0xD659, 0x0000, 0x0000, 0x0000, 0x0000, 0x0000, 0x0000, 0x0000, 0x0000, 0x0000, 0x0000, 0x0000, 0x0000, 0x0000, 0x0000, 0x0000,
    0x0000, 0x3023, 0xE8AF, 0xE8AF, 0xE8AF, 0xE8AF, 0xE8AF, 0xE8AF, 0xE8AF, 0xE8AF, 0xE8AF, 0xE8AF, 0xE8AF, 0xE8AF, 0xE8AF, 0xE8AF,
    0xE8AF, 0xE8AF, 0x7067, 0x0000, 0x0000, 0x0000, 0x0000, 0x0000, 0x0000, 0x0000, 0x0000, 0x0000, 0x0000, 0x0000, 0x0000, 0x0000,
    0x0000, 0x0000, 0x0000, 0x7BEF, 0xE6FC, 0xE6FC, 0xE6FC, 0xE6FC, 0xE6FC, 0xE6FC, 0xE6FC, 0xE6FC, 0xE6FC, 0xE6FC, 0xE6FC, 0xE6FC,
    0xE6FC, 0xE6FC, 0xE6FC, 0xE6FC, 0xE6FC, 0xE6FC, 0xE6FC, 0xE6FC, 0xE6FC, 0xE6FC, 0xE6FC, 0xE6FC, 0xE6FC, 0xE6FC, 0xE6FC, 0xE6FC,
    0xE6FC, 0xE6FC, 0xE6FC, 0xE6FC, 0xE6FC, 0xE6FC, 0xE6FC, 0xE6FC, 0xE6FC, 0xE6FC, 0xE6FC, 0xE6FC, 0xE6FC, 0xE6FC, 0xE6FC, 0xE6FC,
    0xE6FC, 0xE6FC, 0xE6FC, 0xE6FC, 0x6B4D, 0x0000, 0x0000, 0x0000, 0x0000, 0x0000, 0x0000, 0x0000, 0x0000, 0x0000, 0x0000, 0x0000,
    0x0000, 0x0000, 0x0000, 0x0000, 0x0000, 0x0000, 0x0000, 0x0000, 0x0000, 0x0000, 0x0000, 0x0000, 0x0000, 0x0000, 0x0000, 0x0000,
    0x0000, 0x0000, 0x0000, 0x0000, 0x0000, 0x0000, 0x0000, 0x0000, 0x0000, 0x0000, 0x0000, 0x0000, 0x0000, 0x0000, 0x0000, 0x0000,
    0x0000, 0x0000, 0x0000, 0x0000, 0x0000, 0x0000, 0x4A49, 0x8C72, 0x8C72, 0x8C72, 0x8C72, 0x8C72, 0x8C72, 0x8C72, 0x8C72, 0x8C72,
    0x8C72, 0x8C72, 0x8C72, 0x8C72, 0x8C72, 0x8C72, 0x8C72, 0x8C72, 0x8C72, 0x8C72, 0x8C72, 0x8C72, 0x8C72, 0x8C72, 0x8C72, 0x8C72,
    0x8C72, 0x8C72, 0x8C72, 0x8C72, 0x8C72, 0x8C72, 0x8C72, 0x8C72, 0x8C72, 0x8C72, 0x8C72, 0x8C72, 0x8C72, 0x8C72, 0x8C72, 0x8C72,
    0x8C72, 0x8C72, 0x8C72, 0x8C72, 0x8C72, 0x8C72, 0x8C72, 0x8C72, 0x8C72, 0x6B4D, 0x0000, 0x0000, 0x0000, 0x0000, 0x0000, 0x0000,
    0x0000, 0x0000, 0x0000, 0x0000, 0x0000, 0x0000, 0x0000, 0x0000, 0x0000, 0x0000, 0x0000, 0x0000, 0x0000, 0x0000, 0x0000, 0x0000,
    0x0000, 0x0000, 0x0000, 0x0000, 0x0000, 0x0000, 0x0000, 0x0000, 0x0000, 0x0000, 0x0000, 0x0000, 0x0000, 0x0000, 0x0000, 0x0000,
    0x0000, 0x0000, 0x0000, 0x0000, 0x0000, 0x0000, 0x0000, 0x0000, 0x0000, 0x0000, 0x0000, 0x0000, 0x6B4D, 0xE6FC, 0xE6FC, 0xE6FC,
    0xE6FC, 0xE6FC, 0xE6FC, 0xE6FC, 0xE6FC, 0xE6FC, 0xE6FC, 0xE6FC, 0xE6FC, 0xE6FC, 0xE6FC, 0xE6FC, 0xE6FC, 0xE6FC, 0xE6FC, 0xE6FC,
    0xE6FC, 0xE6FC, 0xE6FC, 0xE6FC, 0xE6FC, 0xE6FC, 0xE6FC, 0xE6FC, 0xE6FC, 0xE6FC, 0xE6FC, 0xE6FC, 0xE6FC, 0xE6FC, 0xE6FC, 0xE6FC,
    0xE6FC, 0xE6FC, 0xE6FC, 0xE6FC, 0xE6FC, 0xE6FC, 0xE6FC, 0xE6FC, 0xE6FC, 0xE6FC, 0xE6FC, 0xE6FC, 0xE6FC, 0x6B4D, 0x0000, 0x0000,
    0x0000, 0x0000, 0x0000, 0x0000, 0x0000, 0x0000, 0x0000, 0x0000, 0x0000, 0x0000, 0x0000, 0x0000, 0x0000, 0x0000, 0x7067, 0xE8AF,
    0xE8AF, 0xE8AF, 0xE8AF, 0xE8AF, 0xE8AF, 0xE8AF, 0xE8AF, 0xE8AF, 0xE8AF, 0xE8AF, 0xE8AF, 0xE8AF, 0xE8AF, 0xE8AF, 0x0000, 0x0000,
    0x0000, 0x0000, 0x0000, 0x0000, 0x0000, 0x0000, 0x0000, 0x0000, 0x0000, 0x0000, 0x0000, 0x0000, 0x0000, 0x0000, 0x2965, 0xE6FC,
    0xE6FC, 0xE6FC, 0xE6FC, 0xE6FC, 0xE6FC, 0xE6FC, 0xE6FC, 0xE6FC, 0xE6FC, 0xE6FC, 0xE6FC, 0xE6FC, 0xE6FC, 0xE6FC, 0xE6FC, 0xE6FC,
    0xE6FC, 0xE6FC, 0xE6FC, 0xE6FC, 0xE6FC, 0xE6FC, 0xE6FC, 0xE6FC, 0xE6FC, 0xE6FC, 0xE6FC, 0xE6FC, 0xE6FC, 0xE6FC, 0xE6FC, 0xE6FC,
    0xE6FC, 0xE6FC, 0xE6FC, 0xE6FC, 0xE6FC, 0xE6FC, 0xE6FC, 0xE6FC, 0xE6FC, 0xE6FC, 0xE6FC, 0xE6FC, 0xE6FC, 0xE6FC, 0xE6FC, 0xAD55,
    0x0000, 0x0000, 0x0000, 0x0000, 0x0000, 0x0000, 0x0000, 0x0000, 0x0000, 0x0000, 0x0000, 0x0000, 0x0000, 0x0000, 0x0000, 0x0000,
    0x0000, 0x0000, 0x0000, 0x0000, 0x0000, 0x0000, 0x0000, 0x0000, 0x0000, 0x0000, 0x0000, 0x0000, 0x0000, 0x0000, 0x0000, 0x0000,
    0x0000, 0x0000, 0x0000, 0x0000, 0x0000, 0x0000, 0x0000, 0x0000, 0x0000, 0x0000, 0x0000, 0x0000, 0x0000, 0x0000, 0x0000, 0x0000,
    0x0000, 0x0000, 0x4A49, 0x8C72, 0x8C72, 0x8C72, 0x8C72, 0x8C72, 0x8C72, 0x8C72, 0x8C72, 0x8C72, 0x8C72, 0x8C72, 0x8C72, 0x8C72,
    0x8C72, 0x8C72, 0x8C72, 0x8C72, 0x8C72, 0x8C72, 0x8C72, 0x8C72, 0x8C72, 0x8C72, 0x8C72, 0x8C72, 0x8C72, 0x8C72, 0x8C72, 0x8C72,
    0x8C72, 0x8C72, 0x8C72, 0x8C72, 0x8C72, 0x8C72, 0x8C72, 0x8C72, 0x8C72, 0x8C72, 0x8C72, 0x8C72, 0x8C72, 0x8C72, 0x8C72, 0x8C72,
    0x8C72, 0x8C72, 0x8C72, 0x8C72, 0x8C72, 0x6B4D, 0x0000, 0x0000, 0x0000, 0x0000, 0x0000, 0x0000, 0x0000, 0x0000, 0x0000, 0x0000,
    0x0000, 0x0000, 0x0000, 0x0000, 0x0000, 0x0000, 0x0000, 0x0000, 0x0000, 0x0000, 0x0000, 0x0000, 0x0000, 0x0000, 0x0000, 0x0000,
    0x0000, 0x0000, 0x0000, 0x0000, 0x0000, 0x0000, 0x0000, 0x0000, 0x0000, 0x0000, 0x0000, 0x0000, 0x0000, 0x0000, 0x0000, 0x0000,
    0x0000, 0x0000, 0x0000, 0x0000, 0x0000, 0x0000, 0x0000, 0x0000, 0x0000, 0xAD55, 0xE6FC, 0xE6FC, 0xE6FC, 0xE6FC, 0xE6FC, 0xE6FC,
    0xE6FC, 0xE6FC, 0xE6FC, 0xE6FC, 0xE6FC, 0xE6FC, 0xE6FC, 0xE6FC, 0xE6FC, 0xE6FC, 0xE6FC, 0xE6FC, 0xE6FC, 0xE6FC, 0xE6FC, 0xE6FC,
    0xE6FC, 0xE6FC, 0xE6FC, 0xE6FC, 0xE6FC, 0xE6FC, 0xE6FC, 0xE6FC, 0xE6FC, 0xE6FC, 0xE6FC, 0xE6FC, 0xE6FC, 0xE6FC, 0xE6FC, 0xE6FC,
    0xE6FC, 0xE6FC, 0xE6FC, 0xE6FC, 0xE6FC, 0xE6FC, 0xE6FC, 0xE6FC, 0xE6FC, 0xE6FC, 0x2965, 0x0000, 0x0000, 0x0000, 0x0000, 0x0000,
    0x0000, 0x0000, 0x0000, 0x0000, 0x0000, 0x0000, 0x0000, 0x0000, 0x0000, 0x0000, 0x0000, 0xE8AF, 0xE8AF, 0xE8AF, 0xE8AF, 0xE8AF,
    0xE8AF, 0xE8AF, 0xE8AF, 0xE8AF, 0xE8AF, 0xE8AF, 0xE8AF, 0xE8AF, 0xE8AF, 0x3023, 0x0000, 0x0000, 0x0000, 0x0000, 0x0000, 0x0000,
    0x0000, 0x0000, 0x0000, 0x0000, 0x0000, 0x0000, 0x0000, 0x0000, 0x0000, 0x0000, 0xAD55, 0xE6FC, 0xE6FC, 0xE6FC, 0xE6FC, 0xE6FC,
    0xE6FC, 0xE6FC, 0xE6FC, 0xE6FC, 0xE6FC, 0xE6FC, 0xE6FC, 0xE6FC, 0xE6FC, 0xE6FC, 0xE6FC, 0xE6FC, 0xE6FC, 0xE6FC, 0xE6FC, 0xE6FC,
    0xE6FC, 0xE6FC, 0xE6FC, 0xE6FC, 0xE6FC, 0xE6FC, 0xE6FC, 0xE6FC, 0xE6FC, 0xE6FC, 0xE6FC, 0xE6FC, 0xE6FC, 0xE6FC, 0xE6FC, 0xE6FC,
    0xE6FC, 0xE6FC, 0xE6FC, 0xE6FC, 0xE6FC, 0xE6FC, 0xE6FC, 0xE6FC, 0xE6FC, 0xE6FC, 0xE6FC, 0x2965, 0x0000, 0x0000, 0x0000, 0x0000,
    0x0000, 0x0000, 0x0000, 0x0000, 0x0000, 0x0000, 0x0000, 0x0000, 0x0000, 0x0000, 0x0000, 0x0000, 0x0000, 0x0000, 0x0000, 0x0000,
    0x0000, 0x0000, 0x0000, 0x0000, 0x0000, 0x0000, 0x0000, 0x0000, 0x0000, 0x0000, 0x0000, 0x0000, 0x0000, 0x0000, 0x0000, 0x0000,
    0x0000, 0x0000, 0x0000, 0x0000, 0x0000, 0x0000, 0x0000, 0x0000, 0x0000, 0x0000, 0x0000, 0x0000, 0x0000, 0x0000, 0x4A49, 0x8C72,
    0x8C72, 0x8C72, 0x8C72, 0x8C72, 0x8C72, 0x8C72, 0x8C72, 0x8C72, 0x8C72, 0x8C72, 0x8C72, 0x8C72, 0x8C72, 0x8C72, 0x8C72, 0x8C72,
    0x8C72, 0x8C72, 0x8C72, 0x8C72, 0x8C72, 0x8C72, 0x8C72, 0x8C72, 0x8C72, 0x8C72, 0x8C72, 0x8C72, 0x8C72, 0x8C72, 0x8C72, 0x8C72,
    0x8C72, 0x8C72, 0x8C72, 0x8C72, 0x8C72, 0x8C72, 0x8C72, 0x8C72, 0x8C72, 0x8C72, 0x8C72, 0x8C72, 0x8C72, 0x8C72, 0x8C72, 0x8C72,
    0x8C72, 0x6B4D, 0x0000, 0x0000, 0x0000, 0x0000, 0x0000, 0x0000, 0x0000, 0x0000, 0x0000, 0x0000, 0x0000, 0x0000, 0x0000, 0x0000,
    0x0000, 0x0000, 0x0000, 0x0000, 0x0000, 0x0000, 0x0000, 0x0000, 0x0000, 0x0000, 0x0000, 0x0000, 0x0000, 0x0000, 0x0000, 0x0000,
    0x0000, 0x0000, 0x0000, 0x0000, 0x0000, 0x0000, 0x0000, 0x0000, 0x0000, 0x0000, 0x0000, 0x0000, 0x0000, 0x0000, 0x0000, 0x0000,
    0x0000, 0x0000, 0x0000, 0x0000, 0x0000, 0x2965, 0xE6FC, 0xE6FC, 0xE6FC, 0xE6FC, 0xE6FC, 0xE6FC, 0xE6FC, 0xE6FC, 0xE6FC, 0xE6FC,
    0xE6FC, 0xE6FC, 0xE6FC, 0xE6FC, 0xE6FC, 0xE6FC, 0xE6FC, 0xE6FC, 0xE6FC, 0xE6FC, 0xE6FC, 0xE6FC, 0xE6FC, 0xE6FC, 0xE6FC, 0xE6FC,
    0xE6FC, 0xE6FC, 0xE6FC, 0xE6FC, 0xE6FC, 0xE6FC, 0xE6FC, 0xE6FC, 0xE6FC, 0xE6FC, 0xE6FC, 0xE6FC, 0xE6FC, 0xE6FC, 0xE6FC, 0xE6FC,
    0xE6FC, 0xE6FC, 0xE6FC, 0xE6FC, 0xE6FC, 0xE6FC, 0xAD55, 0x0000, 0x0000, 0x0000, 0x0000, 0x0000, 0x0000, 0x0000, 0x0000, 0x0000,
    0x0000, 0x0000, 0x0000, 0x0000, 0x0000, 0x0000, 0x0000, 0x3023, 0xE8AF, 0xE8AF, 0xE8AF, 0xE8AF, 0xE8AF, 0xE8AF, 0xE8AF, 0xE8AF,
    0xE8AF, 0xE8AF, 0xE8AF, 0xE8AF, 0xA88B, 0x0000, 0x0000, 0x0000, 0x0000, 0x0000, 0x0000, 0x0000, 0x0000, 0x0000, 0x0000, 0x0000,
    0x0000, 0x0000, 0x0000, 0x0000, 0x0000, 0x6B4D, 0xE6FC, 0xE6FC, 0xE6FC, 0xE6FC, 0xE6FC, 0xE6FC, 0xE6FC, 0xE6FC, 0xE6FC, 0xE6FC,
    0xE6FC, 0xE6FC, 0xE6FC, 0xE6FC, 0xE6FC, 0xE6FC, 0xE6FC, 0xE6FC, 0xE6FC, 0xE6FC, 0xE6FC, 0xE6FC, 0xE6FC, 0xE6FC, 0xE6FC, 0xE6FC,
    0xE6FC, 0xE6FC, 0xE6FC, 0xE6FC, 0xE6FC, 0xE6FC, 0xE6FC, 0xE6FC, 0xE6FC, 0xE6FC, 0xE6FC, 0xE6FC, 0xE6FC, 0xE6FC, 0xE6FC, 0xE6FC,
    0xE6FC, 0xE6FC, 0xE6FC, 0xE6FC, 0xE6FC, 0xE6FC, 0x6B4D, 0x0000, 0x0000, 0x0000, 0x0000, 0x0000, 0x0000, 0x0000, 0x0000, 0x0000,
    0x0000, 0x0000, 0x0000, 0x0000, 0x0000, 0x0000, 0x0000, 0x0000, 0x0000, 0x0000, 0x0000, 0x0000, 0x0000, 0x0000, 0x0000, 0x0000,
    0x0000, 0x0000, 0x0000, 0x0000, 0x0000, 0x0000, 0x0000, 0x0000, 0x0000, 0x0000, 0x0000, 0x0000, 0x0000, 0x0000, 0x0000, 0x0000,
    0x0000, 0x0000, 0x0000, 0x0000, 0x0000, 0x0000, 0x0000, 0x0000, 0x0000, 0x0000, 0x4A49, 0x8C72, 0x8C72, 0x8C72, 0x8C72, 0x8C72,
    0x8C72, 0x8C72, 0x8C72, 0x8C72, 0x8C72, 0x8C72, 0x8C72, 0x8C72, 0x8C72, 0x8C72, 0x8C72, 0x8C72, 0x8C72, 0x8C72, 0x8C72, 0x8C72,
    0x8C72, 0x8C72, 0x8C72, 0x8C72, 0x8C72, 0x8C72, 0x8C72, 0x8C72, 0x8C72, 0x8C72, 0x8C72, 0x8C72, 0x8C72, 0x8C72, 0x8C72, 0x8C72,
    0x8C72, 0x8C72, 0x8C72, 0x8C72, 0x8C72, 0x8C72, 0x8C72, 0x8C72, 0x8C72, 0x8C72, 0x8C72, 0x8C72, 0x8C72, 0x6B4D, 0x0000, 0x0000,
    0x0000, 0x0000, 0x0000, 0x0000, 0x0000, 0x0000, 0x0000, 0x0000, 0x0000, 0x0000, 0x0000, 0x0000, 0x0000, 0x0000, 0x0000, 0x0000,
    0x0000, 0x0000, 0x0000, 0x0000, 0x0000, 0x0000, 0x0000, 0x0000, 0x0000, 0x0000, 0x0000, 0x0000, 0x0000, 0x0000, 0x0000, 0x0000,
    0x0000, 0x0000, 0x0000, 0x0000, 0x0000, 0x0000, 0x0000, 0x0000, 0x0000, 0x0000, 0x0000, 0x0000, 0x0000, 0x0000, 0x0000, 0x0000,
    0x0000, 0x0000, 0x6B4D, 0xE6FC, 0xE6FC, 0xE6FC, 0xE6FC, 0xE6FC, 0xE6FC, 0xE6FC, 0xE6FC, 0xE6FC, 0xE6FC, 0xE6FC, 0xE6FC, 0xE6FC,
    0xE6FC, 0xE6FC, 0xE6FC, 0xE6FC, 0xE6FC, 0xE6FC, 0xE6FC, 0xE6FC, 0xE6FC, 0xE6FC, 0xE6FC, 0xE6FC, 0xE6FC, 0xE6FC, 0xE6FC, 0xE6FC,
    0xE6FC, 0xE6FC, 0xE6FC, 0xE6FC, 0xE6FC, 0xE6FC, 0xE6FC, 0xE6FC, 0xE6FC, 0xE6FC, 0xE6FC, 0xE6FC, 0xE6FC, 0xE6FC, 0xE6FC, 0xE6FC,
    0xE6FC, 0xE6FC, 0xE6FC, 0x6B4D, 0x0000, 0x0000, 0x0000, 0x0000, 0x0000, 0x0000, 0x0000, 0x0000, 0x0000, 0x0000, 0x0000, 0x0000,
    0x0000, 0x0000, 0x0000, 0x0000, 0xA88B, 0xE8AF, 0xE8AF, 0xE8AF, 0xE8AF, 0xE8AF, 0xE8AF, 0xE8AF, 0xE8AF, 0xE8AF, 0xE8AF, 0xE8AF,
    0x0000, 0x0000, 0x0000, 0x0000, 0x0000, 0x0000, 0x0000, 0x0000, 0x0000, 0x0000, 0x0000, 0x0000, 0x0000, 0x0000, 0x0000, 0x0000,
    0x2965, 0xD659, 0xE6FC, 0xE6FC, 0xE6FC, 0xE6FC, 0xE6FC, 0xE6FC, 0xE6FC, 0xE6FC, 0xE6FC, 0xE6FC, 0xE6FC, 0xE6FC, 0xE6FC, 0xE6FC,
    0xE6FC, 0xE6FC, 0xE6FC, 0xE6FC, 0xE6FC, 0xE6FC, 0xE6FC, 0xE6FC, 0xE6FC, 0xE6FC, 0xE6FC, 0xE6FC, 0xE6FC, 0xE6FC, 0xE6FC, 0xE6FC,
    0xE6FC, 0xE6FC, 0xE6FC, 0xE6FC, 0xE6FC, 0xE6FC, 0xE6FC, 0xE6FC, 0xE6FC, 0xE6FC, 0xE6FC, 0xE6FC, 0xE6FC, 0xE6FC, 0xE6FC, 0xE6FC,
    0xE6FC, 0xAD55, 0x0000, 0x0000, 0x0000, 0x0000, 0x0000, 0x0000, 0x0000, 0x0000, 0x0000, 0x0000, 0x0000, 0x0000, 0x0000, 0x0000,
    0x0000, 0x0000, 0x0000, 0x0000, 0x0000, 0x0000, 0x0000, 0x0000, 0x0000, 0x0000, 0x0000, 0x0000, 0x0000, 0x0000, 0x0000, 0x0000,
    0x0000, 0x0000, 0x0000, 0x0000, 0x0000, 0x0000, 0x0000, 0x0000, 0x0000, 0x0000, 0x0000, 0x0000, 0x0000, 0x0000, 0x0000, 0x0000,
    0x0000, 0x0000, 0x0000, 0x0000, 0x0000, 0x0000, 0x4A49, 0x8C72, 0x8C72, 0x8C72, 0x8C72, 0x8C72, 0x8C72, 0x8C72, 0x8C72, 0x8C72,
    0x8C72, 0x8C72, 0x8C72, 0x8C72, 0x8C72, 0x8C72, 0x8C72, 0x8C72, 0x8C72, 0x8C72, 0x8C72, 0x8C72, 0x8C72, 0x8C72, 0x8C72, 0x8C72,
    0x8C72, 0x8C72, 0x8C72, 0x8C72, 0x8C72, 0x8C72, 0x8C72, 0x8C72, 0x8C72, 0x8C72, 0x8C72, 0x8C72, 0x8C72, 0x8C72, 0x8C72, 0x8C72,
    0x8C72, 0x8C72, 0x8C72, 0x8C72, 0x8C72, 0x8C72, 0x8C72, 0x8C72, 0x8C72, 0x6B4D, 0x0000, 0x0000, 0x0000, 0x0000, 0x0000, 0x0000,
    0x0000, 0x0000, 0x0000, 0x0000, 0x0000, 0x0000, 0x0000, 0x0000, 0x0000, 0x0000, 0x0000, 0x0000, 0x0000, 0x0000, 0x0000, 0x0000,
    0x0000, 0x0000, 0x0000, 0x0000, 0x0000, 0x0000, 0x0000, 0x0000, 0x0000, 0x0000, 0x0000, 0x0000, 0x0000, 0x0000, 0x0000, 0x0000,
    0x0000, 0x0000, 0x0000, 0x0000, 0x0000, 0x0000, 0x0000, 0x0000, 0x0000, 0x0000, 0x0000, 0x0000, 0x0000, 0x0000, 0x0000, 0xAD55,
    0xE6FC, 0xE6FC, 0xE6FC, 0xE6FC, 0xE6FC, 0xE6FC, 0xE6FC, 0xE6FC, 0xE6FC, 0xE6FC, 0xE6FC, 0xE6FC, 0xE6FC, 0xE6FC, 0xE6FC, 0xE6FC,
    0xE6FC, 0xE6FC, 0xE6FC, 0xE6FC, 0xE6FC, 0xE6FC, 0xE6FC, 0xE6FC, 0xE6FC, 0xE6FC, 0xE6FC, 0xE6FC, 0xE6FC, 0xE6FC, 0xE6FC, 0xE6FC,
    0xE6FC, 0xE6FC, 0xE6FC, 0xE6FC, 0xE6FC, 0xE6FC, 0xE6FC, 0xE6FC, 0xE6FC, 0xE6FC, 0xE6FC, 0xE6FC, 0xE6FC, 0xE6FC, 0xE6FC, 0xD659,
    0x2965, 0x0000, 0x0000, 0x0000, 0x0000, 0x0000, 0x0000, 0x0000, 0x0000, 0x0000, 0x0000, 0x0000, 0x0000, 0x0000, 0x0000, 0x0000,
    0x3023, 0xE8AF, 0xE8AF, 0xE8AF, 0xE8AF, 0xE8AF, 0xE8AF, 0xE8AF, 0xE8AF, 0xE8AF, 0xE8AF, 0x7067, 0x0000, 0x0000, 0x0000, 0x0000,
    0x0000, 0x0000, 0x0000, 0x0000, 0x0000, 0x0000, 0x0000, 0x0000, 0x0000, 0x0000, 0x0000, 0x0000, 0xAD55, 0xE6FC, 0xE6FC, 0xE6FC,
    0xE6FC, 0xE6FC, 0xE6FC, 0xE6FC, 0xE6FC, 0xE6FC, 0xE6FC, 0xE6FC, 0xE6FC, 0xE6FC, 0xE6FC, 0xE6FC, 0xE6FC, 0xE6FC, 0xE6FC, 0xE6FC,
    0xE6FC, 0xE6FC, 0xE6FC, 0xE6FC, 0xE6FC, 0xE6FC, 0xE6FC, 0xE6FC, 0xE6FC, 0xE6FC, 0xE6FC, 0xE6FC, 0xE6FC, 0xE6FC, 0xE6FC, 0xE6FC,
    0xE6FC, 0xE6FC, 0xE6FC, 0xE6FC, 0xE6FC, 0xE6FC, 0xE6FC, 0xE6FC, 0xE6FC, 0xE6FC, 0xE6FC, 0xE6FC, 0xE6FC, 0x2965, 0x0000, 0x0000,
    0x0000, 0x0000, 0x0000, 0x0000, 0x0000, 0x0000, 0x0000, 0x0000, 0x0000, 0x0000, 0x0000, 0x0000, 0x0000, 0x0000, 0x0000, 0x0000,
    0x0000, 0x0000, 0x0000, 0x0000, 0x0000, 0x0000, 0x0000, 0x0000, 0x0000, 0x0000, 0x0000, 0x0000, 0x0000, 0x0000, 0x0000, 0x0000,
    0x0000, 0x0000, 0x0000, 0x0000, 0x0000, 0x0000, 0x0000, 0x0000, 0x0000, 0x0000, 0x0000, 0x0000, 0x0000, 0x0000, 0x0000, 0x0000,
    0x0000, 0x0000, 0x4A49, 0x8C72, 0x8C72, 0x8C72, 0x8C72, 0x8C72, 0x8C72, 0x8C72, 0x8C72, 0x8C72, 0x8C72, 0x8C72, 0x8C72, 0x8C72,
    0x8C72, 0x8C72, 0x8C72, 0x8C72, 0x8C72, 0x8C72, 0x8C72, 0x8C72, 0x8C72, 0x8C72, 0x8C72, 0x8C72, 0x8C72, 0x8C72, 0x8C72, 0x8C72,
    0x8C72, 0x8C72, 0x8C72, 0x8C72, 0x8C72, 0x8C72, 0x8C72, 0x8C72, 0x8C72, 0x8C72, 0x8C72, 0x8C72, 0x8C72, 0x8C72, 0x8C72, 0x8C72,
    0x8C72, 0x8C72, 0x8C72, 0x8C72, 0x8C72, 0x6B4D, 0x0000, 0x0000, 0x0000, 0x0000, 0x0000, 0x0000, 0x0000, 0x0000, 0x0000, 0x0000,
    0x0000, 0x0000, 0x0000, 0x0000, 0x0000, 0x0000, 0x0000, 0x0000, 0x0000, 0x0000, 0x0000, 0x0000, 0x0000, 0x0000, 0x0000, 0x0000,
    0x0000, 0x0000, 0x0000, 0x0000, 0x0000, 0x0000, 0x0000, 0x0000, 0x0000, 0x0000, 0x0000, 0x0000, 0x0000, 0x0000, 0x0000, 0x0000,
    0x0000, 0x0000, 0x0000, 0x0000, 0x0000, 0x0000, 0x0000, 0x0000, 0x0000, 0x0000, 0x0000, 0x2965, 0xE6FC, 0xE6FC, 0xE6FC, 0xE6FC,
    0xE6FC, 0xE6FC, 0xE6FC, 0xE6FC, 0xE6FC, 0xE6FC, 0xE6FC, 0xE6FC, 0xE6FC, 0xE6FC, 0xE6FC, 0xE6FC, 0xE6FC, 0xE6FC, 0xE6FC, 0xE6FC,
    0xE6FC, 0xE6FC, 0xE6FC, 0xE6FC, 0xE6FC, 0xE6FC, 0xE6FC, 0xE6FC, 0xE6FC, 0xE6FC, 0xE6FC, 0xE6FC, 0xE6FC, 0xE6FC, 0xE6FC, 0xE6FC,
    0xE6FC, 0xE6FC, 0xE6FC, 0xE6FC, 0xE6FC, 0xE6FC, 0xE6FC, 0xE6FC, 0xE6FC, 0xE6FC, 0xE6FC, 0xE6FC, 0xAD55, 0x0000, 0x0000, 0x0000,
    0x0000, 0x0000, 0x0000, 0x0000, 0x0000, 0x0000, 0x0000, 0x0000, 0x0000, 0x0000, 0x0000, 0x0000, 0x0000, 0x7067, 0xE8AF, 0xE8AF,
    0xE8AF, 0xE8AF, 0xE8AF, 0xE8AF, 0xE8AF, 0xE8AF, 0xA88B, 0x0000, 0x0000, 0x0000, 0x0000, 0x0000, 0x0000, 0x0000, 0x0000, 0x0000,
    0x0000, 0x0000, 0x0000, 0x0000, 0x0000, 0x0000, 0x0000, 0x4A49, 0xE6FC, 0xE6FC, 0xE6FC, 0xE6FC, 0xE6FC, 0xE6FC, 0xE6FC, 0xE6FC,
    0xE6FC, 0xE6FC, 0xE6FC, 0xE6FC, 0xE6FC, 0xE6FC, 0xE6FC, 0xE6FC, 0xE6FC, 0xE6FC, 0xE6FC, 0xE6FC, 0xE6FC, 0xE6FC, 0xE6FC, 0xE6FC,
    0xE6FC, 0xE6FC, 0xE6FC, 0xE6FC, 0xE6FC, 0xE6FC, 0xE6FC, 0xE6FC, 0xE6FC, 0xE6FC, 0xE6FC, 0xE6FC, 0xE6FC, 0xE6FC, 0xE6FC, 0xE6FC,
    0xE6FC, 0xE6FC, 0xE6FC, 0xE6FC, 0xE6FC, 0xE6FC, 0xE6FC, 0xE6FC, 0x6B4D, 0x0000, 0x0000, 0x0000, 0x0000, 0x0000, 0x0000, 0x0000,
    0x0000, 0x0000, 0x0000, 0x0000, 0x0000, 0x0000, 0x0000, 0x0000, 0x0000, 0x0000, 0x0000, 0x0000, 0x0000, 0x0000, 0x0000, 0x0000,
    0x0000, 0x0000, 0x0000, 0x0000, 0x0000, 0x0000, 0x0000, 0x0000, 0x0000, 0x0000, 0x0000, 0x0000, 0x0000, 0x0000, 0x0000, 0x0000,
    0x0000, 0x0000, 0x0000, 0x0000, 0x0000, 0x0000, 0x0000, 0x0000, 0x0000, 0x0000, 0x0000, 0x0000, 0x0000, 0x0000, 0x4A49, 0x8C72,
    0x8C72, 0x8C72, 0x8C72, 0x8C72, 0x8C72, 0x8C72, 0x8C72, 0x8C72, 0x8C72, 0x8C72, 0x8C72, 0x8C72, 0x8C72, 0x8C72, 0x8C72, 0x8C72,
    0x8C72, 0x8C72, 0x8C72, 0x8C72, 0x8C72, 0x8C72, 0x8C72, 0x8C72, 0x8C72, 0x8C72, 0x8C72, 0x8C72, 0x8C72, 0x8C72, 0x8C72, 0x8C72,
    0x8C72, 0x8C72, 0x8C72, 0x8C72, 0x8C72, 0x8C72, 0x8C72, 0x8C72, 0x8C72, 0x8C72, 0x8C72, 0x8C72, 0x8C72, 0x8C72, 0x8C72, 0x8C72,
    0x8C72, 0x6B4D, 0x0000, 0x0000, 0x0000, 0x0000, 0x0000, 0x0000, 0x0000, 0x0000, 0x0000, 0x0000, 0x0000, 0x0000, 0x0000, 0x0000,
    0x0000, 0x0000, 0x0000, 0x0000, 0x0000, 0x0000, 0x0000, 0x0000, 0x0000, 0x0000, 0x0000, 0x0000, 0x0000, 0x0000, 0x0000, 0x0000,
    0x0000, 0x0000, 0x0000, 0x0000, 0x0000, 0x0000, 0x0000, 0x0000, 0x0000, 0x0000, 0x0000, 0x0000, 0x0000, 0x0000, 0x0000, 0x0000,
    0x0000, 0x0000, 0x0000, 0x0000, 0x0000, 0x0000, 0x0000, 0x0000, 0x6B4D, 0xE6FC, 0xE6FC, 0xE6FC, 0xE6FC, 0xE6FC, 0xE6FC, 0xE6FC,
    0xE6FC, 0xE6FC, 0xE6FC, 0xE6FC, 0xE6FC, 0xE6FC, 0xE6FC, 0xE6FC, 0xE6FC, 0xE6FC, 0xE6FC, 0xE6FC, 0xE6FC, 0xE6FC, 0xE6FC, 0xE6FC,
    0xE6FC, 0xE6FC, 0xE6FC, 0xE6FC, 0xE6FC, 0xE6FC, 0xE6FC, 0xE6FC, 0xE6FC, 0xE6FC, 0xE6FC, 0xE6FC, 0xE6FC, 0xE6FC, 0xE6FC, 0xE6FC,
    0xE6FC, 0xE6FC, 0xE6FC, 0xE6FC, 0xE6FC, 0xE6FC, 0xE6FC, 0xE6FC, 0xE6FC, 0x4A49, 0x0000, 0x0000, 0x0000, 0x0000, 0x0000, 0x0000,
    0x0000, 0x0000, 0x0000, 0x0000, 0x0000, 0x0000, 0x0000, 0x0000, 0x0000, 0x0000, 0xA88B, 0xE8AF, 0xE8AF, 0xE8AF, 0xE8AF, 0xE8AF,
    0xE8AF, 0xE8AF, 0x3023, 0x0000, 0x0000, 0x0000, 0x0000, 0x0000, 0x0000, 0x0000, 0x0000, 0x0000, 0x0000, 0x0000, 0x0000, 0x0000,
    0x0000, 0x0000, 0x0000, 0xD659, 0xE6FC, 0xE6FC, 0xE6FC, 0xE6FC, 0xE6FC, 0xE6FC, 0xE6FC, 0xE6FC, 0xE6FC, 0xE6FC, 0xE6FC, 0xE6FC,
    0xE6FC, 0xE6FC, 0xE6FC, 0xE6FC, 0xE6FC, 0xE6FC, 0xE6FC, 0xE6FC, 0xE6FC, 0xE6FC, 0xE6FC, 0xE6FC, 0xE6FC, 0xE6FC, 0xE6FC, 0xE6FC,
    0xE6FC, 0xE6FC, 0xE6FC, 0xE6FC, 0xE6FC, 0xE6FC, 0xE6FC, 0xE6FC, 0xE6FC, 0xE6FC, 0xE6FC, 0xE6FC, 0xE6FC, 0xE6FC, 0xE6FC, 0xE6FC,
    0xE6FC, 0xE6FC, 0xE6FC, 0xAD55, 0x0000, 0x0000, 0x0000, 0x0000, 0x0000, 0x0000, 0x0000, 0x0000, 0x0000, 0x0000, 0x0000, 0x0000,
    0x0000, 0x0000, 0x0000, 0x0000, 0x0000, 0x0000, 0x0000, 0x0000, 0x0000, 0x0000, 0x0000, 0x0000, 0x0000, 0x0000, 0x0000, 0x0000,
    0x0000, 0x0000, 0x0000, 0x0000, 0x0000, 0x0000, 0x0000, 0x0000, 0x0000, 0x0000, 0x0000, 0x0000, 0x0000, 0x0000, 0x0000, 0x0000,
    0x0000, 0x0000, 0x0000, 0x0000, 0x0000, 0x0000, 0x0000, 0x0000, 0x0000, 0x0000, 0x4A49, 0x8C72, 0x8C72, 0x8C72, 0x8C72, 0x8C72,
    0x8C72, 0x8C72, 0x8C72, 0x8C72, 0x8C72, 0x8C72, 0x8C72, 0x8C72, 0x8C72, 0x8C72, 0x8C72, 0x8C72, 0x8C72, 0x8C72, 0x8C72, 0x8C72,
    0x8C72, 0x8C72, 0x8C72, 0x8C72, 0x8C72, 0x8C72, 0x8C72, 0x8C72, 0x8C72, 0x8C72, 0x8C72, 0x8C72, 0x8C72, 0x8C72, 0x8C72, 0x8C72,
    0x8C72, 0x8C72, 0x8C72, 0x8C72, 0x8C72, 0x8C72, 0x8C72, 0x8C72, 0x8C72, 0x8C72, 0x8C72, 0x8C72, 0x8C72, 0x6B4D, 0x0000, 0x0000,
    0x0000, 0x0000, 0x0000, 0x0000, 0x0000, 0x0000, 0x0000, 0x0000, 0x0000, 0x0000, 0x0000, 0x0000, 0x0000, 0x0000, 0x0000, 0x0000,
    0x0000, 0x0000, 0x0000, 0x0000, 0x0000, 0x0000, 0x0000, 0x0000, 0x0000, 0x0000, 0x0000, 0x0000, 0x0000, 0x0000, 0x0000, 0x0000,
    0x0000, 0x0000, 0x0000, 0x0000, 0x0000, 0x0000, 0x0000, 0x0000, 0x0000, 0x0000, 0x0000, 0x0000, 0x0000, 0x0000, 0x0000, 0x0000,
    0x0000, 0x0000, 0x0000, 0x0000, 0x0000, 0xAD55, 0xE6FC, 0xE6FC, 0xE6FC, 0xE6FC, 0xE6FC, 0xE6FC, 0xE6FC, 0xE6FC, 0xE6FC, 0xE6FC,
    0xE6FC, 0xE6FC, 0xE6FC, 0xE6FC, 0xE6FC, 0xE6FC, 0xE6FC, 0xE6FC, 0xE6FC, 0xE6FC, 0xE6FC, 0xE6FC, 0xE6FC, 0xE6FC, 0xE6FC, 0xE6FC,
    0xE6FC, 0xE6FC, 0xE6FC, 0xE6FC, 0xE6FC, 0xE6FC, 0xE6FC, 0xE6FC, 0xE6FC, 0xE6FC, 0xE6FC, 0xE6FC, 0xE6FC, 0xE6FC, 0xE6FC, 0xE6FC,
    0xE6FC, 0xE6FC, 0xE6FC, 0xE6FC, 0xE6FC, 0xD659, 0x0000, 0x0000, 0x0000, 0x0000, 0x0000, 0x0000, 0x0000, 0x0000, 0x0000, 0x0000,
    0x0000, 0x0000, 0x0000, 0x0000, 0x0000, 0x0000, 0x3023, 0xE8AF, 0xE8AF, 0xE8AF, 0xE8AF, 0xE8AF, 0xE8AF, 0x7067, 0x0000, 0x0000,
    0x0000, 0x0000, 0x0000, 0x0000, 0x0000, 0x0000, 0x0000, 0x0000, 0x0000, 0x0000, 0x0000, 0x0000, 0x0000, 0x0000, 0x8C51, 0xE6FC,
    0xE6FC, 0xE6FC, 0xE6FC, 0xE6FC, 0xE6FC, 0xE6FC, 0xE6FC, 0xE6FC, 0xE6FC, 0xE6FC, 0xE6FC, 0xE6FC, 0xE6FC, 0xE6FC, 0xE6FC, 0xE6FC,
    0xE6FC, 0xE6FC, 0xE6FC, 0xE6FC, 0xE6FC, 0xE6FC, 0xE6FC, 0xE6FC, 0xE6FC, 0xE6FC, 0xE6FC, 0xE6FC, 0xE6FC, 0xE6FC, 0xE6FC, 0xE6FC,
    0xE6FC, 0xE6FC, 0xE6FC, 0xE6FC, 0xE6FC, 0xE6FC, 0xE6FC, 0xE6FC, 0xE6FC, 0xE6FC, 0xE6FC, 0xE6FC, 0xE6FC, 0xE6FC, 0xE6FC, 0x2965,
    0x0000, 0x0000, 0x0000, 0x0000, 0x0000, 0x0000, 0x0000, 0x0000, 0x0000, 0x0000, 0x0000, 0x0000, 0x0000, 0x0000, 0x0000, 0x0000,
    0x0000, 0x0000, 0x0000, 0x0000, 0x0000, 0x0000, 0x0000, 0x0000, 0x0000, 0x0000, 0x0000, 0x0000, 0x0000, 0x0000, 0x0000, 0x0000,
    0x0000, 0x0000, 0x0000, 0x0000, 0x0000, 0x0000, 0x0000, 0x0000, 0x0000, 0x0000, 0x0000, 0x0000, 0x0000, 0x0000, 0x0000, 0x0000,
    0x0000, 0x0000, 0x0000, 0x0000, 0x0000, 0x0000, 0x4A49, 0x8C72, 0x8C72, 0x8C72, 0x8C72, 0x8C72, 0x8C72, 0x8C72, 0x8C72, 0x8C72,
    0x8C72, 0x8C72, 0x8C72, 0x8C72, 0x8C72, 0x8C72, 0x8C72, 0x8C72, 0x8C72, 0x8C72, 0x8C72, 0x8C72, 0x8C72, 0x8C72, 0x8C72, 0x8C72,
    0x8C72, 0x8C72, 0x8C72, 0x8C72, 0x8C72, 0x8C72, 0x8C72, 0x8C72, 0x8C72, 0x8C72, 0x8C72, 0x8C72, 0x8C72, 0x8C72, 0x8C72, 0x8C72,
    0x8C72, 0x8C72, 0x8C72, 0x8C72, 0x8C72, 0x8C72, 0x8C72, 0x8C72, 0x8C72, 0x6B4D, 0x0000, 0x0000, 0x0000, 0x0000, 0x0000, 0x0000,
    0x0000, 0x0000, 0x0000, 0x0000, 0x0000, 0x0000, 0x0000, 0x0000, 0x0000, 0x0000, 0x0000, 0x0000, 0x0000, 0x0000, 0x0000, 0x0000,
    0x0000, 0x0000, 0x0000, 0x0000, 0x0000, 0x0000, 0x0000, 0x0000, 0x0000, 0x0000, 0x0000, 0x0000, 0x0000, 0x0000, 0x0000, 0x0000,
    0x0000, 0x0000, 0x0000, 0x0000, 0x0000, 0x0000, 0x0000, 0x0000, 0x0000, 0x0000, 0x0000, 0x0000, 0x0000, 0x0000, 0x0000, 0x0000,
    0x0000, 0x2965, 0xE6FC, 0xE6FC, 0xE6FC, 0xE6FC, 0xE6FC, 0xE6FC, 0xE6FC, 0xE6FC, 0xE6FC, 0xE6FC, 0xE6FC, 0xE6FC, 0xE6FC, 0xE6FC,
    0xE6FC, 0xE6FC, 0xE6FC, 0xE6FC, 0xE6FC, 0xE6FC, 0xE6FC, 0xE6FC, 0xE6FC, 0xE6FC, 0xE6FC, 0xE6FC, 0xE6FC, 0xE6FC, 0xE6FC, 0xE6FC,
    0xE6FC, 0xE6FC, 0xE6FC, 0xE6FC, 0xE6FC, 0xE6FC, 0xE6FC, 0xE6FC, 0xE6FC, 0xE6FC, 0xE6FC, 0xE6FC, 0xE6FC, 0xE6FC, 0xE6FC, 0xE6FC,
    0xE6FC, 0xE6FC, 0x7BEF, 0x0000, 0x0000, 0x0000, 0x0000, 0x0000, 0x0000, 0x0000, 0x0000, 0x0000, 0x0000, 0x0000, 0x0000, 0x0000,
    0x0000, 0x0000, 0x0000, 0x7067, 0xE8AF, 0xE8AF, 0xE8AF, 0xE8AF, 0xA88B, 0x0000, 0x0000, 0x0000, 0x0000, 0x0000, 0x0000, 0x0000,
    0x0000, 0x0000, 0x0000, 0x0000, 0x0000, 0x0000, 0x0000, 0x0000, 0x0000, 0x2965, 0xE6FC, 0xE6FC, 0xE6FC, 0xE6FC, 0xE6FC, 0xE6FC,
    0xE6FC, 0xE6FC, 0xE6FC, 0xE6FC, 0xE6FC, 0xE6FC, 0xE6FC, 0xE6FC, 0xE6FC, 0xE6FC, 0xE6FC, 0xE6FC, 0xE6FC, 0xE6FC, 0xE6FC, 0xE6FC,
    0xE6FC, 0xE6FC, 0xE6FC, 0xE6FC, 0xE6FC, 0xE6FC, 0xE6FC, 0xE6FC, 0xE6FC, 0xE6FC, 0xE6FC, 0xE6FC, 0xE6FC, 0xE6FC, 0xE6FC, 0xE6FC,
    0xE6FC, 0xE6FC, 0xE6FC, 0xE6FC, 0xE6FC, 0xE6FC, 0xE6FC, 0xE6FC, 0xE6FC, 0xE6FC, 0x7BEF, 0x0000, 0x0000, 0x0000, 0x0000, 0x0000,
    0x0000, 0x0000, 0x0000, 0x0000, 0x0000, 0x0000, 0x0000, 0x0000, 0x0000, 0x0000, 0x0000, 0x0000, 0x0000, 0x0000, 0x0000, 0x0000,
    0x0000, 0x0000, 0x0000, 0x0000, 0x0000, 0x0000, 0x0000, 0x0000, 0x0000, 0x0000, 0x0000, 0x0000, 0x0000, 0x0000, 0x0000, 0x0000,
    0x0000, 0x0000, 0x0000, 0x0000, 0x0000, 0x0000, 0x0000, 0x0000, 0x0000, 0x0000, 0x0000, 0x0000, 0x0000, 0x0000, 0x0000, 0x0000,
    0x0000, 0x0000, 0x4A49, 0x8C72, 0x8C72, 0x8C72, 0x8C72, 0x8C72, 0x8C72, 0x8C72, 0x8C72, 0x8C72, 0x8C72, 0x8C72, 0x8C72, 0x8C72,
    0x8C72, 0x8C72, 0x8C72, 0x8C72, 0x8C72, 0x8C72, 0x8C72, 0x8C72, 0x8C72, 0x8C72, 0x8C72, 0x8C72, 0x8C72, 0x8C72, 0x8C72, 0x8C72,
    0x8C72, 0x8C72, 0x8C72, 0x8C72, 0x8C72, 0x8C72, 0x8C72, 0x8C72, 0x8C72, 0x8C72, 0x8C72, 0x8C72, 0x8C72, 0x8C72, 0x8C72, 0x8C72,
    0x8C72, 0x8C72, 0x8C72, 0x8C72, 0x8C72, 0x6B4D, 0x0000, 0x0000, 0x0000, 0x0000, 0x0000, 0x0000, 0x0000, 0x0000, 0x0000, 0x0000,
    0x0000, 0x0000, 0x0000, 0x0000, 0x0000, 0x0000, 0x0000, 0x0000, 0x0000, 0x0000, 0x0000, 0x0000, 0x0000, 0x0000, 0x0000, 0x0000,
    0x0000, 0x0000, 0x0000, 0x0000, 0x0000, 0x0000, 0x0000, 0x0000, 0x0000, 0x0000, 0x0000, 0x0000, 0x0000, 0x0000, 0x0000, 0x0000,
    0x0000, 0x0000, 0x0000, 0x0000, 0x0000, 0x0000, 0x0000, 0x0000, 0x0000, 0x0000, 0x0000, 0x0000, 0x0000, 0x0000, 0x6B4D, 0xE6FC,
    0xE6FC, 0xE6FC, 0xE6FC, 0xE6FC, 0xE6FC, 0xE6FC, 0xE6FC, 0xE6FC, 0xE6FC, 0xE6FC, 0xE6FC, 0xE6FC, 0xE6FC, 0xE6FC, 0xE6FC, 0xE6FC,
    0xE6FC, 0xE6FC, 0xE6FC, 0xE6FC, 0xE6FC, 0xE6FC, 0xE6FC, 0xE6FC, 0xE6FC, 0xE6FC, 0xE6FC, 0xE6FC, 0xE6FC, 0xE6FC, 0xE6FC, 0xE6FC,
    0xE6FC, 0xE6FC, 0xE6FC, 0xE6FC, 0xE6FC, 0xE6FC, 0xE6FC, 0xE6FC, 0xE6FC, 0xE6FC, 0xE6FC, 0xE6FC, 0xE6FC, 0xE6FC, 0xE6FC, 0x2965,
    0x0000, 0x0000, 0x0000, 0x0000, 0x0000, 0x0000, 0x0000, 0x0000, 0x0000, 0x0000, 0x0000, 0x0000, 0x0000, 0x0000, 0x0000, 0x0000,
    0xE8AF, 0xE8AF, 0xE8AF, 0xE8AF, 0x3023, 0x0000, 0x0000, 0x0000, 0x0000, 0x0000, 0x0000, 0x0000, 0x0000, 0x0000, 0x0000, 0x0000,
    0x0000, 0x0000, 0x0000, 0x0000, 0x0000, 0xD659, 0xE6FC, 0xE6FC, 0xE6FC, 0xE6FC, 0xE6FC, 0xE6FC, 0xE6FC, 0xE6FC, 0xE6FC, 0xE6FC,
    0xE6FC, 0xE6FC, 0xE6FC, 0xE6FC, 0xE6FC, 0xE6FC, 0xE6FC, 0xE6FC, 0xE6FC, 0xE6FC, 0xE6FC, 0xE6FC, 0xE6FC, 0xE6FC, 0xE6FC, 0xE6FC,
    0xE6FC, 0xE6FC, 0xE6FC, 0xE6FC, 0xE6FC, 0xE6FC, 0xE6FC, 0xE6FC, 0xE6FC, 0xE6FC, 0xE6FC, 0xE6FC, 0xE6FC, 0xE6FC, 0xE6FC, 0xE6FC,
    0xE6FC, 0xE6FC, 0xE6FC, 0xE6FC, 0xE6FC, 0xD659, 0x0000, 0x0000, 0x0000, 0x0000, 0x0000, 0x0000, 0x0000, 0x0000, 0x0000, 0x0000,
    0x0000, 0x0000, 0x0000, 0x0000, 0x0000, 0x0000, 0x0000, 0x0000, 0x0000, 0x0000, 0x0000, 0x0000, 0x0000, 0x0000, 0x0000, 0x0000,
    0x0000, 0x0000, 0x0000, 0x0000, 0x0000, 0x0000, 0x0000, 0x0000, 0x0000, 0x0000, 0x0000, 0x0000, 0x0000, 0x0000, 0x0000, 0x0000,
    0x0000, 0x0000, 0x0000, 0x0000, 0x0000, 0x0000, 0x0000, 0x0000, 0x0000, 0x0000, 0x0000, 0x0000, 0x0000, 0x0000, 0x4A49, 0x8C72,
    0x8C72, 0x8C72, 0x8C72, 0x8C72, 0x8C72, 0x8C72, 0x8C72, 0x8C72, 0x8C72, 0x8C72, 0x8C72, 0x8C72, 0x8C72, 0x8C72, 0x8C72, 0x8C72,
    0x8C72, 0x8C72, 0x8C72, 0x8C72, 0x8C72, 0x8C72, 0x8C72, 0x8C72, 0x8C72, 0x8C72, 0x8C72, 0x8C72, 0x8C72, 0x8C72, 0x8C72, 0x8C72,
    0x8C72, 0x8C72, 0x8C72, 0x8C72, 0x8C72, 0x8C72, 0x8C72, 0x8C72, 0x8C72, 0x8C72, 0x8C72, 0x8C72, 0x8C72, 0x8C72, 0x8C72, 0x8C72,
    0x8C72, 0x6B4D, 0x0000, 0x0000, 0x0000, 0x0000, 0x0000, 0x0000, 0x0000, 0x0000, 0x0000, 0x0000, 0x0000, 0x0000, 0x0000, 0x0000,
    0x0000, 0x0000, 0x0000, 0x0000, 0x0000, 0x0000, 0x0000, 0x0000, 0x0000, 0x0000, 0x0000, 0x0000, 0x0000, 0x0000, 0x0000, 0x0000,
    0x0000, 0x0000, 0x0000, 0x0000, 0x0000, 0x0000, 0x0000, 0x0000, 0x0000, 0x0000, 0x0000, 0x0000, 0x0000, 0x0000, 0x0000, 0x0000,
    0x0000, 0x0000, 0x0000, 0x0000, 0x0000, 0x0000, 0x0000, 0x0000, 0x0000, 0x0000, 0x0000, 0xD659, 0xE6FC, 0xE6FC, 0xE6FC, 0xE6FC,
    0xE6FC, 0xE6FC, 0xE6FC, 0xE6FC, 0xE6FC, 0xE6FC, 0xE6FC, 0xE6FC, 0xE6FC, 0xE6FC, 0xE6FC, 0xE6FC, 0xE6FC, 0xE6FC, 0xE6FC, 0xE6FC,
    0xE6FC, 0xE6FC, 0xE6FC, 0xE6FC, 0xE6FC, 0xE6FC, 0xE6FC, 0xE6FC, 0xE6FC, 0xE6FC, 0xE6FC, 0xE6FC, 0xE6FC, 0xE6FC, 0xE6FC, 0xE6FC,
    0xE6FC, 0xE6FC, 0xE6FC, 0xE6FC, 0xE6FC, 0xE6FC, 0xE6FC, 0xE6FC, 0xE6FC, 0xE6FC, 0xE6FC, 0xD659, 0x0000, 0x0000, 0x0000, 0x0000,
    0x0000, 0x0000, 0x0000, 0x0000, 0x0000, 0x0000, 0x0000, 0x0000, 0x0000, 0x0000, 0x0000, 0x0000, 0x3023, 0xE8AF, 0xE8AF, 0x7067,
    0x0000, 0x0000, 0x0000, 0x0000, 0x0000, 0x0000, 0x0000, 0x0000, 0x0000, 0x0000, 0x0000, 0x0000, 0x0000, 0x0000, 0x0000, 0x0000,
    0x6B4D, 0xE6FC, 0xE6FC, 0xE6FC, 0xE6FC, 0xE6FC, 0xE6FC, 0xE6FC, 0xE6FC, 0xE6FC, 0xE6FC, 0xE6FC, 0xE6FC, 0xE6FC, 0xE6FC, 0xE6FC,
    0xE6FC, 0xE6FC, 0xE6FC, 0xE6FC, 0xE6FC, 0xE6FC, 0xE6FC, 0xE6FC, 0xE6FC, 0xE6FC, 0xE6FC, 0xE6FC, 0xE6FC, 0xE6FC, 0xE6FC, 0xE6FC,
    0xE6FC, 0xE6FC, 0xE6FC, 0xE6FC, 0xE6FC, 0xE6FC, 0xE6FC, 0xE6FC, 0xE6FC, 0xE6FC, 0xE6FC, 0xE6FC, 0xE6FC, 0xE6FC, 0xE6FC, 0xE6FC,
    0xE6FC, 0x2965, 0x0000, 0x0000, 0x0000, 0x0000, 0x0000, 0x0000, 0x0000, 0x0000, 0x0000, 0x0000, 0x0000, 0x0000, 0x0000, 0x0000,
    0x0000, 0x0000, 0x0000, 0x0000, 0x0000, 0x0000, 0x0000, 0x0000, 0x0000, 0x0000, 0x0000, 0x0000, 0x0000, 0x0000, 0x0000, 0x0000,
    0x0000, 0x0000, 0x0000, 0x0000, 0x0000, 0x0000, 0x0000, 0x0000, 0x0000, 0x0000, 0x0000, 0x0000, 0x0000, 0x0000, 0x0000, 0x0000,
    0x0000, 0x0000, 0x0000, 0x0000, 0x0000, 0x0000, 0x0000, 0x0000, 0x0000, 0x0000, 0x4A49, 0x8C72, 0x8C72, 0x8C72, 0x8C72, 0x8C72,
    0x8C72, 0x8C72, 0x8C72, 0x8C72, 0x8C72, 0x8C72, 0x8C72, 0x8C72, 0x8C72, 0x8C72, 0x8C72, 0x8C72, 0x8C72, 0x8C72, 0x8C72, 0x8C72,
    0x8C72, 0x8C72, 0x8C72, 0x8C72, 0x8C72, 0x8C72, 0x8C72, 0x8C72, 0x8C72, 0x8C72, 0x8C72, 0x8C72, 0x8C72, 0x8C72, 0x8C72, 0x8C72,
    0x8C72, 0x8C72, 0x8C72, 0x8C72, 0x8C72, 0x8C72, 0x8C72, 0x8C72, 0x8C72, 0x8C72, 0x8C72, 0x8C72, 0x8C72, 0x6B4D, 0x0000, 0x0000,
    0x0000, 0x0000, 0x0000, 0x0000, 0x0000, 0x0000, 0x0000, 0x0000, 0x0000, 0x0000, 0x0000, 0x0000, 0x0000, 0x0000, 0x0000, 0x0000,
    0x0000, 0x0000, 0x0000, 0x0000, 0x0000, 0x0000, 0x0000, 0x0000, 0x0000, 0x0000, 0x0000, 0x0000, 0x0000, 0x0000, 0x0000, 0x0000,
    0x0000, 0x0000, 0x0000, 0x0000, 0x0000, 0x0000, 0x0000, 0x0000, 0x0000, 0x0000, 0x0000, 0x0000, 0x0000, 0x0000, 0x0000, 0x0000,
    0x0000, 0x0000, 0x0000, 0x0000, 0x0000, 0x0000, 0x0000, 0x2965, 0xE6FC, 0xE6FC, 0xE6FC, 0xE6FC, 0xE6FC, 0xE6FC, 0xE6FC, 0xE6FC,
    0xE6FC, 0xE6FC, 0xE6FC, 0xE6FC, 0xE6FC, 0xE6FC, 0xE6FC, 0xE6FC, 0xE6FC, 0xE6FC, 0xE6FC, 0xE6FC, 0xE6FC, 0xE6FC, 0xE6FC, 0xE6FC,
    0xE6FC, 0xE6FC, 0xE6FC, 0xE6FC, 0xE6FC, 0xE6FC, 0xE6FC, 0xE6FC, 0xE6FC, 0xE6FC, 0xE6FC, 0xE6FC, 0xE6FC, 0xE6FC, 0xE6FC, 0xE6FC,
    0xE6FC, 0xE6FC, 0xE6FC, 0xE6FC, 0xE6FC, 0xE6FC, 0xE6FC, 0xE6FC, 0x6B4D, 0x0000, 0x0000, 0x0000, 0x0000, 0x0000, 0x0000, 0x0000,
    0x0000, 0x0000, 0x0000, 0x0000, 0x0000, 0x0000, 0x0000, 0x0000, 0x0000, 0xA88B, 0xE8AF, 0x0000, 0x0000, 0x0000, 0x0000, 0x0000,
    0x0000, 0x0000, 0x0000, 0x0000, 0x0000, 0x0000, 0x0000, 0x0000, 0x0000, 0x0000, 0x0000, 0x2965, 0xE6FC, 0xE6FC, 0xE6FC, 0xE6FC,
    0xE6FC, 0xE6FC, 0xE6FC, 0xE6FC, 0xE6FC, 0xE6FC, 0xE6FC, 0xE6FC, 0xE6FC, 0xE6FC, 0xE6FC, 0xE6FC, 0xE6FC, 0xE6FC, 0xE6FC, 0xE6FC,
    0xE6FC, 0xE6FC, 0xE6FC, 0xE6FC, 0xE6FC, 0xE6FC, 0xE6FC, 0xE6FC, 0xE6FC, 0xE6FC, 0xE6FC, 0xE6FC, 0xE6FC, 0xE6FC, 0xE6FC, 0xE6FC,
    0xE6FC, 0xE6FC, 0xE6FC, 0xE6FC, 0xE6FC, 0xE6FC, 0xE6FC, 0xE6FC, 0xE6FC, 0xE6FC, 0xE6FC, 0xE6FC, 0x7BEF, 0x0000, 0x0000, 0x0000,
    0x0000, 0x0000, 0x0000, 0x0000, 0x0000, 0x0000, 0x0000, 0x0000, 0x0000, 0x0000, 0x0000, 0x0000, 0x0000, 0x0000, 0x0000, 0x0000,
    0x0000, 0x0000, 0x0000, 0x0000, 0x0000, 0x0000, 0x0000, 0x0000, 0x0000, 0x0000, 0x0000, 0x0000, 0x0000, 0x0000, 0x0000, 0x0000,
    0x0000, 0x0000, 0x0000, 0x0000, 0x0000, 0x0000, 0x0000, 0x0000, 0x0000, 0x0000, 0x0000, 0x0000, 0x0000, 0x0000, 0x0000, 0x0000,
    0x0000, 0x0000, 0x0000, 0x0000, 0x0000, 0x0000, 0x4A49, 0x8C72, 0x8C72, 0x8C72, 0x8C72, 0x8C72, 0x8C72, 0x8C72, 0x8C72, 0x8C72,
    0x8C72, 0x8C72, 0x8C72, 0x8C72, 0x8C72, 0x8C72, 0x8C72, 0x8C72, 0x8C72, 0x8C72, 0x8C72, 0x8C72, 0x8C72, 0x8C72, 0x8C72, 0x8C72,
    0x8C72, 0x8C72, 0x8C72, 0x8C72, 0x8C72, 0x8C72, 0x8C72, 0x8C72, 0x8C72, 0x8C72, 0x8C72, 0x8C72, 0x8C72, 0x8C72, 0x8C72, 0x8C72,
    0x8C72, 0x8C72, 0x8C72, 0x8C72, 0x8C72, 0x8C72, 0x8C72, 0x8C72, 0x8C72, 0x6B4D, 0x0000, 0x0000, 0x0000, 0x0000, 0x0000, 0x0000,
    0x0000, 0x0000, 0x0000, 0x0000, 0x0000, 0x0000, 0x0000, 0x0000, 0x0000, 0x0000, 0x0000, 0x0000, 0x0000, 0x0000, 0x0000, 0x0000,
    0x0000, 0x0000, 0x0000, 0x0000, 0x0000, 0x0000, 0x0000, 0x0000, 0x0000, 0x0000, 0x0000, 0x0000, 0x0000, 0x0000, 0x0000, 0x0000,
    0x0000, 0x0000, 0x0000, 0x0000, 0x0000, 0x0000, 0x0000, 0x0000, 0x0000, 0x0000, 0x0000, 0x0000, 0x0000, 0x0000, 0x0000, 0x0000,
    0x0000, 0x0000, 0x0000, 0x0000, 0x7BEF, 0xE6FC, 0xE6FC, 0xE6FC, 0xE6FC, 0xE6FC, 0xE6FC, 0xE6FC, 0xE6FC, 0xE6FC, 0xE6FC, 0xE6FC,
    0xE6FC, 0xE6FC, 0xE6FC, 0xE6FC, 0xE6FC, 0xE6FC, 0xE6FC, 0xE6FC, 0xE6FC, 0xE6FC, 0xE6FC, 0xE6FC, 0xE6FC, 0xE6FC, 0xE6FC, 0xE6FC,
    0xE6FC, 0xE6FC, 0xE6FC, 0xE6FC, 0xE6FC, 0xE6FC, 0xE6FC, 0xE6FC, 0xE6FC, 0xE6FC, 0xE6FC, 0xE6FC, 0xE6FC, 0xE6FC, 0xE6FC, 0xE6FC,
    0xE6FC, 0xE6FC, 0xE6FC, 0xE6FC, 0xE6FC, 0x2965, 0x0000, 0x0000, 0x0000, 0x0000, 0x0000, 0x0000, 0x0000, 0x0000, 0x0000, 0x0000,
    0x0000, 0x0000, 0x0000, 0x0000, 0x0000, 0x0000, 0x3023, 0x0000, 0x0000, 0x0000, 0x0000, 0x0000, 0x0000, 0x0000, 0x0000, 0x0000,
    0x0000, 0x0000, 0x0000, 0x0000, 0x0000, 0x0000, 0x0000, 0xAD55, 0xE6FC, 0xE6FC, 0xE6FC, 0xE6FC, 0xE6FC, 0xE6FC, 0xE6FC, 0xE6FC,
    0xE6FC, 0xE6FC, 0xE6FC, 0xE6FC, 0xE6FC, 0xE6FC, 0xE6FC, 0xE6FC, 0xE6FC, 0xE6FC, 0xE6FC, 0xE6FC, 0xE6FC, 0xE6FC, 0xE6FC, 0xE6FC,
    0xE6FC, 0xE6FC, 0xE6FC, 0xE6FC, 0xE6FC, 0xE6FC, 0xE6FC, 0xE6FC, 0xE6FC, 0xE6FC, 0xE6FC, 0xE6FC, 0xE6FC, 0xE6FC, 0xE6FC, 0xE6FC,
    0xE6FC, 0xE6FC, 0xE6FC, 0xE6FC, 0xE6FC, 0xE6FC, 0xE6FC, 0xD659, 0x0000, 0x0000, 0x0000, 0x0000, 0x0000, 0x0000, 0x0000, 0x0000,
    0x0000, 0x0000, 0x0000, 0x0000, 0x0000, 0x0000, 0x0000, 0x0000, 0x0000, 0x0000, 0x0000, 0x0000, 0x0000, 0x0000, 0x0000, 0x0000,
    0x0000, 0x0000, 0x0000, 0x0000, 0x0000, 0x0000, 0x0000, 0x0000, 0x0000, 0x0000, 0x0000, 0x0000, 0x0000, 0x0000, 0x0000, 0x0000,
    0x0000, 0x0000, 0x0000, 0x0000, 0x0000, 0x0000, 0x0000, 0x0000, 0x0000, 0x0000, 0x0000, 0x0000, 0x0000, 0x0000, 0x0000, 0x0000,
    0x0000, 0x0000, 0x4A49, 0x8C72, 0x8C72, 0x8C72, 0x8C72, 0x8C72, 0x8C72, 0x8C72, 0x8C72, 0x8C72, 0x8C72, 0x8C72, 0x8C72, 0x8C72,
    0x8C72, 0x8C72, 0x8C72, 0x8C72, 0x8C72, 0x8C72, 0x8C72, 0x8C72, 0x8C72, 0x8C72, 0x8C72, 0x8C72, 0x8C72, 0x8C72, 0x8C72, 0x8C72,
    0x8C72, 0x8C72, 0x8C72, 0x8C72, 0x8C72, 0x8C72, 0x8C72, 0x8C72, 0x8C72, 0x8C72, 0x8C72, 0x8C72, 0x8C72, 0x8C72, 0x8C72, 0x8C72,
    0x8C72, 0x8C72, 0x8C72, 0x8C72, 0x8C72, 0x6B4D, 0x0000, 0x0000, 0x0000, 0x0000, 0x0000, 0x0000, 0x0000, 0x0000, 0x0000, 0x0000,
    0x0000, 0x0000, 0x0000, 0x0000, 0x0000, 0x0000, 0x0000, 0x0000, 0x0000, 0x0000, 0x0000, 0x0000, 0x0000, 0x0000, 0x0000, 0x0000,
    0x0000, 0x0000, 0x0000, 0x0000, 0x0000, 0x0000, 0x0000, 0x0000, 0x0000, 0x0000, 0x0000, 0x0000, 0x0000, 0x0000, 0x0000, 0x0000,
    0x0000, 0x0000, 0x0000, 0x0000, 0x0000, 0x0000, 0x0000, 0x0000, 0x0000, 0x0000, 0x0000, 0x0000, 0x0000, 0x0000, 0x0000, 0x0000,
    0x0000, 0xD659, 0xE6FC, 0xE6FC, 0xE6FC, 0xE6FC, 0xE6FC, 0xE6FC, 0xE6FC, 0xE6FC, 0xE6FC, 0xE6FC, 0xE6FC, 0xE6FC, 0xE6FC, 0xE6FC,
    0xE6FC, 0xE6FC, 0xE6FC, 0xE6FC, 0xE6FC, 0xE6FC, 0xE6FC, 0xE6FC, 0xE6FC, 0xE6FC, 0xE6FC, 0xE6FC, 0xE6FC, 0xE6FC, 0xE6FC, 0xE6FC,
    0xE6FC, 0xE6FC, 0xE6FC, 0xE6FC, 0xE6FC, 0xE6FC, 0xE6FC, 0xE6FC, 0xE6FC, 0xE6FC, 0xE6FC, 0xE6FC, 0xE6FC, 0xE6FC, 0xE6FC, 0xE6FC,
    0xE6FC, 0xAD55, 0x0000, 0x0000, 0x0000, 0x0000, 0x0000, 0x0000, 0x0000, 0x0000, 0x0000, 0x0000, 0x0000, 0x0000, 0x0000, 0x0000,
    0x0000, 0x0000, 0x0000, 0x0000, 0x0000, 0x0000, 0x0000, 0x0000, 0x0000, 0x0000, 0x0000, 0x0000, 0x0000, 0x0000, 0x0000, 0x0000,
    0x0000, 0x0000, 0x6B4D, 0xE6FC, 0xE6FC, 0xE6FC, 0xE6FC, 0xE6FC, 0xE6FC, 0xE6FC, 0xE6FC, 0xE6FC, 0xE6FC, 0xE6FC, 0xE6FC, 0xE6FC,
    0xE6FC, 0xE6FC, 0xE6FC, 0xE6FC, 0xE6FC, 0xE6FC, 0xE6FC, 0xE6FC, 0xE6FC, 0xE6FC, 0xE6FC, 0xE6FC, 0xE6FC, 0xE6FC, 0xE6FC, 0xE6FC,
    0xE6FC, 0xE6FC, 0xE6FC, 0xE6FC, 0xE6FC, 0xE6FC, 0xE6FC, 0xE6FC, 0xE6FC, 0xE6FC, 0xE6FC, 0xE6FC, 0xE6FC, 0xE6FC, 0xE6FC, 0xE6FC,
    0xE6FC, 0xE6FC, 0xE6FC, 0x2965, 0x0000, 0x0000, 0x0000, 0x0000, 0x0000, 0x0000, 0x0000, 0x0000, 0x0000, 0x0000, 0x0000, 0x0000,
    0x0000, 0x0000, 0x0000, 0x0000, 0x0000, 0x0000, 0x0000, 0x0000, 0x0000, 0x0000, 0x0000, 0x0000, 0x0000, 0x0000, 0x0000, 0x0000,
    0x0000, 0x0000, 0x0000, 0x0000, 0x0000, 0x0000, 0x0000, 0x0000, 0x0000, 0x0000, 0x0000, 0x0000, 0x0000, 0x0000, 0x0000, 0x0000,
    0x0000, 0x0000, 0x0000, 0x0000, 0x0000, 0x0000, 0x0000, 0x0000, 0x0000, 0x0000, 0x0000, 0x0000, 0x0000, 0x0000, 0x4A49, 0x8C72,
    0x8C72, 0x8C72, 0x8C72, 0x8C72, 0x8C72, 0x8C72, 0x8C72, 0x8C72, 0x8C72, 0x8C72, 0x8C72, 0x8C72, 0x8C72, 0x8C72, 0x8C72, 0x8C72,
    0x8C72, 0x8C72, 0x8C72, 0x8C72, 0x8C72, 0x8C72, 0x8C72, 0x8C72, 0x8C72, 0x8C72, 0x8C72, 0x8C72, 0x8C72, 0x8C72, 0x8C72, 0x8C72,
    0x8C72, 0x8C72, 0x8C72, 0x8C72, 0x8C72, 0x8C72, 0x8C72, 0x8C72, 0x8C72, 0x8C72, 0x8C72, 0x8C72, 0x8C72, 0x8C72, 0x8C72, 0x8C72,
    0x8C72, 0x6B4D, 0x0000, 0x0000, 0x0000, 0x0000, 0x0000, 0x0000, 0x0000, 0x0000, 0x0000, 0x0000, 0x0000, 0x0000, 0x0000, 0x0000,
    0x0000, 0x0000, 0x0000, 0x0000, 0x0000, 0x0000, 0x0000, 0x0000, 0x0000, 0x0000, 0x0000, 0x0000, 0x0000, 0x0000, 0x0000, 0x0000,
    0x0000, 0x0000, 0x0000, 0x0000, 0x0000, 0x0000, 0x0000, 0x0000, 0x0000, 0x0000, 0x0000, 0x0000, 0x0000, 0x0000, 0x0000, 0x0000,
    0x0000, 0x0000, 0x0000, 0x0000, 0x0000, 0x0000, 0x0000, 0x0000, 0x0000, 0x0000, 0x0000, 0x0000, 0x0000, 0x2965, 0xE6FC, 0xE6FC,
    0xE6FC, 0xE6FC, 0xE6FC, 0xE6FC, 0xE6FC, 0xE6FC, 0xE6FC, 0xE6FC, 0xE6FC, 0xE6FC, 0xE6FC, 0xE6FC, 0xE6FC, 0xE6FC, 0xE6FC, 0xE6FC,
    0xE6FC, 0xE6FC, 0xE6FC, 0xE6FC, 0xE6FC, 0xE6FC, 0xE6FC, 0xE6FC, 0xE6FC, 0xE6FC, 0xE6FC, 0xE6FC, 0xE6FC, 0xE6FC, 0xE6FC, 0xE6FC,
    0xE6FC, 0xE6FC, 0xE6FC, 0xE6FC, 0xE6FC, 0xE6FC, 0xE6FC, 0xE6FC, 0xE6FC, 0xE6FC, 0xE6FC, 0xE6FC, 0xE6FC, 0xE6FC, 0x6B4D, 0x0000,
    0x0000, 0x0000, 0x0000, 0x0000, 0x0000, 0x0000, 0x0000, 0x0000, 0x0000, 0x0000, 0x0000, 0x0000, 0x0000, 0x0000, 0x0000, 0x0000,
    0x0000, 0x0000, 0x0000, 0x0000, 0x0000, 0x0000, 0x0000, 0x0000, 0x0000, 0x0000, 0x0000, 0x0000, 0x0000, 0x2965, 0xD659, 0xE6FC,
    0xE6FC, 0xE6FC, 0xE6FC, 0xE6FC, 0xE6FC, 0xE6FC, 0xE6FC, 0xE6FC, 0xE6FC, 0xE6FC, 0xE6FC, 0xE6FC, 0xE6FC, 0xE6FC, 0xE6FC, 0xE6FC,
    0xE6FC, 0xE6FC, 0xE6FC, 0xE6FC, 0xE6FC, 0xE6FC, 0xE6FC, 0xE6FC, 0xE6FC, 0xE6FC, 0xE6FC, 0xE6FC, 0xE6FC, 0xE6FC, 0xE6FC, 0xE6FC,
    0xE6FC, 0xE6FC, 0xE6FC, 0xE6FC, 0xE6FC, 0xE6FC, 0xE6FC, 0xE6FC, 0xE6FC, 0xE6FC, 0xE6FC, 0xE6FC, 0xE6FC, 0xE6FC, 0x7BEF, 0x0000,
    0x0000, 0x0000, 0x0000, 0x0000, 0x0000, 0x0000, 0x0000, 0x0000, 0x0000, 0x0000, 0x0000, 0x0000, 0x0000, 0x0000, 0x0000, 0x0000,
    0x0000, 0x0000, 0x0000, 0x0000, 0x0000, 0x0000, 0x0000, 0x0000, 0x0000, 0x0000, 0x0000, 0x0000, 0x0000, 0x0000, 0x0000, 0x0000,
    0x0000, 0x0000, 0x0000, 0x0000, 0x0000, 0x0000, 0x0000, 0x0000, 0x0000, 0x0000, 0x0000, 0x0000, 0x0000, 0x0000, 0x0000, 0x0000,
    0x0000, 0x0000, 0x0000, 0x0000, 0x0000, 0x0000, 0x0000, 0x0000, 0x0000, 0x0000, 0x4A49, 0x8C72, 0x8C72, 0x8C72, 0x8C72, 0x8C72,
    0x8C72, 0x8C72, 0x8C72, 0x8C72, 0x8C72, 0x8C72, 0x8C72, 0x8C72, 0x8C72, 0x8C72, 0x8C72, 0x8C72, 0x8C72, 0x8C72, 0x8C72, 0x8C72,
    0x8C72, 0x8C72, 0x8C72, 0x8C72, 0x8C72, 0x8C72, 0x8C72, 0x8C72, 0x8C72, 0x8C72, 0x8C72, 0x8C72, 0x8C72, 0x8C72, 0x8C72, 0x8C72,
    0x8C72, 0x8C72, 0x8C72, 0x8C72, 0x8C72, 0x8C72, 0x8C72, 0x8C72, 0x8C72, 0x8C72, 0x8C72, 0x8C72, 0x8C72, 0x6B4D, 0x0000, 0x0000,
    0x0000, 0x0000, 0x0000, 0x0000, 0x0000, 0x0000, 0x0000, 0x0000, 0x0000, 0x0000, 0x0000, 0x0000, 0x0000, 0x0000, 0x0000, 0x0000,
    0x0000, 0x0000, 0x0000, 0x0000, 0x0000, 0x0000, 0x0000, 0x0000, 0x0000, 0x0000, 0x0000, 0x0000, 0x0000, 0x0000, 0x0000, 0x0000,
    0x0000, 0x0000, 0x0000, 0x0000, 0x0000, 0x0000, 0x0000, 0x0000, 0x0000, 0x0000, 0x0000, 0x0000, 0x0000, 0x0000, 0x0000, 0x0000,
    0x0000, 0x0000, 0x0000, 0x0000, 0x0000, 0x0000, 0x0000, 0x0000, 0x0000, 0x0000, 0x7BEF, 0xE6FC, 0xE6FC, 0xE6FC, 0xE6FC, 0xE6FC,
    0xE6FC, 0xE6FC, 0xE6FC, 0xE6FC, 0xE6FC, 0xE6FC, 0xE6FC, 0xE6FC, 0xE6FC, 0xE6FC, 0xE6FC, 0xE6FC, 0xE6FC, 0xE6FC, 0xE6FC, 0xE6FC,
    0xE6FC, 0xE6FC, 0xE6FC, 0xE6FC, 0xE6FC, 0xE6FC, 0xE6FC, 0xE6FC, 0xE6FC, 0xE6FC, 0xE6FC, 0xE6FC, 0xE6FC, 0xE6FC, 0xE6FC, 0xE6FC,
    0xE6FC, 0xE6FC, 0xE6FC, 0xE6FC, 0xE6FC, 0xE6FC, 0xE6FC, 0xE6FC, 0xE6FC, 0xE6FC, 0xD659, 0x0000, 0x0000, 0x0000, 0x0000, 0x0000,
    0x0000, 0x0000, 0x0000, 0x0000, 0x0000, 0x0000, 0x0000, 0x0000, 0x0000, 0x0000, 0x0000, 0x0000, 0x0000, 0x0000, 0x0000, 0x0000,
    0x0000, 0x0000, 0x0000, 0x0000, 0x0000, 0x0000, 0x0000, 0x0000, 0x0000, 0x9CD3, 0xE6FC, 0xE6FC, 0xE6FC, 0xE6FC, 0xE6FC, 0xE6FC,
    0xE6FC, 0xE6FC, 0xE6FC, 0xE6FC, 0xE6FC, 0xE6FC, 0xE6FC, 0xE6FC, 0xE6FC, 0xE6FC, 0xE6FC, 0xE6FC, 0xE6FC, 0xE6FC, 0xE6FC, 0xE6FC,
    0xE6FC, 0xE6FC, 0xE6FC, 0xE6FC, 0xE6FC, 0xE6FC, 0xE6FC, 0xE6FC, 0xE6FC, 0xE6FC, 0xE6FC, 0xE6FC, 0xE6FC, 0xE6FC, 0xE6FC, 0xE6FC,
    0xE6FC, 0xE6FC, 0xE6FC, 0xE6FC, 0xE6FC, 0xE6FC, 0xE6FC, 0xE6FC, 0xE6FC, 0xD659, 0x0000, 0x0000, 0x0000, 0x0000, 0x0000, 0x0000,
    0x0000, 0x0000, 0x0000, 0x0000, 0x0000, 0x0000, 0x0000, 0x0000, 0x0000, 0x0000, 0x0000, 0x0000, 0x0000, 0x0000, 0x0000, 0x0000,
    0x0000, 0x0000, 0x0000, 0x0000, 0x0000, 0x0000, 0x0000, 0x0000, 0x0000, 0x0000, 0x0000, 0x0000, 0x0000, 0x0000, 0x0000, 0x0000,
    0x0000, 0x0000, 0x0000, 0x0000, 0x0000, 0x0000, 0x0000, 0x0000, 0x0000, 0x0000, 0x0000, 0x0000, 0x0000, 0x0000, 0x0000, 0x0000,
    0x0000, 0x0000, 0x0000, 0x0000, 0x0000, 0x0000, 0x4A49, 0x8C72, 0x8C72, 0x8C72, 0x8C72, 0x8C72, 0x8C72, 0x8C72, 0x8C72, 0x8C72,
    0x8C72, 0x8C72, 0x8C72, 0x8C72, 0x8C72, 0x8C72, 0x8C72, 0x8C72, 0x8C72, 0x8C72, 0x8C72, 0x8C72, 0x8C72, 0x8C72, 0x8C72, 0x8C72,
    0x8C72, 0x8C72, 0x8C72, 0x8C72, 0x8C72, 0x8C72, 0x8C72, 0x8C72, 0x8C72, 0x8C72, 0x8C72, 0x8C72, 0x8C72, 0x8C72, 0x8C72, 0x8C72,
    0x8C72, 0x8C72, 0x8C72, 0x8C72, 0x8C72, 0x8C72, 0x8C72, 0x8C72, 0x8C72, 0x6B4D, 0x0000, 0x0000, 0x0000, 0x0000, 0x0000, 0x0000,
    0x0000, 0x0000, 0x0000, 0x0000, 0x0000, 0x0000, 0x0000, 0x0000, 0x0000, 0x0000, 0x0000, 0x0000, 0x0000, 0x0000, 0x0000, 0x0000,
    0x0000, 0x0000, 0x0000, 0x0000, 0x0000, 0x0000, 0x0000, 0x0000, 0x0000, 0x0000, 0x0000, 0x0000, 0x0000, 0x0000, 0x0000, 0x0000,
    0x0000, 0x0000, 0x0000, 0x0000, 0x0000, 0x0000, 0x0000, 0x0000, 0x0000, 0x0000, 0x0000, 0x0000, 0x0000, 0x0000, 0x0000, 0x0000,
    0x0000, 0x0000, 0x0000, 0x0000, 0x0000, 0x0000, 0x0000, 0xD659, 0xE6FC, 0xE6FC, 0xE6FC, 0xE6FC, 0xE6FC, 0xE6FC, 0xE6FC, 0xE6FC,
    0xE6FC, 0xE6FC, 0xE6FC, 0xE6FC, 0xE6FC, 0xE6FC, 0xE6FC, 0xE6FC, 0xE6FC, 0xE6FC, 0xE6FC, 0xE6FC, 0xE6FC, 0xE6FC, 0xE6FC, 0xE6FC,
    0xE6FC, 0xE6FC, 0xE6FC, 0xE6FC, 0xE6FC, 0xE6FC, 0xE6FC, 0xE6FC, 0xE6FC, 0xE6FC, 0xE6FC, 0xE6FC, 0xE6FC, 0xE6FC, 0xE6FC, 0xE6FC,
    0xE6FC, 0xE6FC, 0xE6FC, 0xE6FC, 0xE6FC, 0xE6FC, 0xE6FC, 0x9CD3, 0x0000, 0x0000, 0x0000, 0x0000, 0x0000, 0x0000, 0x0000, 0x0000,
    0x0000, 0x0000, 0x0000, 0x0000, 0x0000, 0x0000, 0x0000, 0x0000, 0x0000, 0x0000, 0x0000, 0x0000, 0x0000, 0x0000, 0x0000, 0x0000,
    0x0000, 0x0000, 0x0000, 0x0000, 0x4A49, 0xE6FC, 0xE6FC, 0xE6FC, 0xE6FC, 0xE6FC, 0xE6FC, 0xE6FC, 0xE6FC, 0xE6FC, 0xE6FC, 0xE6FC,
    0xE6FC, 0xE6FC, 0xE6FC, 0xE6FC, 0xE6FC, 0xE6FC, 0xE6FC, 0xE6FC, 0xE6FC, 0xE6FC, 0xE6FC, 0xE6FC, 0xE6FC, 0xE6FC, 0xE6FC, 0xE6FC,
    0xE6FC, 0xE6FC, 0xE6FC, 0xE6FC, 0xE6FC, 0xE6FC, 0xE6FC, 0xE6FC, 0xE6FC, 0xE6FC, 0xE6FC, 0xE6FC, 0xE6FC, 0xE6FC, 0xE6FC, 0xE6FC,
    0xE6FC, 0xE6FC, 0xE6FC, 0xE6FC, 0xE6FC, 0x2965, 0x0000, 0x0000, 0x0000, 0x0000, 0x0000, 0x0000, 0x0000, 0x0000, 0x0000, 0x0000,
    0x0000, 0x0000, 0x0000, 0x0000, 0x0000, 0x0000, 0x0000, 0x0000, 0x0000, 0x0000, 0x0000, 0x0000, 0x0000, 0x0000, 0x0000, 0x0000,
    0x0000, 0x0000, 0x0000, 0x0000, 0x0000, 0x0000, 0x0000, 0x0000, 0x0000, 0x0000, 0x0000, 0x0000, 0x0000, 0x0000, 0x0000, 0x0000,
    0x0000, 0x0000, 0x0000, 0x0000, 0x0000, 0x0000, 0x0000, 0x0000, 0x0000, 0x0000, 0x0000, 0x0000, 0x0000, 0x0000, 0x0000, 0x0000,
    0x0000, 0x0000, 0x4A49, 0x8C72, 0x8C72, 0x8C72, 0x8C72, 0x8C72, 0x8C72, 0x8C72, 0x8C72, 0x8C72, 0x8C72, 0x8C72, 0x8C72, 0x8C72,
    0x8C72, 0x8C72, 0x8C72, 0x8C72, 0x8C72, 0x8C72, 0x8C72, 0x8C72, 0x8C72, 0x8C72, 0x8C72, 0x8C72, 0x8C72, 0x8C72, 0x8C72, 0x8C72,
    0x8C72, 0x8C72, 0x8C72, 0x8C72, 0x8C72, 0x8C72, 0x8C72, 0x8C72, 0x8C72, 0x8C72, 0x8C72, 0x8C72, 0x8C72, 0x8C72, 0x8C72, 0x8C72,
    0x8C72, 0x8C72, 0x8C72, 0x8C72, 0x8C72, 0x6B4D, 0x0000, 0x0000, 0x0000, 0x0000, 0x0000, 0x0000, 0x0000, 0x0000, 0x0000, 0x0000,
    0x0000, 0x0000, 0x0000, 0x0000, 0x0000, 0x0000, 0x0000, 0x0000, 0x0000, 0x0000, 0x0000, 0x0000, 0x0000, 0x0000, 0x0000, 0x0000,
    0x0000, 0x0000, 0x0000, 0x0000, 0x0000, 0x0000, 0x0000, 0x0000, 0x0000, 0x0000, 0x0000, 0x0000, 0x0000, 0x0000, 0x0000, 0x0000,
    0x0000, 0x0000, 0x0000, 0x0000, 0x0000, 0x0000, 0x0000, 0x0000, 0x0000, 0x0000, 0x0000, 0x0000, 0x0000, 0x0000, 0x0000, 0x0000,
    0x0000, 0x0000, 0x0000, 0x2965, 0xE6FC, 0xE6FC, 0xE6FC, 0xE6FC, 0xE6FC, 0xE6FC, 0xE6FC, 0xE6FC, 0xE6FC, 0xE6FC, 0xE6FC, 0xE6FC,
    0xE6FC, 0xE6FC, 0xE6FC, 0xE6FC, 0xE6FC, 0xE6FC, 0xE6FC, 0xE6FC, 0xE6FC, 0xE6FC, 0xE6FC, 0xE6FC, 0xE6FC, 0xE6FC, 0xE6FC, 0xE6FC,
    0xE6FC, 0xE6FC, 0xE6FC, 0xE6FC, 0xE6FC, 0xE6FC, 0xE6FC, 0xE6FC, 0xE6FC, 0xE6FC, 0xE6FC, 0xE6FC, 0xE6FC, 0xE6FC, 0xE6FC, 0xE6FC,
    0xE6FC, 0xE6FC, 0xE6FC, 0xE6FC, 0x2965, 0x0000, 0x0000, 0x0000, 0x0000, 0x0000, 0x0000, 0x0000, 0x0000, 0x0000, 0x0000, 0x0000,
    0x0000, 0x0000, 0x0000, 0x0000, 0x0000, 0x0000, 0x0000, 0x0000, 0x0000, 0x0000, 0x0000, 0x0000, 0x0000, 0x0000, 0x0000, 0x0000,
    0xD659, 0xE6FC, 0xE6FC, 0xE6FC, 0xE6FC, 0xE6FC, 0xE6FC, 0xE6FC, 0xE6FC, 0xE6FC, 0xE6FC, 0xE6FC, 0xE6FC, 0xE6FC, 0xE6FC, 0xE6FC,
    0xE6FC, 0xE6FC, 0xE6FC, 0xE6FC, 0xE6FC, 0xE6FC, 0xE6FC, 0xE6FC, 0xE6FC, 0xE6FC, 0xE6FC, 0xE6FC, 0xE6FC, 0xE6FC, 0xE6FC, 0xE6FC,
    0xE6FC, 0xE6FC, 0xE6FC, 0xE6FC, 0xE6FC, 0xE6FC, 0xE6FC, 0xE6FC, 0xE6FC, 0xE6FC, 0xE6FC, 0xE6FC, 0xE6FC, 0xE6FC, 0xE6FC, 0xE6FC,
    0x7BEF, 0x0000, 0x0000, 0x0000, 0x0000, 0x0000, 0x0000, 0x0000, 0x0000, 0x0000, 0x0000, 0x0000, 0x0000, 0x0000, 0x0000, 0x0000,
    0x0000, 0x0000, 0x0000, 0x0000, 0x0000, 0x0000, 0x0000, 0x0000, 0x0000, 0x0000, 0x0000, 0x0000, 0x0000, 0x0000, 0x0000, 0x0000,
    0x0000, 0x0000, 0x0000, 0x0000, 0x0000, 0x0000, 0x0000, 0x0000, 0x0000, 0x0000, 0x0000, 0x0000, 0x0000, 0x0000, 0x0000, 0x0000,
    0x0000, 0x0000, 0x0000, 0x0000, 0x0000, 0x0000, 0x0000, 0x0000, 0x0000, 0x0000, 0x0000, 0x0000, 0x0000, 0x0000, 0x4A49, 0x8C72,
    0x8C72, 0x8C72, 0x8C72, 0x8C72, 0x8C72, 0x8C72, 0x8C72, 0x8C72, 0x8C72, 0x8C72, 0x8C72, 0x8C72, 0x8C72, 0x8C72, 0x8C72, 0x8C72,
    0x8C72, 0x8C72, 0x8C72, 0x8C72, 0x8C72, 0x8C72, 0x8C72, 0x8C72, 0x8C72, 0x8C72, 0x8C72, 0x8C72, 0x8C72, 0x8C72, 0x8C72, 0x8C72,
    0x8C72, 0x8C72, 0x8C72, 0x8C72, 0x8C72, 0x8C72, 0x8C72, 0x8C72, 0x8C72, 0x8C72, 0x8C72, 0x8C72, 0x8C72, 0x8C72, 0x8C72, 0x8C72,
    0x8C72, 0x6B4D, 0x0000, 0x0000, 0x0000, 0x0000, 0x0000, 0x0000, 0x0000, 0x0000, 0x0000, 0x0000, 0x0000, 0x0000, 0x0000, 0x0000,
    0x0000, 0x0000, 0x0000, 0x0000, 0x0000, 0x0000, 0x0000, 0x0000, 0x0000, 0x0000, 0x0000, 0x0000, 0x0000, 0x0000, 0x0000, 0x0000,
    0x0000, 0x0000, 0x0000, 0x0000, 0x0000, 0x0000, 0x0000, 0x0000, 0x0000, 0x0000, 0x0000, 0x0000, 0x0000, 0x0000, 0x0000, 0x0000,
    0x0000, 0x0000, 0x0000, 0x0000, 0x0000, 0x0000, 0x0000, 0x0000, 0x0000, 0x0000, 0x0000, 0x0000, 0x0000, 0x0000, 0x0000, 0x0000,
    0x7BEF, 0xE6FC, 0xE6FC, 0xE6FC, 0xE6FC, 0xE6FC, 0xE6FC, 0xE6FC, 0xE6FC, 0xE6FC, 0xE6FC, 0xE6FC, 0xE6FC, 0xE6FC, 0xE6FC, 0xE6FC,
    0xE6FC, 0xE6FC, 0xE6FC, 0xE6FC, 0xE6FC, 0xE6FC, 0xE6FC, 0xE6FC, 0xE6FC, 0xE6FC, 0xE6FC, 0xE6FC, 0xE6FC, 0xE6FC, 0xE6FC, 0xE6FC,
    0xE6FC, 0xE6FC, 0xE6FC, 0xE6FC, 0xE6FC, 0xE6FC, 0xE6FC, 0xE6FC, 0xE6FC, 0xE6FC, 0xE6FC, 0xE6FC, 0xE6FC, 0xE6FC, 0xE6FC, 0xE6FC,
    0xD659, 0x0000, 0x0000, 0x0000, 0x0000, 0x0000, 0x0000, 0x0000, 0x0000, 0x0000, 0x0000, 0x0000, 0x0000, 0x0000, 0x0000, 0x0000,
    0x0000, 0x0000, 0x0000, 0x0000, 0x0000, 0x0000, 0x0000, 0x0000, 0x0000, 0x0000, 0x0000, 0x7BEF, 0xE6FC, 0xE6FC, 0xE6FC, 0xE6FC,
    0xE6FC, 0xE6FC, 0xE6FC, 0xE6FC, 0xE6FC, 0xE6FC, 0xE6FC, 0xE6FC, 0xE6FC, 0xE6FC, 0xE6FC, 0xE6FC, 0xE6FC, 0xE6FC, 0xE6FC, 0xE6FC,
    0xE6FC, 0xE6FC, 0xE6FC, 0xE6FC, 0xE6FC, 0xE6FC, 0xE6FC, 0xE6FC, 0xE6FC, 0xE6FC, 0xE6FC, 0xE6FC, 0xE6FC, 0xE6FC, 0xE6FC, 0xE6FC,
    0xE6FC, 0xE6FC, 0xE6FC, 0xE6FC, 0xE6FC, 0xE6FC, 0xE6FC, 0xE6FC, 0xE6FC, 0xE6FC, 0xE6FC, 0xD659, 0x0000, 0x0000, 0x0000, 0x0000,
    0x0000, 0x0000, 0x0000, 0x0000, 0x0000, 0x0000, 0x0000, 0x0000, 0x0000, 0x0000, 0x0000, 0x0000, 0x0000, 0x0000, 0x0000, 0x0000,
    0x0000, 0x0000, 0x0000, 0x0000, 0x0000, 0x0000, 0x0000, 0x0000, 0x0000, 0x0000, 0x0000, 0x0000, 0x0000, 0x0000, 0x0000, 0x0000,
    0x0000, 0x0000, 0x0000, 0x0000, 0x0000, 0x0000, 0x0000, 0x0000, 0x0000, 0x0000, 0x0000, 0x0000, 0x0000, 0x0000, 0x0000, 0x0000,
    0x0000, 0x0000, 0x0000, 0x0000, 0x0000, 0x0000, 0x0000, 0x0000, 0x0000, 0x0000, 0x4A49, 0x8C72, 0x8C72, 0x8C72, 0x8C72, 0x8C72,
    0x8C72, 0x8C72, 0x8C72, 0x8C72, 0x8C72, 0x8C72, 0x8C72, 0x8C72, 0x8C72, 0x8C72, 0x8C72, 0x8C72, 0x8C72, 0x8C72, 0x8C72, 0x8C72,
    0x8C72, 0x8C72, 0x8C72, 0x8C72, 0x8C72, 0x8C72, 0x8C72, 0x8C72, 0x8C72, 0x8C72, 0x8C72, 0x8C72, 0x8C72, 0x8C72, 0x8C72, 0x8C72,
    0x8C72, 0x8C72, 0x8C72, 0x8C72, 0x8C72, 0x8C72, 0x8C72, 0x8C72, 0x8C72, 0x8C72, 0x8C72, 0x8C72, 0x8C72, 0x6B4D, 0x0000, 0x0000,
    0x0000, 0x0000, 0x0000, 0x0000, 0x0000, 0x0000, 0x0000, 0x0000, 0x0000, 0x0000, 0x0000, 0x0000, 0x0000, 0x0000, 0x0000, 0x0000,
    0x0000, 0x0000, 0x0000, 0x0000, 0x0000, 0x0000, 0x0000, 0x0000, 0x0000, 0x0000, 0x0000, 0x0000, 0x0000, 0x0000, 0x0000, 0x0000,
    0x0000, 0x0000, 0x0000, 0x0000, 0x0000, 0x0000, 0x0000, 0x0000, 0x0000, 0x0000, 0x0000, 0x0000, 0x0000, 0x0000, 0x0000, 0x0000,
    0x0000, 0x0000, 0x0000, 0x0000, 0x0000, 0x0000, 0x0000, 0x0000, 0x0000, 0x0000, 0x0000, 0x0000, 0x0000, 0xD659, 0xE6FC, 0xE6FC,
    0xE6FC, 0xE6FC, 0xE6FC, 0xE6FC, 0xE6FC, 0xE6FC, 0xE6FC, 0xE6FC, 0xE6FC, 0xE6FC, 0xE6FC, 0xE6FC, 0xE6FC, 0xE6FC, 0xE6FC, 0xE6FC,
    0xE6FC, 0xE6FC, 0xE6FC, 0xE6FC, 0xE6FC, 0xE6FC, 0xE6FC, 0xE6FC, 0xE6FC, 0xE6FC, 0xE6FC, 0xE6FC, 0xE6FC, 0xE6FC, 0xE6FC, 0xE6FC,
    0xE6FC, 0xE6FC, 0xE6FC, 0xE6FC, 0xE6FC, 0xE6FC, 0xE6FC, 0xE6FC, 0xE6FC, 0xE6FC, 0xE6FC, 0xE6FC, 0xE6FC, 0x7BEF, 0x0000, 0x0000,
    0x0000, 0x0000, 0x0000, 0x0000, 0x0000, 0x0000, 0x0000, 0x0000, 0x0000, 0x0000, 0x0000, 0x0000, 0x0000, 0x0000, 0x0000, 0x0000,
    0x0000, 0x0000, 0x0000, 0x0000, 0x0000, 0x0000, 0x2965, 0xE6FC, 0xE6FC, 0xE6FC, 0xE6FC, 0xE6FC, 0xE6FC, 0xE6FC, 0xE6FC, 0xE6FC,
    0xE6FC, 0xE6FC, 0xE6FC, 0xE6FC, 0xE6FC, 0xE6FC, 0xE6FC, 0xE6FC, 0xE6FC, 0xE6FC, 0xE6FC, 0xE6FC, 0xE6FC, 0xE6FC, 0xE6FC, 0xE6FC,
    0xE6FC, 0xE6FC, 0xE6FC, 0xE6FC, 0xE6FC, 0xE6FC, 0xE6FC, 0xE6FC, 0xE6FC, 0xE6FC, 0xE6FC, 0xE6FC, 0xE6FC, 0xE6FC, 0xE6FC, 0xE6FC,
    0xE6FC, 0xE6FC, 0xE6FC, 0xE6FC, 0xE6FC, 0xE6FC, 0xE6FC, 0x2965, 0x0000, 0x0000, 0x0000, 0x0000, 0x0000, 0x0000, 0x0000, 0x0000,
    0x0000, 0x0000, 0x0000, 0x0000, 0x0000, 0x0000, 0x0000, 0x0000, 0x0000, 0x0000, 0x0000, 0x0000, 0x0000, 0x0000, 0x0000, 0x0000,
    0x0000, 0x0000, 0x0000, 0x0000, 0x0000, 0x0000, 0x0000, 0x0000, 0x0000, 0x0000, 0x0000, 0x0000, 0x0000, 0x0000, 0x0000, 0x0000,
    0x0000, 0x0000, 0x0000, 0x0000, 0x0000, 0x0000, 0x0000, 0x0000, 0x0000, 0x0000, 0x0000, 0x0000, 0x0000, 0x0000, 0x0000, 0x0000,
    0x0000, 0x0000, 0x0000, 0x0000, 0x0000, 0x0000, 0x4A49, 0x8C72, 0x8C72, 0x8C72, 0x8C72, 0x8C72, 0x8C72, 0x8C72, 0x8C72, 0x8C72,
    0x8C72, 0x8C72, 0x8C72, 0x8C72, 0x8C72, 0x8C72, 0x8C72, 0x8C72, 0x8C72, 0x8C72, 0x8C72, 0x8C72, 0x8C72, 0x8C72, 0x8C72, 0x8C72,
    0x8C72, 0x8C72, 0x8C72, 0x8C72, 0x8C72, 0x8C72, 0x8C72, 0x8C72, 0x8C72, 0x8C72, 0x8C72, 0x8C72, 0x8C72, 0x8C72, 0x8C72, 0x8C72,
    0x8C72, 0x8C72, 0x8C72, 0x8C72, 0x8C72, 0x8C72, 0x8C72, 0x8C72, 0x8C72, 0x6B4D, 0x0000, 0x0000, 0x0000, 0x0000, 0x0000, 0x0000,
    0x0000, 0x0000, 0x0000, 0x0000, 0x0000, 0x0000, 0x0000, 0x0000, 0x0000, 0x0000, 0x0000, 0x0000, 0x0000, 0x0000, 0x0000, 0x0000,
    0x0000, 0x0000, 0x0000, 0x0000, 0x0000, 0x0000, 0x0000, 0x0000, 0x0000, 0x0000, 0x0000, 0x0000, 0x0000, 0x0000, 0x0000, 0x0000,
    0x0000, 0x0000, 0x0000, 0x0000, 0x0000, 0x0000, 0x0000, 0x0000, 0x0000, 0x0000, 0x0000, 0x0000, 0x0000, 0x0000, 0x0000, 0x0000,
    0x0000, 0x0000, 0x0000, 0x0000, 0x0000, 0x0000, 0x0000, 0x0000, 0x0000, 0x2965, 0xE6FC, 0xE6FC, 0xE6FC, 0xE6FC, 0xE6FC, 0xE6FC,
    0xE6FC, 0xE6FC, 0xE6FC, 0xE6FC, 0xE6FC, 0xE6FC, 0xE6FC, 0xE6FC, 0xE6FC, 0xE6FC, 0xE6FC, 0xE6FC, 0xE6FC, 0xE6FC, 0xE6FC, 0xE6FC,
    0xE6FC, 0xE6FC, 0xE6FC, 0xE6FC, 0xE6FC, 0xE6FC, 0xE6FC, 0xE6FC, 0xE6FC, 0xE6FC, 0xE6FC, 0xE6FC, 0xE6FC, 0xE6FC, 0xE6FC, 0xE6FC,
    0xE6FC, 0xE6FC, 0xE6FC, 0xE6FC, 0xE6FC, 0xE6FC, 0xE6FC, 0xE6FC, 0xE6FC, 0xE6FC, 0x2965, 0x0000, 0x0000, 0x0000, 0x0000, 0x0000,
    0x0000, 0x0000, 0x0000, 0x0000, 0x0000, 0x0000, 0x0000, 0x0000, 0x0000, 0x0000, 0x0000, 0x0000, 0x0000, 0x0000, 0x0000, 0x0000,
    0x0000, 0x0000, 0xAD55, 0xE6FC, 0xE6FC, 0xE6FC, 0xE6FC, 0xE6FC, 0xE6FC, 0xE6FC, 0xE6FC, 0xE6FC, 0xE6FC, 0xE6FC, 0xE6FC, 0xE6FC,
    0xE6FC, 0xE6FC, 0xE6FC, 0xE6FC, 0xE6FC, 0xE6FC, 0xE6FC, 0xE6FC, 0xE6FC, 0xE6FC, 0xE6FC, 0xE6FC, 0xE6FC, 0xE6FC, 0xE6FC, 0xE6FC,
    0xE6FC, 0xE6FC, 0xE6FC, 0xE6FC, 0xE6FC, 0xE6FC, 0xE6FC, 0xE6FC, 0xE6FC, 0xE6FC, 0xE6FC, 0xE6FC, 0xE6FC, 0xE6FC, 0xE6FC, 0xE6FC,
    0xE6FC, 0xE6FC, 0x7BEF, 0x0000, 0x0000, 0x0000, 0x0000, 0x0000, 0x0000, 0x0000, 0x0000, 0x0000, 0x0000, 0x0000, 0x0000, 0x0000,
    0x0000, 0x0000, 0x0000, 0x0000, 0x0000, 0x0000, 0x0000, 0x0000, 0x0000, 0x0000, 0x0000, 0x0000, 0x0000, 0x0000, 0x0000, 0x0000,
    0x0000, 0x0000, 0x0000, 0x0000, 0x0000, 0x0000, 0x0000, 0x0000, 0x0000, 0x0000, 0x0000, 0x0000, 0x0000, 0x0000, 0x0000, 0x0000,
    0x0000, 0x0000, 0x0000, 0x0000, 0x0000, 0x0000, 0x0000, 0x0000, 0x0000, 0x0000, 0x0000, 0x0000, 0x0000, 0x0000, 0x0000, 0x0000,
    0x0000, 0x0000, 0x4A49, 0x8C72, 0x8C72, 0x8C72, 0x8C72, 0x8C72, 0x8C72, 0x8C72, 0x8C72, 0x8C72, 0x8C72, 0x8C72, 0x8C72, 0x8C72,
    0x8C72, 0x8C72, 0x8C72, 0x8C72, 0x8C72, 0x8C72, 0x8C72, 0x8C72, 0x8C72, 0x8C72, 0x8C72, 0x8C72, 0x8C72, 0x8C72, 0x8C72, 0x8C72,
    0x8C72, 0x8C72, 0x8C72, 0x8C72, 0x8C72, 0x8C72, 0x8C72, 0x8C72, 0x8C72, 0x8C72, 0x8C72, 0x8C72, 0x8C72, 0x8C72, 0x8C72, 0x8C72,
    0x8C72, 0x8C72, 0x8C72, 0x8C72, 0x8C72, 0x6B4D, 0x0000, 0x0000, 0x0000, 0x0000, 0x0000, 0x0000, 0x0000, 0x0000, 0x0000, 0x0000,
    0x0000, 0x0000, 0x0000, 0x0000, 0x0000, 0x0000, 0x0000, 0x0000, 0x0000, 0x0000, 0x0000, 0x0000, 0x0000, 0x0000, 0x0000, 0x0000,
    0x0000, 0x0000, 0x0000, 0x0000, 0x0000, 0x0000, 0x0000, 0x0000, 0x0000, 0x0000, 0x0000, 0x0000, 0x0000, 0x0000, 0x0000, 0x0000,
    0x0000, 0x0000, 0x0000, 0x0000, 0x0000, 0x0000, 0x0000, 0x0000, 0x0000, 0x0000, 0x0000, 0x0000, 0x0000, 0x0000, 0x0000, 0x0000,
    0x0000, 0x0000, 0x0000, 0x0000, 0x0000, 0x0000, 0x7BEF, 0xE6FC, 0xE6FC, 0xE6FC, 0xE6FC, 0xE6FC, 0xE6FC, 0xE6FC, 0xE6FC, 0xE6FC,
    0xE6FC, 0xE6FC, 0xE6FC, 0xE6FC, 0xE6FC, 0xE6FC, 0xE6FC, 0xE6FC, 0xE6FC, 0xE6FC, 0xE6FC, 0xE6FC, 0xE6FC, 0xE6FC, 0xE6FC, 0xE6FC,
    0xE6FC, 0xE6FC, 0xE6FC, 0xE6FC, 0xE6FC, 0xE6FC, 0xE6FC, 0xE6FC, 0xE6FC, 0xE6FC, 0xE6FC, 0xE6FC, 0xE6FC, 0xE6FC, 0xE6FC, 0xE6FC,
    0xE6FC, 0xE6FC, 0xE6FC, 0xE6FC, 0xE6FC, 0xE6FC, 0xAD55, 0x0000, 0x0000, 0x0000, 0x0000, 0x0000, 0x0000, 0x0000, 0x0000, 0x0000,
    0x0000, 0x0000, 0x0000, 0x0000, 0x0000, 0x0000, 0x0000, 0x0000, 0x0000, 0x0000, 0x0000, 0x0000, 0x0000, 0x6B4D, 0xE6FC, 0xE6FC,
    0xE6FC, 0xE6FC, 0xE6FC, 0xE6FC, 0xE6FC, 0xE6FC, 0xE6FC, 0xE6FC, 0xE6FC, 0xE6FC, 0xE6FC, 0xE6FC, 0xE6FC, 0xE6FC, 0xE6FC, 0xE6FC,
    0xE6FC, 0xE6FC, 0xE6FC, 0xE6FC, 0xE6FC, 0xE6FC, 0xE6FC, 0xE6FC, 0xE6FC, 0xE6FC, 0xE6FC, 0xE6FC, 0xE6FC, 0xE6FC, 0xE6FC, 0xE6FC,
    0xE6FC, 0xE6FC, 0xE6FC, 0xE6FC, 0xE6FC, 0xE6FC, 0xE6FC, 0xE6FC, 0xE6FC, 0xE6FC, 0xE6FC, 0xE6FC, 0xE6FC, 0xD659, 0x0000, 0x0000,
    0x0000, 0x0000, 0x0000, 0x0000, 0x0000, 0x0000, 0x0000, 0x0000, 0x0000, 0x0000, 0x0000, 0x0000, 0x0000, 0x0000, 0x0000, 0x0000,
    0x0000, 0x0000, 0x0000, 0x0000, 0x0000, 0x0000, 0x0000, 0x0000, 0x0000, 0x0000, 0x0000, 0x0000, 0x0000, 0x0000, 0x0000, 0x0000,
    0x0000, 0x0000, 0x0000, 0x0000, 0x0000, 0x0000, 0x0000, 0x0000, 0x0000, 0x0000, 0x0000, 0x0000, 0x0000, 0x0000, 0x0000, 0x0000,
    0x0000, 0x0000, 0x0000, 0x0000, 0x0000, 0x0000, 0x0000, 0x0000, 0x0000, 0x0000, 0x0000, 0x0000, 0x0000, 0x0000, 0x4A49, 0x8C72,
    0x8C72, 0x8C72, 0x8C72, 0x8C72, 0x8C72, 0x8C72, 0x8C72, 0x8C72, 0x8C72, 0x8C72, 0x8C72, 0x8C72, 0x8C72, 0x8C72, 0x8C72, 0x8C72,
    0x8C72, 0x8C72, 0x8C72, 0x8C72, 0x8C72, 0x8C72, 0x8C72, 0x8C72, 0x8C72, 0x8C72, 0x8C72, 0x8C72, 0x8C72, 0x8C72, 0x8C72, 0x8C72,
    0x8C72, 0x8C72, 0x8C72, 0x8C72, 0x8C72, 0x8C72, 0x8C72, 0x8C72, 0x8C72, 0x8C72, 0x8C72, 0x8C72, 0x8C72, 0x8C72, 0x8C72, 0x8C72,
    0x8C72, 0x6B4D, 0x0000, 0x0000, 0x0000, 0x0000, 0x0000, 0x0000, 0x0000, 0x0000, 0x0000, 0x0000, 0x0000, 0x0000, 0x0000, 0x0000,
    0x0000, 0x0000, 0x0000, 0x0000, 0x0000, 0x0000, 0x0000, 0x0000, 0x0000, 0x0000, 0x0000, 0x0000, 0x0000, 0x0000, 0x0000, 0x0000,
    0x0000, 0x0000, 0x0000, 0x0000, 0x0000, 0x0000, 0x0000, 0x0000, 0x0000, 0x0000, 0x0000, 0x0000, 0x0000, 0x0000, 0x0000, 0x0000,
    0x0000, 0x0000, 0x0000, 0x0000, 0x0000, 0x0000, 0x0000, 0x0000, 0x0000, 0x0000, 0x0000, 0x0000, 0x0000, 0x0000, 0x0000, 0x0000,
    0x0000, 0x0000, 0x0000, 0xD659, 0xE6FC, 0xE6FC, 0xE6FC, 0xE6FC, 0xE6FC, 0xE6FC, 0xE6FC, 0xE6FC, 0xE6FC, 0xE6FC, 0xE6FC, 0xE6FC,
    0xE6FC, 0xE6FC, 0xE6FC, 0xE6FC, 0xE6FC, 0xE6FC, 0xE6FC, 0xE6FC, 0xE6FC, 0xE6FC, 0xE6FC, 0xE6FC, 0xE6FC, 0xE6FC, 0xE6FC, 0xE6FC,
    0xE6FC, 0xE6FC, 0xE6FC, 0xE6FC, 0xE6FC, 0xE6FC, 0xE6FC, 0xE6FC, 0xE6FC, 0xE6FC, 0xE6FC, 0xE6FC, 0xE6FC, 0xE6FC, 0xE6FC, 0xE6FC,
    0xE6FC, 0xE6FC, 0xE6FC, 0x6B4D, 0x0000, 0x0000, 0x0000, 0x0000, 0x0000, 0x0000, 0x0000, 0x0000, 0x0000, 0x0000, 0x0000, 0x0000,
    0x0000, 0x0000, 0x0000, 0x0000, 0x0000, 0x0000, 0x0000, 0x0000, 0x2965, 0xE6FC, 0xE6FC, 0xE6FC, 0xE6FC, 0xE6FC, 0xE6FC, 0xE6FC,
    0xE6FC, 0xE6FC, 0xE6FC, 0xE6FC, 0xE6FC, 0xE6FC, 0xE6FC, 0xE6FC, 0xE6FC, 0xE6FC, 0xE6FC, 0xE6FC, 0xE6FC, 0xE6FC, 0xE6FC, 0xE6FC,
    0xE6FC, 0xE6FC, 0xE6FC, 0xE6FC, 0xE6FC, 0xE6FC, 0xE6FC, 0xE6FC, 0xE6FC, 0xE6FC, 0xE6FC, 0xE6FC, 0xE6FC, 0xE6FC, 0xE6FC, 0xE6FC,
    0xE6FC, 0xE6FC, 0xE6FC, 0xE6FC, 0xE6FC, 0xE6FC, 0xE6FC, 0xE6FC, 0xE6FC, 0x2965, 0x0000, 0x0000, 0x0000, 0x0000, 0x0000, 0x0000,
    0x0000, 0x0000, 0x0000, 0x0000, 0x0000, 0x0000, 0x0000, 0x0000, 0x0000, 0x0000, 0x0000, 0x0000, 0x0000, 0x0000, 0x0000, 0x0000,
    0x0000, 0x0000, 0x0000, 0x0000, 0x0000, 0x0000, 0x0000, 0x0000, 0x0000, 0x0000, 0x0000, 0x0000, 0x0000, 0x0000, 0x0000, 0x0000,
    0x0000, 0x0000, 0x0000, 0x0000, 0x0000, 0x0000, 0x0000, 0x0000, 0x0000, 0x0000, 0x0000, 0x0000, 0x0000, 0x0000, 0x0000, 0x0000,
    0x0000, 0x0000, 0x0000, 0x0000, 0x0000, 0x0000, 0x0000, 0x0000, 0x0000, 0x0000, 0x4A49, 0x8C72, 0x8C72, 0x8C72, 0x8C72, 0x8C72,
    0x8C72, 0x8C72, 0x8C72, 0x8C72, 0x8C72, 0x8C72, 0x8C72, 0x8C72, 0x8C72, 0x8C72, 0x8C72, 0x8C72, 0x8C72, 0x8C72, 0x8C72, 0x8C72,
    0x8C72, 0x8C72, 0x8C72, 0x8C72, 0x8C72, 0x8C72, 0x8C72, 0x8C72, 0x8C72, 0x8C72, 0x8C72, 0x8C72, 0x8C72, 0x8C72, 0x8C72, 0x8C72,
    0x8C72, 0x8C72, 0x8C72, 0x8C72, 0x8C72, 0x8C72, 0x8C72, 0x8C72, 0x8C72, 0x8C72, 0x8C72, 0x8C72, 0x8C72, 0x6B4D, 0x0000, 0x0000,
    0x0000, 0x0000, 0x0000, 0x0000, 0x0000, 0x0000, 0x0000, 0x0000, 0x0000, 0x0000, 0x0000, 0x0000, 0x0000, 0x0000, 0x0000, 0x0000,
    0x0000, 0x0000, 0x0000, 0x0000, 0x0000, 0x0000, 0x0000, 0x0000, 0x0000, 0x0000, 0x0000, 0x0000, 0x0000, 0x0000, 0x0000, 0x0000,
    0x0000, 0x0000, 0x0000, 0x0000, 0x0000, 0x0000, 0x0000, 0x0000, 0x0000, 0x0000, 0x0000, 0x0000, 0x0000, 0x0000, 0x0000, 0x0000,
    0x0000, 0x0000, 0x0000, 0x0000, 0x0000, 0x0000, 0x0000, 0x0000, 0x0000, 0x0000, 0x0000, 0x0000, 0x0000, 0x0000, 0x0000, 0x2965,
    0xE6FC, 0xE6FC, 0xE6FC, 0xE6FC, 0xE6FC, 0xE6FC, 0xE6FC, 0xE6FC, 0xE6FC, 0xE6FC, 0xE6FC, 0xE6FC, 0xE6FC, 0xE6FC, 0xE6FC, 0xE6FC,
    0xE6FC, 0xE6FC, 0xE6FC, 0xE6FC, 0xE6FC, 0xE6FC, 0xE6FC, 0xE6FC, 0xE6FC, 0xE6FC, 0xE6FC, 0xE6FC, 0xE6FC, 0xE6FC, 0xE6FC, 0xE6FC,
    0xE6FC, 0xE6FC, 0xE6FC, 0xE6FC, 0xE6FC, 0xE6FC, 0xE6FC, 0xE6FC, 0xE6FC, 0xE6FC, 0xE6FC, 0xE6FC, 0xE6FC, 0xE6FC, 0xE6FC, 0xD659,
    0x2965, 0x0000, 0x0000, 0x0000, 0x0000, 0x0000, 0x0000, 0x0000, 0x0000, 0x0000, 0x0000, 0x0000, 0x0000, 0x0000, 0x0000, 0x0000,
    0x0000, 0x0000, 0x0000, 0x0000, 0xAD55, 0xE6FC, 0xE6FC, 0xE6FC, 0xE6FC, 0xE6FC, 0xE6FC, 0xE6FC, 0xE6FC, 0xE6FC, 0xE6FC, 0xE6FC,
    0xE6FC, 0xE6FC, 0xE6FC, 0xE6FC, 0xE6FC, 0xE6FC, 0xE6FC, 0xE6FC, 0xE6FC, 0xE6FC, 0xE6FC, 0xE6FC, 0xE6FC, 0xE6FC, 0xE6FC, 0xE6FC,
    0xE6FC, 0xE6FC, 0xE6FC, 0xE6FC, 0xE6FC, 0xE6FC, 0xE6FC, 0xE6FC, 0xE6FC, 0xE6FC, 0xE6FC, 0xE6FC, 0xE6FC, 0xE6FC, 0xE6FC, 0xE6FC,
    0xE6FC, 0xE6FC, 0xE6FC, 0xE6FC, 0x7BEF, 0x0000, 0x0000, 0x0000, 0x0000, 0x0000, 0x0000, 0x0000, 0x0000, 0x0000, 0x0000, 0x0000,
    0x0000, 0x0000, 0x0000, 0x0000, 0x0000, 0x0000, 0x0000, 0x0000, 0x0000, 0x0000, 0x0000, 0x0000, 0x0000, 0x0000, 0x0000, 0x0000,
    0x0000, 0x0000, 0x0000, 0x0000, 0x0000, 0x0000, 0x0000, 0x0000, 0x0000, 0x0000, 0x0000, 0x0000, 0x0000, 0x0000, 0x0000, 0x0000,
    0x0000, 0x0000, 0x0000, 0x0000, 0x0000, 0x0000, 0x0000, 0x0000, 0x0000, 0x0000, 0x0000, 0x0000, 0x0000, 0x0000, 0x0000, 0x0000,
    0x0000, 0x0000, 0x0000, 0x0000, 0x0000, 0x0000, 0x4A49, 0x8C72, 0x8C72, 0x8C72, 0x8C72, 0x8C72, 0x8C72, 0x8C72, 0x8C72, 0x8C72,
    0x8C72, 0x8C72, 0x8C72, 0x8C72, 0x8C72, 0x8C72, 0x8C72, 0x8C72, 0x8C72, 0x8C72, 0x8C72, 0x8C72, 0x8C72, 0x8C72, 0x8C72, 0x8C72,
    0x8C72, 0x8C72, 0x8C72, 0x8C72, 0x8C72, 0x8C72, 0x8C72, 0x8C72, 0x8C72, 0x8C72, 0x8C72, 0x8C72, 0x8C72, 0x8C72, 0x8C72, 0x8C72,
    0x8C72, 0x8C72, 0x8C72, 0x8C72, 0x8C72, 0x8C72, 0x8C72, 0x8C72, 0x8C72, 0x6B4D, 0x0000, 0x0000, 0x0000, 0x0000, 0x0000, 0x0000,
    0x0000, 0x0000, 0x0000, 0x0000, 0x0000, 0x0000, 0x0000, 0x0000, 0x0000, 0x0000, 0x0000, 0x0000, 0x0000, 0x0000, 0x0000, 0x0000,
    0x0000, 0x0000, 0x0000, 0x0000, 0x0000, 0x0000, 0x0000, 0x0000, 0x0000, 0x0000, 0x0000, 0x0000, 0x0000, 0x0000, 0x0000, 0x0000,
    0x0000, 0x0000, 0x0000, 0x0000, 0x0000, 0x0000, 0x0000, 0x0000, 0x0000, 0x0000, 0x0000, 0x0000, 0x0000, 0x0000, 0x0000, 0x0000,
    0x0000, 0x0000, 0x0000, 0x0000, 0x0000, 0x0000, 0x0000, 0x0000, 0x0000, 0x0000, 0x0000, 0x0000, 0x7BEF, 0xE6FC, 0xE6FC, 0xE6FC,
    0xE6FC, 0xE6FC, 0xE6FC, 0xE6FC, 0xE6FC, 0xE6FC, 0xE6FC, 0xE6FC, 0xE6FC, 0xE6FC, 0xE6FC, 0xE6FC, 0xE6FC, 0xE6FC, 0xE6FC, 0xE6FC,
    0xE6FC, 0xE6FC, 0xE6FC, 0xE6FC, 0xE6FC, 0xE6FC, 0xE6FC, 0xE6FC, 0xE6FC, 0xE6FC, 0xE6FC, 0xE6FC, 0xE6FC, 0xE6FC, 0xE6FC, 0xE6FC,
    0xE6FC, 0xE6FC, 0xE6FC, 0xE6FC, 0xE6FC, 0xE6FC, 0xE6FC, 0xE6FC, 0xE6FC, 0xE6FC, 0xE6FC, 0xE6FC, 0xAD55, 0x0000, 0x0000, 0x0000,
    0x0000, 0x0000, 0x0000, 0x0000, 0x0000, 0x0000, 0x0000, 0x0000, 0x0000, 0x0000, 0x0000, 0x0000, 0x0000, 0x0000, 0x0000, 0x6B4D,
    0xE6FC, 0xE6FC, 0xE6FC, 0xE6FC, 0xE6FC, 0xE6FC, 0xE6FC, 0xE6FC, 0xE6FC, 0xE6FC, 0xE6FC, 0xE6FC, 0xE6FC, 0xE6FC, 0xE6FC, 0xE6FC,
    0xE6FC, 0xE6FC, 0xE6FC, 0xE6FC, 0xE6FC, 0xE6FC, 0xE6FC, 0xE6FC, 0xE6FC, 0xE6FC, 0xE6FC, 0xE6FC, 0xE6FC, 0xE6FC, 0xE6FC, 0xE6FC,
    0xE6FC, 0xE6FC, 0xE6FC, 0xE6FC, 0xE6FC, 0xE6FC, 0xE6FC, 0xE6FC, 0xE6FC, 0xE6FC, 0xE6FC, 0xE6FC, 0xE6FC, 0xE6FC, 0xE6FC, 0xD659,
    0x0000, 0x0000, 0x0000, 0x0000, 0x0000, 0x0000, 0x0000, 0x0000, 0x0000, 0x0000, 0x0000, 0x0000, 0x0000, 0x0000, 0x0000, 0x0000,
    0x0000, 0x0000, 0x0000, 0x0000, 0x0000, 0x0000, 0x0000, 0x0000, 0x0000, 0x0000, 0x0000, 0x0000, 0x0000, 0x0000, 0x0000, 0x0000,
    0x0000, 0x0000, 0x0000, 0x0000, 0x0000, 0x0000, 0x0000, 0x0000, 0x0000, 0x0000, 0x0000, 0x0000, 0x0000, 0x0000, 0x0000, 0x0000,
    0x0000, 0x0000, 0x0000, 0x0000, 0x0000, 0x0000, 0x0000, 0x0000, 0x0000, 0x0000, 0x0000, 0x0000, 0x0000, 0x0000, 0x0000, 0x0000,
    0x0000, 0x0000, 0x4A49, 0x8C72, 0x8C72, 0x8C72, 0x8C72, 0x8C72, 0x8C72, 0x8C72, 0x8C72, 0x8C72, 0x8C72, 0x8C72, 0x8C72, 0x8C72,
    0x8C72, 0x8C72, 0x8C72, 0x8C72, 0x8C72, 0x8C72, 0x8C72, 0x8C72, 0x8C72, 0x8C72, 0x8C72, 0x8C72, 0x8C72, 0x8C72, 0x8C72, 0x8C72,
    0x8C72, 0x8C72, 0x8C72, 0x8C72, 0x8C72, 0x8C72, 0x8C72, 0x8C72, 0x8C72, 0x8C72, 0x8C72, 0x8C72, 0x8C72, 0x8C72, 0x8C72, 0x8C72,
    0x8C72, 0x8C72, 0x8C72, 0x8C72, 0x8C72, 0x6B4D, 0x0000, 0x0000, 0x0000, 0x0000, 0x0000, 0x0000, 0x0000, 0x0000, 0x0000, 0x0000,
    0x0000, 0x0000, 0x0000, 0x0000, 0x0000, 0x0000, 0x0000, 0x0000, 0x0000, 0x0000, 0x0000, 0x0000, 0x0000, 0x0000, 0x0000, 0x0000,
    0x0000, 0x0000, 0x0000, 0x0000, 0x0000, 0x0000, 0x0000, 0x0000, 0x0000, 0x0000, 0x0000, 0x0000, 0x0000, 0x0000, 0x0000, 0x0000,
    0x0000, 0x0000, 0x0000, 0x0000, 0x0000, 0x0000, 0x0000, 0x0000, 0x0000, 0x0000, 0x0000, 0x0000, 0x0000, 0x0000, 0x0000, 0x0000,
    0x0000, 0x0000, 0x0000, 0x0000, 0x0000, 0x0000, 0x0000, 0x0000, 0x0000, 0xD659, 0xE6FC, 0xE6FC, 0xE6FC, 0xE6FC, 0xE6FC, 0xE6FC,
    0xE6FC, 0xE6FC, 0xE6FC, 0xE6FC, 0xE6FC, 0xE6FC, 0xE6FC, 0xE6FC, 0xE6FC, 0xE6FC, 0xE6FC, 0xE6FC, 0xE6FC, 0xE6FC, 0xE6FC, 0xE6FC,
    0xE6FC, 0xE6FC, 0xE6FC, 0xE6FC, 0xE6FC, 0xE6FC, 0xE6FC, 0xE6FC, 0xE6FC, 0xE6FC, 0xE6FC, 0xE6FC, 0xE6FC, 0xE6FC, 0xE6FC, 0xE6FC,
    0xE6FC, 0xE6FC, 0xE6FC, 0xE6FC, 0xE6FC, 0xE6FC, 0xE6FC, 0xE6FC, 0xE6FC, 0x4A49, 0x0000, 0x0000, 0x0000, 0x0000, 0x0000, 0x0000,
    0x0000, 0x0000, 0x0000, 0x0000, 0x0000, 0x0000, 0x0000, 0x0000, 0x0000, 0x0000, 0x0000, 0xD659, 0xE6FC, 0xE6FC, 0xE6FC, 0xE6FC,
    0xE6FC, 0xE6FC, 0xE6FC, 0xE6FC, 0xE6FC, 0xE6FC, 0xE6FC, 0xE6FC, 0xE6FC, 0xE6FC, 0xE6FC, 0xE6FC, 0xE6FC, 0xE6FC, 0xE6FC, 0xE6FC,
    0xE6FC, 0xE6FC, 0xE6FC, 0xE6FC, 0xE6FC, 0xE6FC, 0xE6FC, 0xE6FC, 0xE6FC, 0xE6FC, 0xE6FC, 0xE6FC, 0xE6FC, 0xE6FC, 0xE6FC, 0xE6FC,
    0xE6FC, 0xE6FC, 0xE6FC, 0xE6FC, 0xE6FC, 0xE6FC, 0xE6FC, 0xE6FC, 0xE6FC, 0xE6FC, 0xE6FC, 0x2965, 0x0000, 0x0000, 0x0000, 0x0000,
    0x0000, 0x0000, 0x0000, 0x0000, 0x0000, 0x0000, 0x0000, 0x0000, 0x0000, 0x0000, 0x0000, 0x0000, 0x0000, 0x0000, 0x0000, 0x0000,
    0x0000, 0x0000, 0x0000, 0x0000, 0x0000, 0x0000, 0x0000, 0x0000, 0x0000, 0x0000, 0x0000, 0x0000, 0x0000, 0x0000, 0x0000, 0x0000,
    0x0000, 0x0000, 0x0000, 0x0000, 0x0000, 0x0000, 0x0000, 0x0000, 0x0000, 0x0000, 0x0000, 0x0000, 0x0000, 0x0000, 0x0000, 0x0000,
    0x0000, 0x0000, 0x0000, 0x0000, 0x0000, 0x0000, 0x0000, 0x0000, 0x0000, 0x0000, 0x0000, 0x0000, 0x0000, 0x0000, 0x4A49, 0x8C72,
    0x8C72, 0x8C72, 0x8C72, 0x8C72, 0x8C72, 0x8C72, 0x8C72, 0x8C72, 0x8C72, 0x8C72, 0x8C72, 0x8C72, 0x8C72, 0x8C72, 0x8C72, 0x8C72,
    0x8C72, 0x8C72, 0x8C72, 0x8C72, 0x8C72, 0x8C72, 0x8C72, 0x8C72, 0x8C72, 0x8C72, 0x8C72, 0x8C72, 0x8C72, 0x8C72, 0x8C72, 0x8C72,
    0x8C72, 0x8C72, 0x8C72, 0x8C72, 0x8C72, 0x8C72, 0x8C72, 0x8C72, 0x8C72, 0x8C72, 0x8C72, 0x8C72, 0x8C72, 0x8C72, 0x8C72, 0x8C72,
    0x8C72, 0x6B4D, 0x0000, 0x0000, 0x0000, 0x0000, 0x0000, 0x0000, 0x0000, 0x0000, 0x0000, 0x0000, 0x0000, 0x0000, 0x0000, 0x0000,
    0x0000, 0x0000, 0x0000, 0x0000, 0x0000, 0x0000, 0x0000, 0x0000, 0x0000, 0x0000, 0x0000, 0x0000, 0x0000, 0x0000, 0x0000, 0x0000,
    0x0000, 0x0000, 0x0000, 0x0000, 0x0000, 0x0000, 0x0000, 0x0000, 0x0000, 0x0000, 0x0000, 0x0000, 0x0000, 0x0000, 0x0000, 0x0000,
    0x0000, 0x0000, 0x0000, 0x0000, 0x0000, 0x0000, 0x0000, 0x0000, 0x0000, 0x0000, 0x0000, 0x0000, 0x0000, 0x0000, 0x0000, 0x0000,
    0x0000, 0x0000, 0x0000, 0x0000, 0x0000, 0x2965, 0xE6FC, 0xE6FC, 0xE6FC, 0xE6FC, 0xE6FC, 0xE6FC, 0xE6FC, 0xE6FC, 0xE6FC, 0xE6FC,
    0xE6FC, 0xE6FC, 0xE6FC, 0xE6FC, 0xE6FC, 0xE6FC, 0xE6FC, 0xE6FC, 0xE6FC, 0xE6FC, 0xE6FC, 0xE6FC, 0xE6FC, 0xE6FC, 0xE6FC, 0xE6FC,
    0xE6FC, 0xE6FC, 0xE6FC, 0xE6FC, 0xE6FC, 0xE6FC, 0xE6FC, 0xE6FC, 0xE6FC, 0xE6FC, 0xE6FC, 0xE6FC, 0xE6FC, 0xE6FC, 0xE6FC, 0xE6FC,
    0xE6FC, 0xE6FC, 0xE6FC, 0xE6FC, 0xE6FC, 0xD659, 0x0000, 0x0000, 0x0000, 0x0000, 0x0000, 0x0000, 0x0000, 0x0000, 0x0000, 0x0000,
    0x0000, 0x0000, 0x0000, 0x0000, 0x0000, 0x0000, 0x9CD3, 0xE6FC, 0xE6FC, 0xE6FC, 0xE6FC, 0xE6FC, 0xE6FC, 0xE6FC, 0xE6FC, 0xE6FC,
    0xE6FC, 0xE6FC, 0xE6FC, 0xE6FC, 0xE6FC, 0xE6FC, 0xE6FC, 0xE6FC, 0xE6FC, 0xE6FC, 0xE6FC, 0xE6FC, 0xE6FC, 0xE6FC, 0xE6FC, 0xE6FC,
    0xE6FC, 0xE6FC, 0xE6FC, 0xE6FC, 0xE6FC, 0xE6FC, 0xE6FC, 0xE6FC, 0xE6FC, 0xE6FC, 0xE6FC, 0xE6FC, 0xE6FC, 0xE6FC, 0xE6FC, 0xE6FC,
    0xE6FC, 0xE6FC, 0xE6FC, 0xE6FC, 0xE6FC, 0xE6FC, 0x8C51, 0x0000, 0x0000, 0x0000, 0x0000, 0x0000, 0x0000, 0x0000, 0x0000, 0x0000,
    0x0000, 0x0000, 0x0000, 0x0000, 0x0000, 0x0000, 0x0000, 0x0000, 0x0000, 0x0000, 0x0000, 0x0000, 0x0000, 0x0000, 0x0000, 0x0000,
    0x0000, 0x0000, 0x0000, 0x0000, 0x0000, 0x0000, 0x0000, 0x0000, 0x0000, 0x0000, 0x0000, 0x0000, 0x0000, 0x0000, 0x0000, 0x0000,
    0x0000, 0x0000, 0x0000, 0x0000, 0x0000, 0x0000, 0x0000, 0x0000, 0x0000, 0x0000, 0x0000, 0x0000, 0x0000, 0x0000, 0x0000, 0x0000,
    0x0000, 0x0000, 0x0000, 0x0000, 0x0000, 0x0000, 0x0000, 0x0000, 0x0000, 0x0000, 0x4A49, 0x8C72, 0x8C72, 0x8C72, 0x8C72, 0x8C72,
    0x8C72, 0x8C72, 0x8C72, 0x8C72, 0x8C72, 0x8C72, 0x8C72, 0x8C72, 0x8C72, 0x8C72, 0x8C72, 0x8C72, 0x8C72, 0x8C72, 0x8C72, 0x8C72,
    0x8C72, 0x8C72, 0x8C72, 0x8C72, 0x8C72, 0x8C72, 0x8C72, 0x8C72, 0x8C72, 0x8C72, 0x8C72, 0x8C72, 0x8C72, 0x8C72, 0x8C72, 0x8C72,
    0x8C72, 0x8C72, 0x8C72, 0x8C72, 0x8C72, 0x8C72, 0x8C72, 0x8C72, 0x8C72, 0x8C72, 0x8C72, 0x8C72, 0x8C72, 0x6B4D, 0x0000, 0x0000,
    0x0000, 0x0000, 0x0000, 0x0000, 0x0000, 0x0000, 0x0000, 0x0000, 0x0000, 0x0000, 0x0000, 0x0000, 0x0000, 0x0000, 0x0000, 0x0000,
    0x0000, 0x0000, 0x0000, 0x0000, 0x0000, 0x0000, 0x0000, 0x0000, 0x0000, 0x0000, 0x0000, 0x0000, 0x0000, 0x0000, 0x0000, 0x0000,
    0x0000, 0x0000, 0x0000, 0x0000, 0x0000, 0x0000, 0x0000, 0x0000, 0x0000, 0x0000, 0x0000, 0x0000, 0x0000, 0x0000, 0x0000, 0x0000,
    0x0000, 0x0000, 0x0000, 0x0000, 0x0000, 0x0000, 0x0000, 0x0000, 0x0000, 0x0000, 0x0000, 0x0000, 0x0000, 0x0000, 0x0000, 0x0000,
    0x0000, 0x0000, 0x7BEF, 0xE6FC, 0xE6FC, 0xE6FC, 0xE6FC, 0xE6FC, 0xE6FC, 0xE6FC, 0xE6FC, 0xE6FC, 0xE6FC, 0xE6FC, 0xE6FC, 0xE6FC,
    0xE6FC, 0xE6FC, 0xE6FC, 0xE6FC, 0xE6FC, 0xE6FC, 0xE6FC, 0xE6FC, 0xE6FC, 0xE6FC, 0xE6FC, 0xE6FC, 0xE6FC, 0xE6FC, 0xE6FC, 0xE6FC,
    0xE6FC, 0xE6FC, 0xE6FC, 0xE6FC, 0xE6FC, 0xE6FC, 0xE6FC, 0xE6FC, 0xE6FC, 0xE6FC, 0xE6FC, 0xE6FC, 0xE6FC, 0xE6FC, 0xE6FC, 0xE6FC,
    0xE6FC, 0xE6FC, 0x8C51, 0x0000, 0x0000, 0x0000, 0x0000, 0x0000, 0x0000, 0x0000, 0x0000, 0x0000, 0x0000, 0x0000, 0x0000, 0x0000,
    0x0000, 0x4A49, 0xE6FC, 0xE6FC, 0xE6FC, 0xE6FC, 0xE6FC, 0xE6FC, 0xE6FC, 0xE6FC, 0xE6FC, 0xE6FC, 0xE6FC, 0xE6FC, 0xE6FC, 0xE6FC,
    0xE6FC, 0xE6FC, 0xE6FC, 0xE6FC, 0xE6FC, 0xE6FC, 0xE6FC, 0xE6FC, 0xE6FC, 0xE6FC, 0xE6FC, 0xE6FC, 0xE6FC, 0xE6FC, 0xE6FC, 0xE6FC,
    0xE6FC, 0xE6FC, 0xE6FC, 0xE6FC, 0xE6FC, 0xE6FC, 0xE6FC, 0xE6FC, 0xE6FC, 0xE6FC, 0xE6FC, 0xE6FC, 0xE6FC, 0xE6FC, 0xE6FC, 0xE6FC,
    0xE6FC, 0xD659, 0x0000, 0x0000, 0x0000, 0x0000, 0x0000, 0x0000, 0x0000, 0x0000, 0x0000, 0x0000, 0x0000, 0x0000, 0x0000, 0x0000,
    0x0000, 0x0000, 0x0000, 0x0000, 0x0000, 0x0000, 0x0000, 0x0000, 0x0000, 0x0000, 0x0000, 0x0000, 0x0000, 0x0000, 0x0000, 0x0000,
    0x0000, 0x0000, 0x0000, 0x0000, 0x0000, 0x0000, 0x0000, 0x0000, 0x0000, 0x0000, 0x0000, 0x0000, 0x0000, 0x0000, 0x0000, 0x0000,
    0x0000, 0x0000, 0x0000, 0x0000, 0x0000, 0x0000, 0x0000, 0x0000, 0x0000, 0x0000, 0x0000, 0x0000, 0x0000, 0x0000, 0x0000, 0x0000,
    0x0000, 0x0000, 0x0000, 0x0000, 0x0000, 0x0000, 0x4A49, 0x8C72, 0x8C72, 0x8C72, 0x8C72, 0x8C72, 0x8C72, 0x8C72, 0x8C72, 0x8C72,
    0x8C72, 0x8C72, 0x8C72, 0x8C72, 0x8C72, 0x8C72, 0x8C72, 0x8C72, 0x8C72, 0x8C72, 0x8C72, 0x8C72, 0x8C72, 0x8C72, 0x8C72, 0x8C72,
    0x8C72, 0x8C72, 0x8C72, 0x8C72, 0x8C72, 0x8C72, 0x8C72, 0x8C72, 0x8C72, 0x8C72, 0x8C72, 0x8C72, 0x8C72, 0x8C72, 0x8C72, 0x8C72,
    0x8C72, 0x8C72, 0x8C72, 0x8C72, 0x8C72, 0x8C72, 0x8C72, 0x8C72, 0x8C72, 0x6B4D, 0x0000, 0x0000, 0x0000, 0x0000, 0x0000, 0x0000,
    0x0000, 0x0000, 0x0000, 0x0000, 0x0000, 0x0000, 0x0000, 0x0000, 0x0000, 0x0000, 0x0000, 0x0000, 0x0000, 0x0000, 0x0000, 0x0000,
    0x0000, 0x0000, 0x0000, 0x0000, 0x0000, 0x0000, 0x0000, 0x0000, 0x0000, 0x0000, 0x0000, 0x0000, 0x0000, 0x0000, 0x0000, 0x0000,
    0x0000, 0x0000, 0x0000, 0x0000, 0x0000, 0x0000, 0x0000, 0x0000, 0x0000, 0x0000, 0x0000, 0x0000, 0x0000, 0x0000, 0x0000, 0x0000,
    0x0000, 0x0000, 0x0000, 0x0000, 0x0000, 0x0000, 0x0000, 0x0000, 0x0000, 0x0000, 0x0000, 0x0000, 0x0000, 0x0000, 0x0000, 0xD659,
    0xE6FC, 0xE6FC, 0xE6FC, 0xE6FC, 0xE6FC, 0xE6FC, 0xE6FC, 0xE6FC, 0xE6FC, 0xE6FC, 0xE6FC, 0xE6FC, 0xE6FC, 0xE6FC, 0xE6FC, 0xE6FC,
    0xE6FC, 0xE6FC, 0xE6FC, 0xE6FC, 0xE6FC, 0xE6FC, 0xE6FC, 0xE6FC, 0xE6FC, 0xE6FC, 0xE6FC, 0xE6FC, 0xE6FC, 0xE6FC, 0xE6FC, 0xE6FC,
    0xE6FC, 0xE6FC, 0xE6FC, 0xE6FC, 0xE6FC, 0xE6FC, 0xE6FC, 0xE6FC, 0xE6FC, 0xE6FC, 0xE6FC, 0xE6FC, 0xE6FC, 0xE6FC, 0xE6FC, 0x2965,
    0x0000, 0x0000, 0x0000, 0x0000, 0x0000, 0x0000, 0x0000, 0x0000, 0x0000, 0x0000, 0x0000, 0x0000, 0x0000, 0xD659, 0xE6FC, 0xE6FC,
    0xE6FC, 0xE6FC, 0xE6FC, 0xE6FC, 0xE6FC, 0xE6FC, 0xE6FC, 0xE6FC, 0xE6FC, 0xE6FC, 0xE6FC, 0xE6FC, 0xE6FC, 0xE6FC, 0xE6FC, 0xE6FC,
    0xE6FC, 0xE6FC, 0xE6FC, 0xE6FC, 0xE6FC, 0xE6FC, 0xE6FC, 0xE6FC, 0xE6FC, 0xE6FC, 0xE6FC, 0xE6FC, 0xE6FC, 0xE6FC, 0xE6FC, 0xE6FC,
    0xE6FC, 0xE6FC, 0xE6FC, 0xE6FC, 0xE6FC, 0xE6FC, 0xE6FC, 0xE6FC, 0xE6FC, 0xE6FC, 0xE6FC, 0xE6FC, 0xE6FC, 0x4A49, 0x0000, 0x0000,
    0x0000, 0x0000, 0x0000, 0x0000, 0x0000, 0x0000, 0x0000, 0x0000, 0x0000, 0x0000, 0x0000, 0x0000, 0x0000, 0x0000, 0x0000, 0x0000,
    0x0000, 0x0000, 0x0000, 0x0000, 0x0000, 0x0000, 0x0000, 0x0000, 0x0000, 0x0000, 0x0000, 0x0000, 0x0000, 0x0000, 0x0000, 0x0000,
    0x0000, 0x0000, 0x0000, 0x0000, 0x0000, 0x0000, 0x0000, 0x0000, 0x0000, 0x0000, 0x0000, 0x0000, 0x0000, 0x0000, 0x0000, 0x0000,
    0x0000, 0x0000, 0x0000, 0x0000, 0x0000, 0x0000, 0x0000, 0x0000, 0x0000, 0x0000, 0x0000, 0x0000, 0x0000, 0x0000, 0x0000, 0x0000,
    0x0000, 0x0000, 0x4A49, 0x8C72, 0x8C72, 0x8C72, 0x8C72, 0x8C72, 0x8C72, 0x8C72, 0x8C72, 0x8C72, 0x8C72, 0x8C72, 0x8C72, 0x8C72,
    0x8C72, 0x8C72, 0x8C72, 0x8C72, 0x8C72, 0x8C72, 0x8C72, 0x8C72, 0x8C72, 0x8C72, 0x8C72, 0x8C72, 0x8C72, 0x8C72, 0x8C72, 0x8C72,
    0x8C72, 0x8C72, 0x8C72, 0x8C72, 0x8C72, 0x8C72, 0x8C72, 0x8C72, 0x8C72, 0x8C72, 0x8C72, 0x8C72, 0x8C72, 0x8C72, 0x8C72, 0x8C72,
    0x8C72, 0x8C72, 0x8C72, 0x8C72, 0x8C72, 0x6B4D, 0x0000, 0x0000, 0x0000, 0x0000, 0x0000, 0x0000, 0x0000, 0x0000, 0x0000, 0x0000,
    0x0000, 0x0000, 0x0000, 0x0000, 0x0000, 0x0000, 0x0000, 0x0000, 0x0000, 0x0000, 0x0000, 0x0000, 0x0000, 0x0000, 0x0000, 0x0000,
    0x0000, 0x0000, 0x0000, 0x0000, 0x0000, 0x0000, 0x0000, 0x0000, 0x0000, 0x0000, 0x0000, 0x0000, 0x0000, 0x0000, 0x0000, 0x0000,
    0x0000, 0x0000, 0x0000, 0x0000, 0x0000, 0x0000, 0x0000, 0x0000, 0x0000, 0x0000, 0x0000, 0x0000, 0x0000, 0x0000, 0x0000, 0x0000,
    0x0000, 0x0000, 0x0000, 0x0000, 0x0000, 0x0000, 0x0000, 0x0000, 0x0000, 0x0000, 0x0000, 0x4A49, 0xE6FC, 0xE6FC, 0xE6FC, 0xE6FC,
    0xE6FC, 0xE6FC, 0xE6FC, 0xE6FC, 0xE6FC, 0xE6FC, 0xE6FC, 0xE6FC, 0xE6FC, 0xE6FC, 0xE6FC, 0xE6FC, 0xE6FC, 0xE6FC, 0xE6FC, 0xE6FC,
    0xE6FC, 0xE6FC, 0xE6FC, 0xE6FC, 0xE6FC, 0xE6FC, 0xE6FC, 0xE6FC, 0xE6FC, 0xE6FC, 0xE6FC, 0xE6FC, 0xE6FC, 0xE6FC, 0xE6FC, 0xE6FC,
    0xE6FC, 0xE6FC, 0xE6FC, 0xE6FC, 0xE6FC, 0xE6FC, 0xE6FC, 0xE6FC, 0xE6FC, 0xE6FC, 0xE6FC, 0xD659, 0x0000, 0x0000, 0x0000, 0x0000,
    0x0000, 0x0000, 0x0000, 0x0000, 0x0000, 0x0000, 0x0000, 0x0000, 0x7BEF, 0xE6FC, 0xE6FC, 0xE6FC, 0xE6FC, 0xE6FC, 0xE6FC, 0xE6FC,
    0xE6FC, 0xE6FC, 0xE6FC, 0xE6FC, 0xE6FC, 0xE6FC, 0xE6FC, 0xE6FC, 0xE6FC, 0xE6FC, 0xE6FC, 0xE6FC, 0xE6FC, 0xE6FC, 0xE6FC, 0xE6FC,
    0xE6FC, 0xE6FC, 0xE6FC, 0xE6FC, 0xE6FC, 0xE6FC, 0xE6FC, 0xE6FC, 0xE6FC, 0xE6FC, 0xE6FC, 0xE6FC, 0xE6FC, 0xE6FC, 0xE6FC, 0xE6FC,
    0xE6FC, 0xE6FC, 0xE6FC, 0xE6FC, 0xE6FC, 0xE6FC, 0xE6FC, 0xE6FC, 0x9CD3, 0x0000, 0x0000, 0x0000, 0x0000, 0x0000, 0x0000, 0x0000,
    0x0000, 0x0000, 0x0000, 0x0000, 0x0000, 0x0000, 0x0000, 0x0000, 0x0000, 0x0000, 0x0000, 0x0000, 0x0000, 0x0000, 0x0000, 0x0000,
    0x0000, 0x0000, 0x0000, 0x0000, 0x0000, 0x0000, 0x0000, 0x0000, 0x0000, 0x0000, 0x0000, 0x0000, 0x0000, 0x0000, 0x0000, 0x0000,
    0x0000, 0x0000, 0x0000, 0x0000, 0x0000, 0x0000, 0x0000, 0x0000, 0x0000, 0x0000, 0x0000, 0x0000, 0x0000, 0x0000, 0x0000, 0x0000,
    0x0000, 0x0000, 0x0000, 0x0000, 0x0000, 0x0000, 0x0000, 0x0000, 0x0000, 0x0000, 0x0000, 0x0000, 0x0000, 0x0000, 0x4A49, 0x8C72,
    0x8C72, 0x8C72, 0x8C72, 0x8C72, 0x8C72, 0x8C72, 0x8C72, 0x8C72, 0x8C72, 0x8C72, 0x8C72, 0x8C72, 0x8C72, 0x8C72, 0x8C72, 0x8C72,
    0x8C72, 0x8C72, 0x8C72, 0x8C72, 0x8C72, 0x8C72, 0x8C72, 0x8C72, 0x8C72, 0x8C72, 0x8C72, 0x8C72, 0x8C72, 0x8C72, 0x8C72, 0x8C72,
    0x8C72, 0x8C72, 0x8C72, 0x8C72, 0x8C72, 0x8C72, 0x8C72, 0x8C72, 0x8C72, 0x8C72, 0x8C72, 0x8C72, 0x8C72, 0x8C72, 0x8C72, 0x8C72,
    0x8C72, 0x6B4D, 0x0000, 0x0000, 0x0000, 0x0000, 0x0000, 0x0000, 0x0000, 0x0000, 0x0000, 0x0000, 0x0000, 0x0000, 0x0000, 0x0000,
    0x0000, 0x0000, 0x0000, 0x0000, 0x0000, 0x0000, 0x0000, 0x0000, 0x0000, 0x0000, 0x0000, 0x0000, 0x0000, 0x0000, 0x0000, 0x0000,
    0x0000, 0x0000, 0x0000, 0x0000, 0x0000, 0x0000, 0x0000, 0x0000, 0x0000, 0x0000, 0x0000, 0x0000, 0x0000, 0x0000, 0x0000, 0x0000,
    0x0000, 0x0000, 0x0000, 0x0000, 0x0000, 0x0000, 0x0000, 0x0000, 0x0000, 0x0000, 0x0000, 0x0000, 0x0000, 0x0000, 0x0000, 0x0000,
    0x0000, 0x0000, 0x0000, 0x0000, 0x0000, 0x0000, 0x0000, 0x0000, 0x9CD3, 0xE6FC, 0xE6FC, 0xE6FC, 0xE6FC, 0xE6FC, 0xE6FC, 0xE6FC,
    0xE6FC, 0xE6FC, 0xE6FC, 0xE6FC, 0xE6FC, 0xE6FC, 0xE6FC, 0xE6FC, 0xE6FC, 0xE6FC, 0xE6FC, 0xE6FC, 0xE6FC, 0xE6FC, 0xE6FC, 0xE6FC,
    0xE6FC, 0xE6FC, 0xE6FC, 0xE6FC, 0xE6FC, 0xE6FC, 0xE6FC, 0xE6FC, 0xE6FC, 0xE6FC, 0xE6FC, 0xE6FC, 0xE6FC, 0xE6FC, 0xE6FC, 0xE6FC,
    0xE6FC, 0xE6FC, 0xE6FC, 0xE6FC, 0xE6FC, 0xE6FC, 0xE6FC, 0xE6FC, 0x6B4D, 0x0000, 0x0000, 0x0000, 0x0000, 0x0000, 0x0000, 0x0000,
    0x0000, 0x0000, 0x0000, 0x2965, 0xE6FC, 0xE6FC, 0xE6FC, 0xE6FC, 0xE6FC, 0xE6FC, 0xE6FC, 0xE6FC, 0xE6FC, 0xE6FC, 0xE6FC, 0xE6FC,
    0xE6FC, 0xE6FC, 0xE6FC, 0xE6FC, 0xE6FC, 0xE6FC, 0xE6FC, 0xE6FC, 0xE6FC, 0xE6FC, 0xE6FC, 0xE6FC, 0xE6FC, 0xE6FC, 0xE6FC, 0xE6FC,
    0xE6FC, 0xE6FC, 0xE6FC, 0xE6FC, 0xE6FC, 0xE6FC, 0xE6FC, 0xE6FC, 0xE6FC, 0xE6FC, 0xE6FC, 0xE6FC, 0xE6FC, 0xE6FC, 0xE6FC, 0xE6FC,
    0xE6FC, 0xE6FC, 0xE6FC, 0xD659, 0x0000, 0x0000, 0x0000, 0x0000, 0x0000, 0x0000, 0x0000, 0x0000, 0x0000, 0x0000, 0x0000, 0x0000,
    0x0000, 0x0000, 0x0000, 0x0000, 0x0000, 0x0000, 0x0000, 0x0000, 0x0000, 0x0000, 0x0000, 0x0000, 0x0000, 0x0000, 0x0000, 0x0000,
    0x0000, 0x0000, 0x0000, 0x0000, 0x0000, 0x0000, 0x0000, 0x0000, 0x0000, 0x0000, 0x0000, 0x0000, 0x0000, 0x0000, 0x0000, 0x0000,
    0x0000, 0x0000, 0x0000, 0x0000, 0x0000, 0x0000, 0x0000, 0x0000, 0x0000, 0x0000, 0x0000, 0x0000, 0x0000, 0x0000, 0x0000, 0x0000,
    0x0000, 0x0000, 0x0000, 0x0000, 0x0000, 0x0000, 0x0000, 0x0000, 0x0000, 0x0000, 0x4A49, 0x8C72, 0x8C72, 0x8C72, 0x8C72, 0x8C72,
    0x8C72, 0x8C72, 0x8C72, 0x8C72, 0x8C72, 0x8C72, 0x8C72, 0x8C72, 0x8C72, 0x8C72, 0x8C72, 0x8C72, 0x8C72, 0x8C72, 0x8C72, 0x8C72,
    0x8C72, 0x8C72, 0x8C72, 0x8C72, 0x8C72, 0x8C72, 0x8C72, 0x8C72, 0x8C72, 0x8C72, 0x8C72, 0x8C72, 0x8C72, 0x8C72, 0x8C72, 0x8C72,
    0x8C72, 0x8C72, 0x8C72, 0x8C72, 0x8C72, 0x8C72, 0x8C72, 0x8C72, 0x8C72, 0x8C72, 0x8C72, 0x8C72, 0x8C72, 0x6B4D, 0x0000, 0x0000,
    0x0000, 0x0000, 0x0000, 0x0000, 0x0000, 0x0000, 0x0000, 0x0000, 0x0000, 0x0000, 0x0000, 0x0000, 0x0000, 0x0000, 0x0000, 0x0000,
    0x0000, 0x0000, 0x0000, 0x0000, 0x0000, 0x0000, 0x0000, 0x0000, 0x0000, 0x0000, 0x0000, 0x0000, 0x0000, 0x0000, 0x0000, 0x0000,
    0x0000, 0x0000, 0x0000, 0x0000, 0x0000, 0x0000, 0x0000, 0x0000, 0x0000, 0x0000, 0x0000, 0x0000, 0x0000, 0x0000, 0x0000, 0x0000,
    0x0000, 0x0000, 0x0000, 0x0000, 0x0000, 0x0000, 0x0000, 0x0000, 0x0000, 0x0000, 0x0000, 0x0000, 0x0000, 0x0000, 0x0000, 0x0000,
    0x0000, 0x0000, 0x0000, 0x0000, 0x0000, 0xD659, 0xE6FC, 0xE6FC, 0xE6FC, 0xE6FC, 0xE6FC, 0xE6FC, 0xE6FC, 0xE6FC, 0xE6FC, 0xE6FC,
    0xE6FC, 0xE6FC, 0xE6FC, 0xE6FC, 0xE6FC, 0xE6FC, 0xE6FC, 0xE6FC, 0xE6FC, 0xE6FC, 0xE6FC, 0xE6FC, 0xE6FC, 0xE6FC, 0xE6FC, 0xE6FC,
    0xE6FC, 0xE6FC, 0xE6FC, 0xE6FC, 0xE6FC, 0xE6FC, 0xE6FC, 0xE6FC, 0xE6FC, 0xE6FC, 0xE6FC, 0xE6FC, 0xE6FC, 0xE6FC, 0xE6FC, 0xE6FC,
    0xE6FC, 0xE6FC, 0xE6FC, 0xE6FC, 0xE6FC, 0x2965, 0x0000, 0x0000, 0x0000, 0x0000, 0x0000, 0x0000, 0x0000, 0x0000, 0x0000, 0xAD55,
    0xE6FC, 0xE6FC, 0xE6FC, 0xE6FC, 0xE6FC, 0xE6FC, 0xE6FC, 0xE6FC, 0xE6FC, 0xE6FC, 0xE6FC, 0xE6FC, 0xE6FC, 0xE6FC, 0xE6FC, 0xE6FC,
    0xE6FC, 0xE6FC, 0xE6FC, 0xE6FC, 0xE6FC, 0xE6FC, 0xE6FC, 0xE6FC, 0xE6FC, 0xE6FC, 0xE6FC, 0xE6FC, 0xE6FC, 0xE6FC, 0xE6FC, 0xE6FC,
    0xE6FC, 0xE6FC, 0xE6FC, 0xE6FC, 0xE6FC, 0xE6FC, 0xE6FC, 0xE6FC, 0xE6FC, 0xE6FC, 0xE6FC, 0xE6FC, 0xE6FC, 0xE6FC, 0xE6FC, 0x4A49,
    0x0000, 0x0000, 0x0000, 0x0000, 0x0000, 0x0000, 0x0000, 0x0000, 0x0000, 0x0000, 0x0000, 0x0000, 0x0000, 0x0000, 0x0000, 0x0000,
    0x0000, 0x0000, 0x0000, 0x0000, 0x0000, 0x0000, 0x0000, 0x0000, 0x0000, 0x0000, 0x0000, 0x0000, 0x0000, 0x0000, 0x0000, 0x0000,
    0x0000, 0x0000, 0x0000, 0x0000, 0x0000, 0x0000, 0x0000, 0x0000, 0x0000, 0x0000, 0x0000, 0x0000, 0x0000, 0x0000, 0x0000, 0x0000,
    0x0000, 0x0000, 0x0000, 0x0000, 0x0000, 0x0000, 0x0000, 0x0000, 0x0000, 0x0000, 0x0000, 0x0000, 0x0000, 0x0000, 0x0000, 0x0000,
    0x0000, 0x0000, 0x0000, 0x0000, 0x0000, 0x0000, 0x4A49, 0x8C72, 0x8C72, 0x8C72, 0x8C72, 0x8C72, 0x8C72, 0x8C72, 0x8C72, 0x8C72,
    0x8C72, 0x8C72, 0x8C72, 0x8C72, 0x8C72, 0x8C72, 0x8C72, 0x8C72, 0x8C72, 0x8C72, 0x8C72, 0x8C72, 0x8C72, 0x8C72, 0x8C72, 0x8C72,
    0x8C72, 0x8C72, 0x8C72, 0x8C72, 0x8C72, 0x8C72, 0x8C72, 0x8C72, 0x8C72, 0x8C72, 0x8C72, 0x8C72, 0x8C72, 0x8C72, 0x8C72, 0x8C72,
    0x8C72, 0x8C72, 0x8C72, 0x8C72, 0x8C72, 0x8C72, 0x8C72, 0x8C72, 0x8C72, 0x6B4D, 0x0000, 0x0000, 0x0000, 0x0000, 0x0000, 0x0000,
    0x0000, 0x0000, 0x0000, 0x0000, 0x0000, 0x0000, 0x0000, 0x0000, 0x0000, 0x0000, 0x0000, 0x0000, 0x0000, 0x0000, 0x0000, 0x0000,
    0x0000, 0x0000, 0x0000, 0x0000, 0x0000, 0x0000, 0x0000, 0x0000, 0x0000, 0x0000, 0x0000, 0x0000, 0x0000, 0x0000, 0x0000, 0x0000,
    0x0000, 0x0000, 0x0000, 0x0000, 0x0000, 0x0000, 0x0000, 0x0000, 0x0000, 0x0000, 0x0000, 0x0000, 0x0000, 0x0000, 0x0000, 0x0000,
    0x0000, 0x0000, 0x0000, 0x0000, 0x0000, 0x0000, 0x0000, 0x0000, 0x0000, 0x0000, 0x0000, 0x0000, 0x0000, 0x0000, 0x0000, 0x0000,
    0x0000, 0x4A49, 0xE6FC, 0xE6FC, 0xE6FC, 0xE6FC, 0xE6FC, 0xE6FC, 0xE6FC, 0xE6FC, 0xE6FC, 0xE6FC, 0xE6FC, 0xE6FC, 0xE6FC, 0xE6FC,
    0xE6FC, 0xE6FC, 0xE6FC, 0xE6FC, 0xE6FC, 0xE6FC, 0xE6FC, 0xE6FC, 0xE6FC, 0xE6FC, 0xE6FC, 0xE6FC, 0xE6FC, 0xE6FC, 0xE6FC, 0xE6FC,
    0xE6FC, 0xE6FC, 0xE6FC, 0xE6FC, 0xE6FC, 0xE6FC, 0xE6FC, 0xE6FC, 0xE6FC, 0xE6FC, 0xE6FC, 0xE6FC, 0xE6FC, 0xE6FC, 0xE6FC, 0xE6FC,
    0xE6FC, 0xAD55, 0x0000, 0x0000, 0x0000, 0x0000, 0x0000, 0x0000, 0x0000, 0x0000, 0x6B4D, 0xE6FC, 0xE6FC, 0xE6FC, 0xE6FC, 0xE6FC,
    0xE6FC, 0xE6FC, 0xE6FC, 0xE6FC, 0xE6FC, 0xE6FC, 0xE6FC, 0xE6FC, 0xE6FC, 0xE6FC, 0xE6FC, 0xE6FC, 0xE6FC, 0xE6FC, 0xE6FC, 0xE6FC,
    0xE6FC, 0xE6FC, 0xE6FC, 0xE6FC, 0xE6FC, 0xE6FC, 0xE6FC, 0xE6FC, 0xE6FC, 0xE6FC, 0xE6FC, 0xE6FC, 0xE6FC, 0xE6FC, 0xE6FC, 0xE6FC,
    0xE6FC, 0xE6FC, 0xE6FC, 0xE6FC, 0xE6FC, 0xE6FC, 0xE6FC, 0xE6FC, 0xE6FC, 0xE6FC, 0x9CD3, 0x0000, 0x0000, 0x0000, 0x0000, 0x0000,
    0x0000, 0x0000, 0x0000, 0x0000, 0x0000, 0x0000, 0x0000, 0x0000, 0x0000, 0x0000, 0x0000, 0x0000, 0x0000, 0x0000, 0x0000, 0x0000,
    0x0000, 0x0000, 0x0000, 0x0000, 0x0000, 0x0000, 0x0000, 0x0000, 0x0000, 0x0000, 0x0000, 0x0000, 0x0000, 0x0000, 0x0000, 0x0000,
    0x0000, 0x0000, 0x0000, 0x0000, 0x0000, 0x0000, 0x0000, 0x0000, 0x0000, 0x0000, 0x0000, 0x0000, 0x0000, 0x0000, 0x0000, 0x0000,
    0x0000, 0x0000, 0x0000, 0x0000, 0x0000, 0x0000, 0x0000, 0x0000, 0x0000, 0x0000, 0x0000, 0x0000, 0x0000, 0x0000, 0x0000, 0x0000,
    0x0000, 0x0000, 0x4A49, 0x8C72, 0x8C72, 0x8C72, 0x8C72, 0x8C72, 0x8C72, 0x8C72, 0x8C72, 0x8C72, 0x8C72, 0x8C72, 0x8C72, 0x8C72,
    0x8C72, 0x8C72, 0x8C72, 0x8C72, 0x8C72, 0x8C72, 0x8C72, 0x8C72, 0x8C72, 0x8C72, 0x8C72, 0x8C72, 0x8C72, 0x8C72, 0x8C72, 0x8C72,
    0x8C72, 0x8C72, 0x8C72, 0x8C72, 0x8C72, 0x8C72, 0x8C72, 0x8C72, 0x8C72, 0x8C72, 0x8C72, 0x8C72, 0x8C72, 0x8C72, 0x8C72, 0x8C72,
    0x8C72, 0x8C72, 0x8C72, 0x8C72, 0x8C72, 0x6B4D, 0x0000, 0x0000, 0x0000, 0x0000, 0x0000, 0x0000, 0x0000, 0x0000, 0x0000, 0x0000,
    0x0000, 0x0000, 0x0000, 0x0000, 0x0000, 0x0000, 0x0000, 0x0000, 0x0000, 0x0000, 0x0000, 0x0000, 0x0000, 0x0000, 0x0000, 0x0000,
    0x0000, 0x0000, 0x0000, 0x0000, 0x0000, 0x0000, 0x0000, 0x0000, 0x0000, 0x0000, 0x0000, 0x0000, 0x0000, 0x0000, 0x0000, 0x0000,
    0x0000, 0x0000, 0x0000, 0x0000, 0x0000, 0x0000, 0x0000, 0x0000, 0x0000, 0x0000, 0x0000, 0x0000, 0x0000, 0x0000, 0x0000, 0x0000,
    0x0000, 0x0000, 0x0000, 0x0000, 0x0000, 0x0000, 0x0000, 0x0000, 0x0000, 0x0000, 0x0000, 0x0000, 0x0000, 0x0000, 0x9CD3, 0xE6FC,
    0xE6FC, 0xE6FC, 0xE6FC, 0xE6FC, 0xE6FC, 0xE6FC, 0xE6FC, 0xE6FC, 0xE6FC, 0xE6FC, 0xE6FC, 0xE6FC, 0xE6FC, 0xE6FC, 0xE6FC, 0xE6FC,
    0xE6FC, 0xE6FC, 0xE6FC, 0xE6FC, 0xE6FC, 0xE6FC, 0xE6FC, 0xE6FC, 0xE6FC, 0xE6FC, 0xE6FC, 0xE6FC, 0xE6FC, 0xE6FC, 0xE6FC, 0xE6FC,
    0xE6FC, 0xE6FC, 0xE6FC, 0xE6FC, 0xE6FC, 0xE6FC, 0xE6FC, 0xE6FC, 0xE6FC, 0xE6FC, 0xE6FC, 0xE6FC, 0xE6FC, 0xE6FC, 0x6B4D, 0x0000,
    0x0000, 0x0000, 0x0000, 0x0000, 0x0000, 0x2965, 0xD659, 0xE6FC, 0xE6FC, 0xE6FC, 0xE6FC, 0xE6FC, 0xE6FC, 0xE6FC, 0xE6FC, 0xE6FC,
    0xE6FC, 0xE6FC, 0xE6FC, 0xE6FC, 0xE6FC, 0xE6FC, 0xE6FC, 0xE6FC, 0xE6FC, 0xE6FC, 0xE6FC, 0xE6FC, 0xE6FC, 0xE6FC, 0xE6FC, 0xE6FC,
    0xE6FC, 0xE6FC, 0xE6FC, 0xE6FC, 0xE6FC, 0xE6FC, 0xE6FC, 0xE6FC, 0xE6FC, 0xE6FC, 0xE6FC, 0xE6FC, 0xE6FC, 0xE6FC, 0xE6FC, 0xE6FC,
    0xE6FC, 0xE6FC, 0xE6FC, 0xE6FC, 0xE6FC, 0xD659, 0x0000, 0x0000, 0x0000, 0x0000, 0x0000, 0x0000, 0x0000, 0x0000, 0x0000, 0x0000,
    0x0000, 0x0000, 0x0000, 0x0000, 0x0000, 0x0000, 0x0000, 0x0000, 0x0000, 0x0000, 0x0000, 0x0000, 0x0000, 0x0000, 0x0000, 0x0000,
    0x0000, 0x0000, 0x0000, 0x0000, 0x0000, 0x0000, 0x0000, 0x0000, 0x0000, 0x0000, 0x0000, 0x0000, 0x0000, 0x0000, 0x0000, 0x0000,
    0x0000, 0x0000, 0x0000, 0x0000, 0x0000, 0x0000, 0x0000, 0x0000, 0x0000, 0x0000, 0x0000, 0x0000, 0x0000, 0x0000, 0x0000, 0x0000,
    0x0000, 0x0000, 0x0000, 0x0000, 0x0000, 0x0000, 0x0000, 0x0000, 0x0000, 0x0000, 0x0000, 0x0000, 0x0000, 0x0000, 0x4A49, 0x8C72,
    0x8C72, 0x8C72, 0x8C72, 0x8C72, 0x8C72, 0x8C72, 0x8C72, 0x8C72, 0x8C72, 0x8C72, 0x8C72, 0x8C72, 0x8C72, 0x8C72, 0x8C72, 0x8C72,
    0x8C72, 0x8C72, 0x8C72, 0x8C72, 0x8C72, 0x8C72, 0x8C72, 0x8C72, 0x8C72, 0x8C72, 0x8C72, 0x8C72, 0x8C72, 0x8C72, 0x8C72, 0x8C72,
    0x8C72, 0x8C72, 0x8C72, 0x8C72, 0x8C72, 0x8C72, 0x8C72, 0x8C72, 0x8C72, 0x8C72, 0x8C72, 0x8C72, 0x8C72, 0x8C72, 0x8C72, 0x8C72,
    0x8C72, 0x6B4D, 0x0000, 0x0000, 0x0000, 0x0000, 0x0000, 0x0000, 0x0000, 0x0000, 0x0000, 0x0000, 0x0000, 0x0000, 0x0000, 0x0000,
    0x0000, 0x0000, 0x0000, 0x0000, 0x0000, 0x0000, 0x0000, 0x0000, 0x0000, 0x0000, 0x0000, 0x0000, 0x0000, 0x0000, 0x0000, 0x0000,
    0x0000, 0x0000, 0x0000, 0x0000, 0x0000, 0x0000, 0x0000, 0x0000, 0x0000, 0x0000, 0x0000, 0x0000, 0x0000, 0x0000, 0x0000, 0x0000,
    0x0000, 0x0000, 0x0000, 0x0000, 0x0000, 0x0000, 0x0000, 0x0000, 0x0000, 0x0000, 0x0000, 0x0000, 0x0000, 0x0000, 0x0000, 0x0000,
    0x0000, 0x0000, 0x0000, 0x0000, 0x0000, 0x0000, 0x0000, 0x0000, 0x0000, 0x0000, 0x0000, 0xD659, 0xE6FC, 0xE6FC, 0xE6FC, 0xE6FC,
    0xE6FC, 0xE6FC, 0xE6FC, 0xE6FC, 0xE6FC, 0xE6FC, 0xE6FC, 0xE6FC, 0xE6FC, 0xE6FC, 0xE6FC, 0xE6FC, 0xE6FC, 0xE6FC, 0xE6FC, 0xE6FC,
    0xE6FC, 0xE6FC, 0xE6FC, 0xE6FC, 0xE6FC, 0xE6FC, 0xE6FC, 0xE6FC, 0xE6FC, 0xE6FC, 0xE6FC, 0xE6FC, 0xE6FC, 0xE6FC, 0xE6FC, 0xE6FC,
    0xE6FC, 0xE6FC, 0xE6FC, 0xE6FC, 0xE6FC, 0xE6FC, 0xE6FC, 0xE6FC, 0xE6FC, 0xE6FC, 0xD659, 0x2965, 0x0000, 0x0000, 0x0000, 0x0000,
    0x0000, 0xAD55, 0xE6FC, 0xE6FC, 0xE6FC, 0xE6FC, 0xE6FC, 0xE6FC, 0xE6FC, 0xE6FC, 0xE6FC, 0xE6FC, 0xE6FC, 0xE6FC, 0xE6FC, 0xE6FC,
    0xE6FC, 0xE6FC, 0xE6FC, 0xE6FC, 0xE6FC, 0xE6FC, 0xE6FC, 0xE6FC, 0xE6FC, 0xE6FC, 0xE6FC, 0xE6FC, 0xE6FC, 0xE6FC, 0xE6FC, 0xE6FC,
    0xE6FC, 0xE6FC, 0xE6FC, 0xE6FC, 0xE6FC, 0xE6FC, 0xE6FC, 0xE6FC, 0xE6FC, 0xE6FC, 0xE6FC, 0xE6FC, 0xE6FC, 0xE6FC, 0xE6FC, 0xE6FC,
    0xE6FC, 0x4A49, 0x0000, 0x0000, 0x0000, 0x0000, 0x0000, 0x0000, 0x0000, 0x0000, 0x0000, 0x0000, 0x0000, 0x0000, 0x0000, 0x0000,
    0x0000, 0x0000, 0x0000, 0x0000, 0x0000, 0x0000, 0x0000, 0x0000, 0x0000, 0x0000, 0x0000, 0x0000, 0x0000, 0x0000, 0x0000, 0x0000,
    0x0000, 0x0000, 0x0000, 0x0000, 0x0000, 0x0000, 0x0000, 0x0000, 0x0000, 0x0000, 0x0000, 0x0000, 0x0000, 0x0000, 0x0000, 0x0000,
    0x0000, 0x0000, 0x0000, 0x0000, 0x0000, 0x0000, 0x0000, 0x0000, 0x0000, 0x0000, 0x0000, 0x0000, 0x0000, 0x0000, 0x0000, 0x0000,
    0x0000, 0x0000, 0x0000, 0x0000, 0x0000, 0x0000, 0x0000, 0x0000, 0x0000, 0x0000, 0x4A49, 0x8C72, 0x8C72, 0x8C72, 0x8C72, 0x8C72,
    0x8C72, 0x8C72, 0x8C72, 0x8C72, 0x8C72, 0x8C72, 0x8C72, 0x8C72, 0x8C72, 0x8C72, 0x8C72, 0x8C72, 0x8C72, 0x8C72, 0x8C72, 0x8C72,
    0x8C72, 0x8C72, 0x8C72, 0x8C72, 0x8C72, 0x8C72, 0x8C72, 0x8C72, 0x8C72, 0x8C72, 0x8C72, 0x8C72, 0x8C72, 0x8C72, 0x8C72, 0x8C72,
    0x8C72, 0x8C72, 0x8C72, 0x8C72, 0x8C72, 0x8C72, 0x8C72, 0x8C72, 0x8C72, 0x8C72, 0x8C72, 0x8C72, 0x8C72, 0x6B4D, 0x0000, 0x0000,
    0x0000, 0x0000, 0x0000, 0x0000, 0x0000, 0x0000, 0x0000, 0x0000, 0x0000, 0x0000, 0x0000, 0x0000, 0x0000, 0x0000, 0x0000, 0x0000,
    0x0000, 0x0000, 0x0000, 0x0000, 0x0000, 0x0000, 0x0000, 0x0000, 0x0000, 0x0000, 0x0000, 0x0000, 0x0000, 0x0000, 0x0000, 0x0000,
    0x0000, 0x0000, 0x0000, 0x0000, 0x0000, 0x0000, 0x0000, 0x0000, 0x0000, 0x0000, 0x0000, 0x0000, 0x0000, 0x0000, 0x0000, 0x0000,
    0x0000, 0x0000, 0x0000, 0x0000, 0x0000, 0x0000, 0x0000, 0x0000, 0x0000, 0x0000, 0x0000, 0x0000, 0x0000, 0x0000, 0x0000, 0x0000,
    0x0000, 0x0000, 0x0000, 0x0000, 0x0000, 0x0000, 0x0000, 0x4A49, 0xE6FC, 0xE6FC, 0xE6FC, 0xE6FC, 0xE6FC, 0xE6FC, 0xE6FC, 0xE6FC,
    0xE6FC, 0xE6FC, 0xE6FC, 0xE6FC, 0xE6FC, 0xE6FC, 0xE6FC, 0xE6FC, 0xE6FC, 0xE6FC, 0xE6FC, 0xE6FC, 0xE6FC, 0xE6FC, 0xE6FC, 0xE6FC,
    0xE6FC, 0xE6FC, 0xE6FC, 0xE6FC, 0xE6FC, 0xE6FC, 0xE6FC, 0xE6FC, 0xE6FC, 0xE6FC, 0xE6FC, 0xE6FC, 0xE6FC, 0xE6FC, 0xE6FC, 0xE6FC,
    0xE6FC, 0xE6FC, 0xE6FC, 0xE6FC, 0xE6FC, 0xE6FC, 0xE6FC, 0x9CD3, 0x0000, 0x0000, 0x0000, 0x0000, 0x4A49, 0xE6FC, 0xE6FC, 0xE6FC,
    0xE6FC, 0xE6FC, 0xE6FC, 0xE6FC, 0xE6FC, 0xE6FC, 0xE6FC, 0xE6FC, 0xE6FC, 0xE6FC, 0xE6FC, 0xE6FC, 0xE6FC, 0xE6FC, 0xE6FC, 0xE6FC,
    0xE6FC, 0xE6FC, 0xE6FC, 0xE6FC, 0xE6FC, 0xE6FC, 0xE6FC, 0xE6FC, 0xE6FC, 0xE6FC, 0xE6FC, 0xE6FC, 0xE6FC, 0xE6FC, 0xE6FC, 0xE6FC,
    0xE6FC, 0xE6FC, 0xE6FC, 0xE6FC, 0xE6FC, 0xE6FC, 0xE6FC, 0xE6FC, 0xE6FC, 0xE6FC, 0xE6FC, 0xE6FC, 0x9CD3, 0x0000, 0x0000, 0x0000,
    0x0000, 0x0000, 0x0000, 0x0000, 0x0000, 0x0000, 0x0000, 0x0000, 0x0000, 0x0000, 0x0000, 0x0000, 0x0000, 0x0000, 0x0000, 0x0000,
    0x0000, 0x0000, 0x0000, 0x0000, 0x0000, 0x0000, 0x0000, 0x0000, 0x0000, 0x0000, 0x0000, 0x0000, 0x0000, 0x0000, 0x0000, 0x0000,
    0x0000, 0x0000, 0x0000, 0x0000, 0x0000, 0x0000, 0x0000, 0x0000, 0x0000, 0x0000, 0x0000, 0x0000, 0x0000, 0x0000, 0x0000, 0x0000,
    0x0000, 0x0000, 0x0000, 0x0000, 0x0000, 0x0000, 0x0000, 0x0000, 0x0000, 0x0000, 0x0000, 0x0000, 0x0000, 0x0000, 0x0000, 0x0000,
    0x0000, 0x0000, 0x0000, 0x0000, 0x0000, 0x0000, 0x4A49, 0x8C72, 0x8C72, 0x8C72, 0x8C72, 0x8C72, 0x8C72, 0x8C72, 0x8C72, 0x8C72,
    0x8C72, 0x8C72, 0x8C72, 0x8C72, 0x8C72, 0x8C72, 0x8C72, 0x8C72, 0x8C72, 0x8C72, 0x8C72, 0x8C72, 0x8C72, 0x8C72, 0x8C72, 0x8C72,
    0x8C72, 0x8C72, 0x8C72, 0x8C72, 0x8C72, 0x8C72, 0x8C72, 0x8C72, 0x8C72, 0x8C72, 0x8C72, 0x8C72, 0x8C72, 0x8C72, 0x8C72, 0x8C72,
    0x8C72, 0x8C72, 0x8C72, 0x8C72, 0x8C72, 0x8C72, 0x8C72, 0x8C72, 0x8C72, 0x6B4D, 0x0000, 0x0000, 0x0000, 0x0000, 0x0000, 0x0000,
    0x0000, 0x0000, 0x0000, 0x0000, 0x0000, 0x0000, 0x0000, 0x0000, 0x0000, 0x0000, 0x0000, 0x0000, 0x0000, 0x0000, 0x0000, 0x0000,
    0x0000, 0x0000, 0x0000, 0x0000, 0x0000, 0x0000, 0x0000, 0x0000, 0x0000, 0x0000, 0x0000, 0x0000, 0x0000, 0x0000, 0x0000, 0x0000,
    0x0000, 0x0000, 0x0000, 0x0000, 0x0000, 0x0000, 0x0000, 0x0000, 0x0000, 0x0000, 0x0000, 0x0000, 0x0000, 0x0000, 0x0000, 0x0000,
    0x0000, 0x0000, 0x0000, 0x0000, 0x0000, 0x0000, 0x0000, 0x0000, 0x0000, 0x0000, 0x0000, 0x0000, 0x0000, 0x0000, 0x0000, 0x0000,
    0x0000, 0x0000, 0x0000, 0x0000, 0x9CD3, 0xE6FC, 0xE6FC, 0xE6FC, 0xE6FC, 0xE6FC, 0xE6FC, 0xE6FC, 0xE6FC, 0xE6FC, 0xE6FC, 0xE6FC,
    0xE6FC, 0xE6FC, 0xE6FC, 0xE6FC, 0xE6FC, 0xE6FC, 0xE6FC, 0xE6FC, 0xE6FC, 0xE6FC, 0xE6FC, 0xE6FC, 0xE6FC, 0xE6FC, 0xE6FC, 0xE6FC,
    0xE6FC, 0xE6FC, 0xE6FC, 0xE6FC, 0xE6FC, 0xE6FC, 0xE6FC, 0xE6FC, 0xE6FC, 0xE6FC, 0xE6FC, 0xE6FC, 0xE6FC, 0xE6FC, 0xE6FC, 0xE6FC,
    0xE6FC, 0xE6FC, 0xE6FC, 0xE6FC, 0x4A49, 0x0000, 0x0000, 0x0000, 0xD659, 0xE6FC, 0xE6FC, 0xE6FC, 0xE6FC, 0xE6FC, 0xE6FC, 0xE6FC,
    0xE6FC, 0xE6FC, 0xE6FC, 0xE6FC, 0xE6FC, 0xE6FC, 0xE6FC, 0xE6FC, 0xE6FC, 0xE6FC, 0xE6FC, 0xE6FC, 0xE6FC, 0xE6FC, 0xE6FC, 0xE6FC,
    0xE6FC, 0xE6FC, 0xE6FC, 0xE6FC, 0xE6FC, 0xE6FC, 0xE6FC, 0xE6FC, 0xE6FC, 0xE6FC, 0xE6FC, 0xE6FC, 0xE6FC, 0xE6FC, 0xE6FC, 0xE6FC,
    0xE6FC, 0xE6FC, 0xE6FC, 0xE6FC, 0xE6FC, 0xE6FC, 0xE6FC, 0xD659, 0x0000, 0x0000, 0x0000, 0x0000, 0x0000, 0x0000, 0x0000, 0x0000,
    0x0000, 0x0000, 0x0000, 0x0000, 0x0000, 0x0000, 0x0000, 0x0000, 0x0000, 0x0000, 0x0000, 0x0000, 0x0000, 0x0000, 0x0000, 0x0000,
    0x0000, 0x0000, 0x0000, 0x0000, 0x0000, 0x0000, 0x0000, 0x0000, 0x0000, 0x0000, 0x0000, 0x0000, 0x0000, 0x0000, 0x0000, 0x0000,
    0x0000, 0x0000, 0x0000, 0x0000, 0x0000, 0x0000, 0x0000, 0x0000, 0x0000, 0x0000, 0x0000, 0x0000, 0x0000, 0x0000, 0x0000, 0x0000,
    0x0000, 0x0000, 0x0000, 0x0000, 0x0000, 0x0000, 0x0000, 0x0000, 0x0000, 0x0000, 0x0000, 0x0000, 0x0000, 0x0000, 0x0000, 0x0000,
    0x0000, 0x0000, 0x4A49, 0x8C72, 0x8C72, 0x8C72, 0x8C72, 0x8C72, 0x8C72, 0x8C72, 0x8C72, 0x8C72, 0x8C72, 0x8C72, 0x8C72, 0x8C72,
    0x8C72, 0x8C72, 0x8C72, 0x8C72, 0x8C72, 0x8C72, 0x8C72, 0x8C72, 0x8C72, 0x8C72, 0x8C72, 0x8C72, 0x8C72, 0x8C72, 0x8C72, 0x8C72,
    0x8C72, 0x8C72, 0x8C72, 0x8C72, 0x8C72, 0x8C72, 0x8C72, 0x8C72, 0x8C72, 0x8C72, 0x8C72, 0x8C72, 0x8C72, 0x8C72, 0x8C72, 0x8C72,
    0x8C72, 0x8C72, 0x8C72, 0x8C72, 0x8C72, 0x6B4D, 0x0000, 0x0000, 0x0000, 0x0000, 0x0000, 0x0000, 0x0000, 0x0000, 0x0000, 0x0000,
    0x0000, 0x0000, 0x0000, 0x0000, 0x0000, 0x0000, 0x0000, 0x0000, 0x0000, 0x0000, 0x0000, 0x0000, 0x0000, 0x0000, 0x0000, 0x0000,
    0x0000, 0x0000, 0x0000, 0x0000, 0x0000, 0x0000, 0x0000, 0x0000, 0x0000, 0x0000, 0x0000, 0x0000, 0x0000, 0x0000, 0x0000, 0x0000,
    0x0000, 0x0000, 0x0000, 0x0000, 0x0000, 0x0000, 0x0000, 0x0000, 0x0000, 0x0000, 0x0000, 0x0000, 0x0000, 0x0000, 0x0000, 0x0000,
    0x0000, 0x0000, 0x0000, 0x0000, 0x0000, 0x0000, 0x0000, 0x0000, 0x0000, 0x0000, 0x0000, 0x0000, 0x0000, 0x0000, 0x0000, 0x0000,
    0x0000, 0xD659, 0xE6FC, 0xE6FC, 0xE6FC, 0xE6FC, 0xE6FC, 0xE6FC, 0xE6FC, 0xE6FC, 0xE6FC, 0xE6FC, 0xE6FC, 0xE6FC, 0xE6FC, 0xE6FC,
    0xE6FC, 0xE6FC, 0xE6FC, 0xE6FC, 0xE6FC, 0xE6FC, 0xE6FC, 0xE6FC, 0xE6FC, 0xE6FC, 0xE6FC, 0xE6FC, 0xE6FC, 0xE6FC, 0xE6FC, 0xE6FC,
    0xE6FC, 0xE6FC, 0xE6FC, 0xE6FC, 0xE6FC, 0xE6FC, 0xE6FC, 0xE6FC, 0xE6FC, 0xE6FC, 0xE6FC, 0xE6FC, 0xE6FC, 0xE6FC, 0xE6FC, 0xE6FC,
    0xD659, 0x0000, 0x0000, 0x8C51, 0xE6FC, 0xE6FC, 0xE6FC, 0xE6FC, 0xE6FC, 0xE6FC, 0xE6FC, 0xE6FC, 0xE6FC, 0xE6FC, 0xE6FC, 0xE6FC,
    0xE6FC, 0xE6FC, 0xE6FC, 0xE6FC, 0xE6FC, 0xE6FC, 0xE6FC, 0xE6FC, 0xE6FC, 0xE6FC, 0xE6FC, 0xE6FC, 0xE6FC, 0xE6FC, 0xE6FC, 0xE6FC,
    0xE6FC, 0xE6FC, 0xE6FC, 0xE6FC, 0xE6FC, 0xE6FC, 0xE6FC, 0xE6FC, 0xE6FC, 0xE6FC, 0xE6FC, 0xE6FC, 0xE6FC, 0xE6FC, 0xE6FC, 0xE6FC,
    0xE6FC, 0xE6FC, 0xE6FC, 0x4A49, 0x0000, 0x0000, 0x0000, 0x0000, 0x0000, 0x0000, 0x0000, 0x0000, 0x0000, 0x0000, 0x0000, 0x0000,
    0x0000, 0x0000, 0x0000, 0x0000, 0x0000, 0x0000, 0x0000, 0x0000, 0x0000, 0x0000, 0x0000, 0x0000, 0x0000, 0x0000, 0x0000, 0x0000,
    0x0000, 0x0000, 0x0000, 0x0000, 0x0000, 0x0000, 0x0000, 0x0000, 0x0000, 0x0000, 0x0000, 0x0000, 0x0000, 0x0000, 0x0000, 0x0000,
    0x0000, 0x0000, 0x0000, 0x0000, 0x0000, 0x0000, 0x0000, 0x0000, 0x0000, 0x0000, 0x0000, 0x0000, 0x0000, 0x0000, 0x0000, 0x0000,
    0x0000, 0x0000, 0x0000, 0x0000, 0x0000, 0x0000, 0x0000, 0x0000, 0x0000, 0x0000, 0x0000, 0x0000, 0x0000, 0x0000, 0x4A49, 0x8C72,
    0x8C72, 0x8C72, 0x8C72, 0x8C72, 0x8C72, 0x8C72, 0x8C72, 0x8C72, 0x8C72, 0x8C72, 0x8C72, 0x8C72, 0x8C72, 0x8C72, 0x8C72, 0x8C72,
    0x8C72, 0x8C72, 0x8C72, 0x8C72, 0x8C72, 0x8C72, 0x8C72, 0x8C72, 0x8C72, 0x8C72, 0x8C72, 0x8C72, 0x8C72, 0x8C72, 0x8C72, 0x8C72,
    0x8C72, 0x8C72, 0x8C72, 0x8C72, 0x8C72, 0x8C72, 0x8C72, 0x8C72, 0x8C72, 0x8C72, 0x8C72, 0x8C72, 0x8C72, 0x8C72, 0x8C72, 0x8C72,
    0x8C72, 0x6B4D, 0x0000, 0x0000, 0x0000, 0x0000, 0x0000, 0x0000, 0x0000, 0x0000, 0x0000, 0x0000, 0x0000, 0x0000, 0x0000, 0x0000,
    0x0000, 0x0000, 0x0000, 0x0000, 0x0000, 0x0000, 0x0000, 0x0000, 0x0000, 0x0000, 0x0000, 0x0000, 0x0000, 0x0000, 0x0000, 0x0000,
    0x0000, 0x0000, 0x0000, 0x0000, 0x0000, 0x0000, 0x0000, 0x0000, 0x0000, 0x0000, 0x0000, 0x0000, 0x0000, 0x0000, 0x0000, 0x0000,
    0x0000, 0x0000, 0x0000, 0x0000, 0x0000, 0x0000, 0x0000, 0x0000, 0x0000, 0x0000, 0x0000, 0x0000, 0x0000, 0x0000, 0x0000, 0x0000,
    0x0000, 0x0000, 0x0000, 0x0000, 0x0000, 0x0000, 0x0000, 0x0000, 0x0000, 0x0000, 0x0000, 0x0000, 0x0000, 0x4A49, 0xE6FC, 0xE6FC,
    0xE6FC, 0xE6FC, 0xE6FC, 0xE6FC, 0xE6FC, 0xE6FC, 0xE6FC, 0xE6FC, 0xE6FC, 0xE6FC, 0xE6FC, 0xE6FC, 0xE6FC, 0xE6FC, 0xE6FC, 0xE6FC,
    0xE6FC, 0xE6FC, 0xE6FC, 0xE6FC, 0xE6FC, 0xE6FC, 0xE6FC, 0xE6FC, 0xE6FC, 0xE6FC, 0xE6FC, 0xE6FC, 0xE6FC, 0xE6FC, 0xE6FC, 0xE6FC,
    0xE6FC, 0xE6FC, 0xE6FC, 0xE6FC, 0xE6FC, 0xE6FC, 0xE6FC, 0xE6FC, 0xE6FC, 0xE6FC, 0xE6FC, 0xE6FC, 0xE6FC, 0x7BEF, 0x2965, 0xE6FC,
    0xE6FC, 0xE6FC, 0xE6FC, 0xE6FC, 0xE6FC, 0xE6FC, 0xE6FC, 0xE6FC, 0xE6FC, 0xE6FC, 0xE6FC, 0xE6FC, 0xE6FC, 0xE6FC, 0xE6FC, 0xE6FC,
    0xE6FC, 0xE6FC, 0xE6FC, 0xE6FC, 0xE6FC, 0xE6FC, 0xE6FC, 0xE6FC, 0xE6FC, 0xE6FC, 0xE6FC, 0xE6FC, 0xE6FC, 0xE6FC, 0xE6FC, 0xE6FC,
    0xE6FC, 0xE6FC, 0xE6FC, 0xE6FC, 0xE6FC, 0xE6FC, 0xE6FC, 0xE6FC, 0xE6FC, 0xE6FC, 0xE6FC, 0xE6FC, 0xE6FC, 0xE6FC, 0x9CD3, 0x0000,
    0x0000, 0x0000, 0x0000, 0x0000, 0x0000, 0x0000, 0x0000, 0x0000, 0x0000, 0x0000, 0x0000, 0x0000, 0x0000, 0x0000, 0x0000, 0x0000,
    0x0000, 0x0000, 0x0000, 0x0000, 0x0000, 0x0000, 0x0000, 0x0000, 0x0000, 0x0000, 0x0000, 0x0000, 0x0000, 0x0000, 0x0000, 0x0000,
    0x0000, 0x0000, 0x0000, 0x0000, 0x0000, 0x0000, 0x0000, 0x0000, 0x0000, 0x0000, 0x0000, 0x0000, 0x0000, 0x0000, 0x0000, 0x0000,
    0x0000, 0x0000, 0x0000, 0x0000, 0x0000, 0x0000, 0x0000, 0x0000, 0x0000, 0x0000, 0x0000, 0x0000, 0x0000, 0x0000, 0x0000, 0x0000,
    0x0000, 0x0000, 0x0000, 0x0000, 0x0000, 0x0000, 0x0000, 0x0000, 0x0000, 0x0000, 0x4A49, 0x8C72, 0x8C72, 0x8C72, 0x8C72, 0x8C72,
    0x8C72, 0x8C72, 0x8C72, 0x8C72, 0x8C72, 0x8C72, 0x8C72, 0x8C72, 0x8C72, 0x8C72, 0x8C72, 0x8C72, 0x8C72, 0x8C72, 0x8C72, 0x8C72,
    0x8C72, 0x8C72, 0x8C72, 0x8C72, 0x8C72, 0x8C72, 0x8C72, 0x8C72, 0x8C72, 0x8C72, 0x8C72, 0x8C72, 0x8C72, 0x8C72, 0x8C72, 0x8C72,
    0x8C72, 0x8C72, 0x8C72, 0x8C72, 0x8C72, 0x8C72, 0x8C72, 0x8C72, 0x8C72, 0x8C72, 0x8C72, 0x8C72, 0x8C72, 0x6B4D, 0x0000, 0x0000,
    0x0000, 0x0000, 0x0000, 0x0000, 0x0000, 0x0000, 0x0000, 0x0000, 0x0000, 0x0000, 0x0000, 0x0000, 0x0000, 0x0000, 0x0000, 0x0000,
    0x0000, 0x0000, 0x0000, 0x0000, 0x0000, 0x0000, 0x0000, 0x0000, 0x0000, 0x0000, 0x0000, 0x0000, 0x0000, 0x0000, 0x0000, 0x0000,
    0x0000, 0x0000, 0x0000, 0x0000, 0x0000, 0x0000, 0x0000, 0x0000, 0x0000, 0x0000, 0x0000, 0x0000, 0x0000, 0x0000, 0x0000, 0x0000,
    0x0000, 0x0000, 0x0000, 0x0000, 0x0000, 0x0000, 0x0000, 0x0000, 0x0000, 0x0000, 0x0000, 0x0000, 0x0000, 0x0000, 0x0000, 0x0000,
    0x0000, 0x0000, 0x0000, 0x0000, 0x0000, 0x0000, 0x0000, 0x0000, 0x0000, 0x0000, 0x9CD3, 0xE6FC, 0xE6FC, 0xE6FC, 0xE6FC, 0xE6FC,
    0xE6FC, 0xE6FC, 0xE6FC, 0xE6FC, 0xE6FC, 0xE6FC, 0xE6FC, 0xE6FC, 0xE6FC, 0xE6FC, 0xE6FC, 0xE6FC, 0xE6FC, 0xE6FC, 0xE6FC, 0xE6FC,
    0xE6FC, 0xE6FC, 0xE6FC, 0xE6FC, 0xE6FC, 0xE6FC, 0xE6FC, 0xE6FC, 0xE6FC, 0xE6FC, 0xE6FC, 0xE6FC, 0xE6FC, 0xE6FC, 0xE6FC, 0xE6FC,
    0xE6FC, 0xE6FC, 0xE6FC, 0xE6FC, 0xE6FC, 0xE6FC, 0xE6FC, 0xE6FC, 0xE6FC, 0xE6FC, 0xD659, 0xE6FC, 0xE6FC, 0xE6FC, 0xE6FC, 0xE6FC,
    0xE6FC, 0xE6FC, 0xE6FC, 0xE6FC, 0xE6FC, 0xE6FC, 0xE6FC, 0xE6FC, 0xE6FC, 0xE6FC, 0xE6FC, 0xE6FC, 0xE6FC, 0xE6FC, 0xE6FC, 0xE6FC,
    0xE6FC, 0xE6FC, 0xE6FC, 0xE6FC, 0xE6FC, 0xE6FC, 0xE6FC, 0xE6FC, 0xE6FC, 0xE6FC, 0xE6FC, 0xE6FC, 0xE6FC, 0xE6FC, 0xE6FC, 0xE6FC,
    0xE6FC, 0xE6FC, 0xE6FC, 0xE6FC, 0xE6FC, 0xE6FC, 0xE6FC, 0xE6FC, 0xE6FC, 0xD659, 0x0000, 0x0000, 0x0000, 0x0000, 0x0000, 0x0000,
    0x0000, 0x0000, 0x0000, 0x0000, 0x0000, 0x0000, 0x0000, 0x0000, 0x0000, 0x0000, 0x0000, 0x0000, 0x0000, 0x0000, 0x0000, 0x0000,
    0x0000, 0x0000, 0x0000, 0x0000, 0x0000, 0x0000, 0x0000, 0x0000, 0x0000, 0x0000, 0x0000, 0x0000, 0x0000, 0x0000, 0x0000, 0x0000,
    0x0000, 0x0000, 0x0000, 0x0000, 0x0000, 0x0000, 0x0000, 0x0000, 0x0000, 0x0000, 0x0000, 0x0000, 0x0000, 0x0000, 0x0000, 0x0000,
    0x0000, 0x0000, 0x0000, 0x0000, 0x0000, 0x0000, 0x0000, 0x0000, 0x0000, 0x0000, 0x0000, 0x0000, 0x0000, 0x0000, 0x0000, 0x0000,
    0x0000, 0x0000, 0x0000, 0x0000, 0x0000, 0x0000, 0x4A49, 0x8C72, 0x8C72, 0x8C72, 0x8C72, 0x8C72, 0x8C72, 0x8C72, 0x8C72, 0x8C72,
    0x8C72, 0x8C72, 0x8C72, 0x8C72, 0x8C72, 0x8C72, 0x8C72, 0x8C72, 0x8C72, 0x8C72, 0x8C72, 0x8C72, 0x8C72, 0x8C72, 0x8C72, 0x8C72,
    0x8C72, 0x8C72, 0x8C72, 0x8C72, 0x8C72, 0x8C72, 0x8C72, 0x8C72, 0x8C72, 0x8C72, 0x8C72, 0x8C72, 0x8C72, 0x8C72, 0x8C72, 0x8C72,
    0x8C72, 0x8C72, 0x8C72, 0x8C72, 0x8C72, 0x8C72, 0x8C72, 0x8C72, 0x8C72, 0x6B4D, 0x0000, 0x0000, 0x0000, 0x0000, 0x0000, 0x0000,
    0x0000, 0x0000, 0x0000, 0x0000, 0x0000, 0x0000, 0x0000, 0x0000, 0x0000, 0x0000, 0x0000, 0x0000, 0x0000, 0x0000, 0x0000, 0x0000,
    0x0000, 0x0000, 0x0000, 0x0000, 0x0000, 0x0000, 0x0000, 0x0000, 0x0000, 0x0000, 0x0000, 0x0000, 0x0000, 0x0000, 0x0000, 0x0000,
    0x0000, 0x0000, 0x0000, 0x0000, 0x0000, 0x0000, 0x0000, 0x0000, 0x0000, 0x0000, 0x0000, 0x0000, 0x0000, 0x0000, 0x0000, 0x0000,
    0x0000, 0x0000, 0x0000, 0x0000, 0x0000, 0x0000, 0x0000, 0x0000, 0x0000, 0x0000, 0x0000, 0x0000, 0x0000, 0x0000, 0x0000, 0x0000,
    0x0000, 0x0000, 0x0000, 0x0000, 0x0000, 0x0000, 0x0000, 0xD659, 0xE6FC, 0xE6FC, 0xE6FC, 0xE6FC, 0xE6FC, 0xE6FC, 0xE6FC, 0xE6FC,
    0xE6FC, 0xE6FC, 0xE6FC, 0xE6FC, 0xE6FC, 0xE6FC, 0xE6FC, 0xE6FC, 0xE6FC, 0xE6FC, 0xE6FC, 0xE6FC, 0xE6FC, 0xE6FC, 0xE6FC, 0xE6FC,
    0xE6FC, 0xE6FC, 0xE6FC, 0xE6FC, 0xE6FC, 0xE6FC, 0xE6FC, 0xE6FC, 0xE6FC, 0xE6FC, 0xE6FC, 0xE6FC, 0xE6FC, 0xE6FC, 0xE6FC, 0xE6FC,
    0xE6FC, 0xE6FC, 0xE6FC, 0xE6FC, 0xE6FC, 0xE6FC, 0xE6FC, 0xE6FC, 0xE6FC, 0xE6FC, 0xE6FC, 0xE6FC, 0xE6FC, 0xE6FC, 0xE6FC, 0xE6FC,
    0xE6FC, 0xE6FC, 0xE6FC, 0xE6FC, 0xE6FC, 0xE6FC, 0xE6FC, 0xE6FC, 0xE6FC, 0xE6FC, 0xE6FC, 0xE6FC, 0xE6FC, 0xE6FC, 0xE6FC, 0xE6FC,
    0xE6FC, 0xE6FC, 0xE6FC, 0xE6FC, 0xE6FC, 0xE6FC, 0xE6FC, 0xE6FC, 0xE6FC, 0xE6FC, 0xE6FC, 0xE6FC, 0xE6FC, 0xE6FC, 0xE6FC, 0xE6FC,
    0xE6FC, 0xE6FC, 0xE6FC, 0xE6FC, 0xE6FC, 0x4A49, 0x0000, 0x0000, 0x0000, 0x0000, 0x0000, 0x0000, 0x0000, 0x0000, 0x0000, 0x0000,
    0x0000, 0x0000, 0x0000, 0x0000, 0x0000, 0x0000, 0x0000, 0x0000, 0x0000, 0x0000, 0x0000, 0x0000, 0x0000, 0x0000, 0x0000, 0x0000,
    0x0000, 0x0000, 0x0000, 0x0000, 0x0000, 0x0000, 0x0000, 0x0000, 0x0000, 0x0000, 0x0000, 0x0000, 0x0000, 0x0000, 0x0000, 0x0000,
    0x0000, 0x0000, 0x0000, 0x0000, 0x0000, 0x0000, 0x0000, 0x0000, 0x0000, 0x0000, 0x0000, 0x0000, 0x0000, 0x0000, 0x0000, 0x0000,
    0x0000, 0x0000, 0x0000, 0x0000, 0x0000, 0x0000, 0x0000, 0x0000, 0x0000, 0x0000, 0x0000, 0x0000, 0x0000, 0x0000, 0x0000, 0x0000,
    0x0000, 0x0000, 0x4A49, 0x8C72, 0x8C72, 0x8C72, 0x8C72, 0x8C72, 0x8C72, 0x8C72, 0x8C72, 0x8C72, 0x8C72, 0x8C72, 0x8C72, 0x8C72,
    0x8C72, 0x8C72, 0x8C72, 0x8C72, 0x8C72, 0x8C72, 0x8C72, 0x8C72, 0x8C72, 0x8C72, 0x8C72, 0x8C72, 0x8C72, 0x8C72, 0x8C72, 0x8C72,
    0x8C72, 0x8C72, 0x8C72, 0x8C72, 0x8C72, 0x8C72, 0x8C72, 0x8C72, 0x8C72, 0x8C72, 0x8C72, 0x8C72, 0x8C72, 0x8C72, 0x8C72, 0x8C72,
    0x8C72, 0x8C72, 0x8C72, 0x8C72, 0x8C72, 0x8C72, 0x8C72, 0x8C72, 0x8C72, 0x8C72, 0x8C72, 0x8C72, 0x8C72, 0x8C72, 0x8C72, 0x8C72,
    0x8C72, 0x8C72, 0x8C72, 0x8C72, 0x8C72, 0x8C72, 0x8C72, 0x8C72, 0x8C72, 0x8C72, 0x8C72, 0x8C72, 0x8C72, 0x8C72, 0x8C72, 0x8C72,
    0x8C72, 0x8C72, 0x8C72, 0x8C72, 0x8C72, 0x8C72, 0x8C72, 0x8C72, 0x8C72, 0x8C72, 0x8C72, 0x8C72, 0x8C72, 0x8C72, 0x8C72, 0x8C72,
    0x8C72, 0x8C72, 0x8C72, 0x8C72, 0x8C72, 0x8C72, 0x8C72, 0x8C72, 0x8C72, 0x8C72, 0x8C72, 0x8C72, 0x8C72, 0x8C72, 0x8C72, 0x8C72,
    0x8C72, 0x8C72, 0x8C72, 0x8C72, 0x8C72, 0x8C72, 0x8C72, 0x8C72, 0x4A49, 0x0000, 0x0000, 0x0000, 0x0000, 0x0000, 0x0000, 0x0000,
    0x0000, 0x0000, 0x0000, 0x4A49, 0xE6FC, 0xE6FC, 0xE6FC, 0xE6FC, 0xE6FC, 0xE6FC, 0xE6FC, 0xE6FC, 0xE6FC, 0xE6FC, 0xE6FC, 0xE6FC,
    0xE6FC, 0xE6FC, 0xE6FC, 0xE6FC, 0xE6FC, 0xE6FC, 0xE6FC, 0xE6FC, 0xE6FC, 0xE6FC, 0xE6FC, 0xE6FC, 0xE6FC, 0xE6FC, 0xE6FC, 0xE6FC,
    0xE6FC, 0xE6FC, 0xE6FC, 0xE6FC, 0xE6FC, 0xE6FC, 0xE6FC, 0xE6FC, 0xE6FC, 0xE6FC, 0xE6FC, 0xE6FC, 0xE6FC, 0xE6FC, 0xE6FC, 0xE6FC,
    0xE6FC, 0xE6FC, 0xE6FC, 0xE6FC, 0xE6FC, 0xE6FC, 0xE6FC, 0xE6FC, 0xE6FC, 0xE6FC, 0xE6FC, 0xE6FC, 0xE6FC, 0xE6FC, 0xE6FC, 0xE6FC,
    0xE6FC, 0xE6FC, 0xE6FC, 0xE6FC, 0xE6FC, 0xE6FC, 0xE6FC, 0xE6FC, 0xE6FC, 0xE6FC, 0xE6FC, 0xE6FC, 0xE6FC, 0xE6FC, 0xE6FC, 0xE6FC,
    0xE6FC, 0xE6FC, 0xE6FC, 0xE6FC, 0xE6FC, 0xE6FC, 0xE6FC, 0xE6FC, 0xE6FC, 0xE6FC, 0xE6FC, 0xE6FC, 0xE6FC, 0xE6FC, 0xE6FC, 0xE6FC,
    0x9CD3, 0x0000, 0x0000, 0x0000, 0x0000, 0x0000, 0x0000, 0x0000, 0x0000, 0x0000, 0x0000, 0x2965, 0x8C72, 0x8C72, 0x8C72, 0x8C72,
    0x8C72, 0x8C72, 0x8C72, 0x8C72, 0x8C72, 0x8C72, 0x8C72, 0x8C72, 0x8C72, 0x8C72, 0x8C72, 0x8C72, 0x8C72, 0x8C72, 0x8C72, 0x8C72,
    0x8C72, 0x8C72, 0x8C72, 0x8C72, 0x8C72, 0x8C72, 0x8C72, 0x8C72, 0x8C72, 0x8C72, 0x8C72, 0x8C72, 0x8C72, 0x8C72, 0x8C72, 0x8C72,
    0x8C72, 0x8C72, 0x8C72, 0x8C72, 0x8C72, 0x8C72, 0x8C72, 0x8C72, 0x8C72, 0x8C72, 0x8C72, 0x8C72, 0x8C72, 0x8C72, 0x8C72, 0x8C72,
    0x8C72, 0x8C72, 0x8C72, 0x8C72, 0x8C72, 0x8C72, 0x8C72, 0x8C72, 0x8C72, 0x8C72, 0x8C72, 0x8C72, 0x8C72, 0x8C72, 0x8C72, 0x8C72,
    0x8C72, 0x8C72, 0x8C72, 0x8C72, 0x8C72, 0x8C72, 0x8C72, 0x8C72, 0x8C72, 0x8C72, 0x8C72, 0x8C72, 0x8C72, 0x8C72, 0x8C72, 0x8C72,
    0x8C72, 0x8C72, 0x8C72, 0x8C72, 0x8C72, 0x8C72, 0x8C72, 0x8C72, 0x8C72, 0x8C72, 0x8C72, 0x8C72, 0x8C72, 0x8C72, 0x8C72, 0x8C72,
    0x8C72, 0x8C72, 0x8C72, 0x8C72, 0x8C72, 0x8C72, 0x8C72, 0x8C72, 0x8C72, 0x8C72, 0x8C72, 0x8C72, 0x8C72, 0x8C72, 0x8C72, 0x8C72,
    0x8C72, 0x8C72, 0x8C72, 0x8C72, 0x8C72, 0x8C72, 0x8C72, 0x8C72, 0x8C72, 0x8C72, 0x8C72, 0x8C72, 0x8C72, 0x8C72, 0x8C72, 0x8C72,
    0x8C72, 0x8C72, 0x8C72, 0x8C72, 0x8C72, 0x8C72, 0x8C72, 0x8C72, 0x8C72, 0x8C72, 0x8C72, 0x8C72, 0x8C72, 0x8C72, 0x8C72, 0x8C72,
    0x8C72, 0x8C72, 0x8C72, 0x8C72, 0x8C72, 0x8C72, 0x8C72, 0x8C72, 0x8C72, 0x8C72, 0x8C72, 0x8C72, 0x8C72, 0x8C72, 0x8C72, 0x8C72,
    0x8C72, 0x8C72, 0x8C72, 0x8C72, 0x8C72, 0x8C72, 0x8C72, 0x8C72, 0x8C72, 0x8C72, 0x8C72, 0x8C72, 0x8C72, 0x8C72, 0x8C72, 0x8C72,
    0x8C72, 0x8C72, 0x8C72, 0x8C72, 0x8C72, 0x2965, 0x0000, 0x0000, 0x0000, 0x0000, 0x0000, 0x0000, 0x0000, 0x0000, 0x0000, 0x0000,
    0x9CD3, 0xE6FC, 0xE6FC, 0xE6FC, 0xE6FC, 0xE6FC, 0xE6FC, 0xE6FC, 0xE6FC, 0xE6FC, 0xE6FC, 0xE6FC, 0xE6FC, 0xE6FC, 0xE6FC, 0xE6FC,
    0xE6FC, 0xE6FC, 0xE6FC, 0xE6FC, 0xE6FC, 0xE6FC, 0xE6FC, 0xE6FC, 0xE6FC, 0xE6FC, 0xE6FC, 0xE6FC, 0xE6FC, 0xE6FC, 0xE6FC, 0xE6FC,
    0xE6FC, 0xE6FC, 0xE6FC, 0xE6FC, 0xE6FC, 0xE6FC, 0xE6FC, 0xE6FC, 0xE6FC, 0xE6FC, 0xE6FC, 0xE6FC, 0xE6FC, 0xE6FC, 0xE6FC, 0xE6FC,
    0xE6FC, 0xE6FC, 0xE6FC, 0xE6FC, 0xE6FC, 0xE6FC, 0xE6FC, 0xE6FC, 0xE6FC, 0xE6FC, 0xE6FC, 0xE6FC, 0xE6FC, 0xE6FC, 0xE6FC, 0xE6FC,
    0xE6FC, 0xE6FC, 0xE6FC, 0xE6FC, 0xE6FC, 0xE6FC, 0xE6FC, 0xE6FC, 0xE6FC, 0xE6FC, 0xE6FC, 0xE6FC, 0xE6FC, 0xE6FC, 0xE6FC, 0xE6FC,
    0xE6FC, 0xE6FC, 0xE6FC, 0xE6FC, 0xE6FC, 0xE6FC, 0xE6FC, 0xE6FC, 0xE6FC, 0xE6FC, 0xE6FC, 0xD659, 0x0000, 0x0000, 0x0000, 0x0000,
    0x0000, 0x0000, 0x0000, 0x0000, 0x0000, 0x0000, 0x0000, 0x7BEF, 0x8C72, 0x8C72, 0x8C72, 0x8C72, 0x8C72, 0x8C72, 0x8C72, 0x8C72,
    0x8C72, 0x8C72, 0x8C72, 0x8C72, 0x8C72, 0x8C72, 0x8C72, 0x8C72, 0x8C72, 0x8C72, 0x8C72, 0x8C72, 0x8C72, 0x8C72, 0x8C72, 0x8C72,
    0x8C72, 0x8C72, 0x8C72, 0x8C72, 0x8C72, 0x8C72, 0x8C72, 0x8C72, 0x8C72, 0x8C72, 0x8C72, 0x8C72, 0x8C72, 0x8C72, 0x8C72, 0x8C72,
    0x8C72, 0x8C72, 0x8C72, 0x8C72, 0x8C72, 0x8C72, 0x8C72, 0x8C72, 0x8C72, 0x8C72, 0x8C72, 0x8C72, 0x8C72, 0x8C72, 0x8C72, 0x8C72,
    0x8C72, 0x8C72, 0x8C72, 0x8C72, 0x8C72, 0x8C72, 0x8C72, 0x8C72, 0x8C72, 0x8C72, 0x8C72, 0x8C72, 0x8C72, 0x8C72, 0x8C72, 0x8C72,
    0x8C72, 0x8C72, 0x8C72, 0x8C72, 0x8C72, 0x8C72, 0x8C72, 0x8C72, 0x8C72, 0x8C72, 0x8C72, 0x8C72, 0x8C72, 0x8C72, 0x8C72, 0x8C72,
    0x8C72, 0x8C72, 0x8C72, 0x8C72, 0x8C72, 0x8C72, 0x8C72, 0x8C72, 0x8C72, 0x8C72, 0x8C72, 0x8C72, 0x8C72, 0x8C72, 0x8C72, 0x8C72,
    0x8C72, 0x8C72, 0x8C72, 0x8C72, 0x8C72, 0x8C72, 0x8C72, 0x8C72, 0x8C72, 0x8C72, 0x8C72, 0x8C72, 0x8C72, 0x8C72, 0x8C72, 0x8C72,
    0x8C72, 0x8C72, 0x8C72, 0x8C72, 0x8C72, 0x8C72, 0x8C72, 0x8C72, 0x8C72, 0x8C72, 0x8C72, 0x8C72, 0x8C72, 0x8C72, 0x8C72, 0x8C72,
    0x8C72, 0x8C72, 0x8C72, 0x8C72, 0x8C72, 0x8C72, 0x8C72, 0x8C72, 0x8C72, 0x8C72, 0x8C72, 0x8C72, 0x8C72, 0x8C72, 0x8C72, 0x8C72,
    0x8C72, 0x8C72, 0x8C72, 0x8C72, 0x8C72, 0x8C72, 0x8C72, 0x8C72, 0x8C72, 0x8C72, 0x8C72, 0x8C72, 0x8C72, 0x8C72, 0x8C72, 0x8C72,
    0x8C72, 0x8C72, 0x8C72, 0x8C72, 0x8C72, 0x8C72, 0x8C72, 0x8C72, 0x8C72, 0x8C72, 0x8C72, 0x8C72, 0x8C72, 0x8C72, 0x8C72, 0x8C72,
    0x8C72, 0x7BEF, 0x0000, 0x0000, 0x0000, 0x0000, 0x0000, 0x0000, 0x0000, 0x0000, 0x0000, 0x0000, 0x0000, 0xD659, 0xE6FC, 0xE6FC,
    0xE6FC, 0xE6FC, 0xE6FC, 0xE6FC, 0xE6FC, 0xE6FC, 0xE6FC, 0xE6FC, 0xE6FC, 0xE6FC, 0xE6FC, 0xE6FC, 0xE6FC, 0xE6FC, 0xE6FC, 0xE6FC,
    0xE6FC, 0xE6FC, 0xE6FC, 0xE6FC, 0xE6FC, 0xE6FC, 0xE6FC, 0xE6FC, 0xE6FC, 0xE6FC, 0xE6FC, 0xE6FC, 0xE6FC, 0xE6FC, 0xE6FC, 0xE6FC,
    0xE6FC, 0xE6FC, 0xE6FC, 0xE6FC, 0xE6FC, 0xE6FC, 0xE6FC, 0xE6FC, 0xE6FC, 0xE6FC, 0xE6FC, 0xE6FC, 0xE6FC, 0xE6FC, 0xE6FC, 0xE6FC,
    0xE6FC, 0xE6FC, 0xE6FC, 0xE6FC, 0xE6FC, 0xE6FC, 0xE6FC, 0xE6FC, 0xE6FC, 0xE6FC, 0xE6FC, 0xE6FC, 0xE6FC, 0xE6FC, 0xE6FC, 0xE6FC,
    0xE6FC, 0xE6FC, 0xE6FC, 0xE6FC, 0xE6FC, 0xE6FC, 0xE6FC, 0xE6FC, 0xE6FC, 0xE6FC, 0xE6FC, 0xE6FC, 0xE6FC, 0xE6FC, 0xE6FC, 0xE6FC,
    0xE6FC, 0xE6FC, 0xE6FC, 0xE6FC, 0xE6FC, 0xE6FC, 0xE6FC, 0x4A49, 0x0000, 0x0000, 0x0000, 0x0000, 0x0000, 0x0000, 0x0000, 0x0000,
    0x0000, 0x0000, 0x4A49, 0x8C72, 0x8C72, 0x8C72, 0x8C72, 0x8C72, 0x8C72, 0x8C72, 0x8C72, 0x8C72, 0x8C72, 0x8C72, 0x8C72, 0x8C72,
    0x8C72, 0x8C72, 0x8C72, 0x8C72, 0x8C72, 0x8C72, 0x8C72, 0x8C72, 0x8C72, 0x8C72, 0x8C72, 0x8C72, 0x8C72, 0x8C72, 0x8C72, 0x8C72,
    0x8C72, 0x8C72, 0x8C72, 0x8C72, 0x8C72, 0x8C72, 0x8C72, 0x8C72, 0x8C72, 0x8C72, 0x8C72, 0x8C72, 0x8C72, 0x8C72, 0x8C72, 0x8C72,
    0x8C72, 0x8C72, 0x8C72, 0x8C72, 0x8C72, 0x8C72, 0x8C72, 0x8C72, 0x8C72, 0x8C72, 0x8C72, 0x8C72, 0x8C72, 0x8C72, 0x8C72, 0x8C72,
    0x8C72, 0x8C72, 0x8C72, 0x8C72, 0x8C72, 0x8C72, 0x8C72, 0x8C72, 0x8C72, 0x8C72, 0x8C72, 0x8C72, 0x8C72, 0x8C72, 0x8C72, 0x8C72,
    0x8C72, 0x8C72, 0x8C72, 0x8C72, 0x8C72, 0x8C72, 0x8C72, 0x8C72, 0x8C72, 0x8C72, 0x8C72, 0x8C72, 0x8C72, 0x8C72, 0x8C72, 0x8C72,
    0x8C72, 0x8C72, 0x8C72, 0x8C72, 0x8C72, 0x8C72, 0x8C72, 0x8C72, 0x8C72, 0x8C72, 0x8C72, 0x8C72, 0x8C72, 0x8C72, 0x8C72, 0x8C72,
    0x8C72, 0x8C72, 0x8C72, 0x8C72, 0x8C72, 0x8C72, 0x8C72, 0x8C72, 0x8C72, 0x8C72, 0x8C72, 0x8C72, 0x8C72, 0x8C72, 0x8C72, 0x8C72,
    0x8C72, 0x8C72, 0x8C72, 0x8C72, 0x8C72, 0x8C72, 0x8C72, 0x8C72, 0x8C72, 0x8C72, 0x8C72, 0x8C72, 0x8C72, 0x8C72, 0x8C72, 0x8C72,
    0x8C72, 0x8C72, 0x8C72, 0x8C72, 0x8C72, 0x8C72, 0x8C72, 0x8C72, 0x8C72, 0x8C72, 0x8C72, 0x8C72, 0x8C72, 0x8C72, 0x8C72, 0x8C72,
    0x8C72, 0x8C72, 0x8C72, 0x8C72, 0x8C72, 0x8C72, 0x8C72, 0x8C72, 0x8C72, 0x8C72, 0x8C72, 0x8C72, 0x8C72, 0x8C72, 0x8C72, 0x8C72,
    0x8C72, 0x8C72, 0x8C72, 0x8C72, 0x8C72, 0x8C72, 0x8C72, 0x8C72, 0x8C72, 0x8C72, 0x8C72, 0x8C72, 0x8C72, 0x8C72, 0x4A49, 0x0000,
    0x0000, 0x0000, 0x0000, 0x0000, 0x0000, 0x0000, 0x0000, 0x0000, 0x0000, 0x4A49, 0xE6FC, 0xE6FC, 0xE6FC, 0xE6FC, 0xE6FC, 0xE6FC,
    0xE6FC, 0xE6FC, 0xE6FC, 0xE6FC, 0xE6FC, 0xE6FC, 0xE6FC, 0xE6FC, 0xE6FC, 0xE6FC, 0xE6FC, 0xE6FC, 0xE6FC, 0xE6FC, 0xE6FC, 0xE6FC,
    0xE6FC, 0xE6FC, 0xE6FC, 0xE6FC, 0xE6FC, 0xE6FC, 0xE6FC, 0xE6FC, 0xE6FC, 0xE6FC, 0xE6FC, 0xE6FC, 0xE6FC, 0xE6FC, 0xE6FC, 0xE6FC,
    0xE6FC, 0xE6FC, 0xE6FC, 0xE6FC, 0xE6FC, 0xE6FC, 0xE6FC, 0xE6FC, 0xE6FC, 0xE6FC, 0xE6FC, 0xE6FC, 0xE6FC, 0xE6FC, 0xE6FC, 0xE6FC,
    0xE6FC, 0xE6FC, 0xE6FC, 0xE6FC, 0xE6FC, 0xE6FC, 0xE6FC, 0xE6FC, 0xE6FC, 0xE6FC, 0xE6FC, 0xE6FC, 0xE6FC, 0xE6FC, 0xE6FC, 0xE6FC,
    0xE6FC, 0xE6FC, 0xE6FC, 0xE6FC, 0xE6FC, 0xE6FC, 0xE6FC, 0xE6FC, 0xE6FC, 0xE6FC, 0xE6FC, 0xE6FC, 0xE6FC, 0xE6FC, 0xE6FC, 0xE6FC,
    0xE6FC, 0xE6FC, 0x9CD3, 0x0000, 0x0000, 0x0000, 0x0000, 0x0000, 0x0000, 0x0000, 0x0000, 0x0000, 0x0000, 0x2965, 0x8C72, 0x8C72,
    0x8C72, 0x8C72, 0x8C72, 0x8C72, 0x8C72, 0x8C72, 0x8C72, 0x8C72, 0x8C72, 0x8C72, 0x8C72, 0x8C72, 0x8C72, 0x8C72, 0x8C72, 0x8C72,
    0x8C72, 0x8C72, 0x8C72, 0x8C72, 0x8C72, 0x8C72, 0x8C72, 0x8C72, 0x8C72, 0x8C72, 0x8C72, 0x8C72, 0x8C72, 0x8C72, 0x8C72, 0x8C72,
    0x8C72, 0x8C72, 0x8C72, 0x8C72, 0x8C72, 0x8C72, 0x8C72, 0x8C72, 0x8C72, 0x8C72, 0x8C72, 0x8C72, 0x8C72, 0x8C72, 0x8C72, 0x8C72,
    0x8C72, 0x8C72, 0x8C72, 0x8C72, 0x8C72, 0x8C72, 0x8C72, 0x8C72, 0x8C72, 0x8C72, 0x8C72, 0x8C72, 0x8C72, 0x8C72, 0x8C72, 0x8C72,
    0x8C72, 0x8C72, 0x8C72, 0x8C72, 0x8C72, 0x8C72, 0x8C72, 0x8C72, 0x8C72, 0x8C72, 0x8C72, 0x8C72, 0x8C72, 0x8C72, 0x8C72, 0x8C72,
    0x8C72, 0x8C72, 0x8C72, 0x8C72, 0x8C72, 0x8C72, 0x8C72, 0x8C72, 0x8C72, 0x8C72, 0x8C72, 0x8C72, 0x8C72, 0x8C72, 0x8C72, 0x8C72,
    0x8C72, 0x8C72, 0x8C72, 0x8C72, 0x8C72, 0x8C72, 0x8C72, 0x8C72, 0x8C72, 0x8C72, 0x8C72, 0x8C72, 0x8C72, 0x8C72, 0x8C72, 0x8C72,
    0x8C72, 0x8C72, 0x8C72, 0x8C72, 0x8C72, 0x8C72, 0x8C72, 0x8C72, 0x8C72, 0x8C72, 0x8C72, 0x8C72, 0x8C72, 0x8C72, 0x8C72, 0x8C72,
    0x8C72, 0x8C72, 0x8C72, 0x8C72, 0x8C72, 0x8C72, 0x8C72, 0x8C72, 0x8C72, 0x8C72, 0x8C72, 0x8C72, 0x8C72, 0x8C72, 0x8C72, 0x8C72,
    0x8C72, 0x8C72, 0x8C72, 0x8C72, 0x8C72, 0x8C72, 0x8C72, 0x8C72, 0x8C72, 0x8C72, 0x8C72, 0x8C72, 0x8C72, 0x8C72, 0x8C72, 0x8C72,
    0x8C72, 0x8C72, 0x8C72, 0x8C72, 0x8C72, 0x8C72, 0x8C72, 0x8C72, 0x8C72, 0x8C72, 0x8C72, 0x8C72, 0x8C72, 0x8C72, 0x8C72, 0x8C72,
    0x8C72, 0x8C72, 0x8C72, 0x8C72, 0x8C72, 0x8C72, 0x8C72, 0x8C72, 0x8C72, 0x8C72, 0x8C72, 0x2965, 0x0000, 0x0000, 0x0000, 0x0000,
    0x0000, 0x0000, 0x0000, 0x0000, 0x0000, 0x0000, 0x9CD3, 0xE6FC, 0xE6FC, 0xE6FC, 0xE6FC, 0xE6FC, 0xE6FC, 0xE6FC, 0xE6FC, 0xE6FC,
    0xE6FC, 0xE6FC, 0xE6FC, 0xE6FC, 0xE6FC, 0xE6FC, 0xE6FC, 0xE6FC, 0xE6FC, 0xE6FC, 0xE6FC, 0xE6FC, 0xE6FC, 0xE6FC, 0xE6FC, 0xE6FC,
    0xE6FC, 0xE6FC, 0xE6FC, 0xE6FC, 0xE6FC, 0xE6FC, 0xE6FC, 0xE6FC, 0xE6FC, 0xE6FC, 0xE6FC, 0xE6FC, 0xE6FC, 0xE6FC, 0xE6FC, 0xE6FC,
    0xE6FC, 0xE6FC, 0xE6FC, 0xE6FC, 0xE6FC, 0xE6FC, 0xE6FC, 0xE6FC, 0xE6FC, 0xE6FC, 0xE6FC, 0xE6FC, 0xE6FC, 0xE6FC, 0xE6FC, 0xE6FC,
    0xE6FC, 0xE6FC, 0xE6FC, 0xE6FC, 0xE6FC, 0xE6FC, 0xE6FC, 0xE6FC, 0xE6FC, 0xE6FC, 0xE6FC, 0xE6FC, 0xE6FC, 0xE6FC, 0xE6FC, 0xE6FC,
    0xE6FC, 0xE6FC, 0xE6FC, 0xE6FC, 0xE6FC, 0xE6FC, 0xE6FC, 0xE6FC, 0xE6FC, 0xE6FC, 0xE6FC, 0xE6FC, 0xE6FC, 0xD659, 0x2965, 0x0000,
    0x0000, 0x0000, 0x0000, 0x0000, 0x0000, 0x0000, 0x0000, 0x0000, 0x0000, 0x7BEF, 0x8C72, 0x8C72, 0x8C72, 0x8C72, 0x8C72, 0x8C72,
    0x8C72, 0x8C72, 0x8C72, 0x8C72, 0x8C72, 0x8C72, 0x8C72, 0x8C72, 0x8C72, 0x8C72, 0x8C72, 0x8C72, 0x8C72, 0x8C72, 0x8C72, 0x8C72,
    0x8C72, 0x8C72, 0x8C72, 0x8C72, 0x8C72, 0x8C72, 0x8C72, 0x8C72, 0x8C72, 0x8C72, 0x8C72, 0x8C72, 0x8C72, 0x8C72, 0x8C72, 0x8C72,
    0x8C72, 0x8C72, 0x8C72, 0x8C72, 0x8C72, 0x8C72, 0x8C72, 0x8C72, 0x8C72, 0x8C72, 0x8C72, 0x8C72, 0x8C72, 0x8C72, 0x8C72, 0x8C72,
    0x8C72, 0x8C72, 0x8C72, 0x8C72, 0x8C72, 0x8C72, 0x8C72, 0x8C72, 0x8C72, 0x8C72, 0x8C72, 0x8C72, 0x8C72, 0x8C72, 0x8C72, 0x8C72,
    0x8C72, 0x8C72, 0x8C72, 0x8C72, 0x8C72, 0x8C72, 0x8C72, 0x8C72, 0x8C72, 0x8C72, 0x8C72, 0x8C72, 0x8C72, 0x8C72, 0x8C72, 0x8C72,
    0x8C72, 0x8C72, 0x8C72, 0x8C72, 0x8C72, 0x8C72, 0x8C72, 0x8C72, 0x8C72, 0x8C72, 0x8C72, 0x8C72, 0x8C72, 0x8C72, 0x8C72, 0x8C72,
    0x8C72, 0x8C72, 0x8C72, 0x8C72, 0x8C72, 0x8C72, 0x8C72, 0x8C72, 0x8C72, 0x8C72, 0x8C72, 0x8C72, 0x8C72, 0x8C72, 0x8C72, 0x8C72,
    0x8C72, 0x8C72, 0x8C72, 0x8C72, 0x8C72, 0x8C72, 0x8C72, 0x8C72, 0x8C72, 0x8C72, 0x8C72, 0x8C72, 0x8C72, 0x8C72, 0x8C72, 0x8C72,
    0x8C72, 0x8C72, 0x8C72, 0x8C72, 0x8C72, 0x8C72, 0x8C72, 0x8C72, 0x8C72, 0x8C72, 0x8C72, 0x8C72, 0x8C72, 0x8C72, 0x8C72, 0x8C72,
    0x8C72, 0x8C72, 0x8C72, 0x8C72, 0x8C72, 0x8C72, 0x8C72, 0x8C72, 0x8C72, 0x8C72, 0x8C72, 0x8C72, 0x8C72, 0x8C72, 0x8C72, 0x8C72,
    0x8C72, 0x8C72, 0x8C72, 0x8C72, 0x8C72, 0x8C72, 0x8C72, 0x8C72, 0x8C72, 0x8C72, 0x8C72, 0x8C72, 0x8C72, 0x8C72, 0x8C72, 0x8C72,
    0x8C72, 0x8C72, 0x8C72, 0x8C72, 0x8C72, 0x8C72, 0x8C72, 0x7BEF, 0x0000, 0x0000, 0x0000, 0x0000, 0x0000, 0x0000, 0x0000, 0x0000,
    0x0000, 0x0000, 0x0000, 0xD659, 0xE6FC, 0xE6FC, 0xE6FC, 0xE6FC, 0xE6FC, 0xE6FC, 0xE6FC, 0xE6FC, 0xE6FC, 0xE6FC, 0xE6FC, 0xE6FC,
    0xE6FC, 0xE6FC, 0xE6FC, 0xE6FC, 0xE6FC, 0xE6FC, 0xE6FC, 0xE6FC, 0xE6FC, 0xE6FC, 0xE6FC, 0xE6FC, 0xE6FC, 0xE6FC, 0xE6FC, 0xE6FC,
    0xE6FC, 0xE6FC, 0xE6FC, 0xE6FC, 0xE6FC, 0xE6FC, 0xE6FC, 0xE6FC, 0xE6FC, 0xE6FC, 0xE6FC, 0xE6FC, 0xE6FC, 0xE6FC, 0xE6FC, 0xE6FC,
    0xE6FC, 0xE6FC, 0xE6FC, 0xE6FC, 0xE6FC, 0xE6FC, 0xE6FC, 0xE6FC, 0xE6FC, 0xE6FC, 0xE6FC, 0xE6FC, 0xE6FC, 0xE6FC, 0xE6FC, 0xE6FC,
    0xE6FC, 0xE6FC, 0xE6FC, 0xE6FC, 0xE6FC, 0xE6FC, 0xE6FC, 0xE6FC, 0xE6FC, 0xE6FC, 0xE6FC, 0xE6FC, 0xE6FC, 0xE6FC, 0xE6FC, 0xE6FC,
    0xE6FC, 0xE6FC, 0xE6FC, 0xE6FC, 0xE6FC, 0xE6FC, 0xE6FC, 0xE6FC, 0xE6FC, 0x6B4D, 0x0000, 0x0000, 0x0000, 0x0000, 0x0000, 0x0000,
    0x0000, 0x0000, 0x0000, 0x0000, 0x4A49, 0x8C72, 0x8C72, 0x8C72, 0x8C72, 0x8C72, 0x8C72, 0x8C72, 0x8C72, 0x8C72, 0x8C72, 0x8C72,
    0x8C72, 0x8C72, 0x8C72, 0x8C72, 0x8C72, 0x8C72, 0x8C72, 0x8C72, 0x8C72, 0x8C72, 0x8C72, 0x8C72, 0x8C72, 0x8C72, 0x8C72, 0x8C72,
    0x8C72, 0x8C72, 0x8C72, 0x8C72, 0x8C72, 0x8C72, 0x8C72, 0x8C72, 0x8C72, 0x8C72, 0x8C72, 0x8C72, 0x8C72, 0x8C72, 0x8C72, 0x8C72,
    0x8C72, 0x8C72, 0x8C72, 0x8C72, 0x8C72, 0x8C72, 0x8C72, 0x8C72, 0x8C72, 0x8C72, 0x8C72, 0x8C72, 0x8C72, 0x8C72, 0x8C72, 0x8C72,
    0x8C72, 0x8C72, 0x8C72, 0x8C72, 0x8C72, 0x8C72, 0x8C72, 0x8C72, 0x8C72, 0x8C72, 0x8C72, 0x8C72, 0x8C72, 0x8C72, 0x8C72, 0x8C72,
    0x8C72, 0x8C72, 0x8C72, 0x8C72, 0x8C72, 0x8C72, 0x8C72, 0x8C72, 0x8C72, 0x8C72, 0x8C72, 0x8C72, 0x8C72, 0x8C72, 0x8C72, 0x8C72,
    0x8C72, 0x8C72, 0x8C72, 0x8C72, 0x8C72, 0x8C72, 0x8C72, 0x8C72, 0x8C72, 0x8C72, 0x8C72, 0x8C72, 0x8C72, 0x8C72, 0x8C72, 0x8C72,
    0x8C72, 0x8C72, 0x8C72, 0x8C72, 0x8C72, 0x8C72, 0x8C72, 0x8C72, 0x8C72, 0x8C72, 0x8C72, 0x8C72, 0x8C72, 0x8C72, 0x8C72, 0x8C72,
    0x8C72, 0x8C72, 0x8C72, 0x8C72, 0x8C72, 0x8C72, 0x8C72, 0x8C72, 0x8C72, 0x8C72, 0x8C72, 0x8C72, 0x8C72, 0x8C72, 0x8C72, 0x8C72,
    0x8C72, 0x8C72, 0x8C72, 0x8C72, 0x8C72, 0x8C72, 0x8C72, 0x8C72, 0x8C72, 0x8C72, 0x8C72, 0x8C72, 0x8C72, 0x8C72, 0x8C72, 0x8C72,
    0x8C72, 0x8C72, 0x8C72, 0x8C72, 0x8C72, 0x8C72, 0x8C72, 0x8C72, 0x8C72, 0x8C72, 0x8C72, 0x8C72, 0x8C72, 0x8C72, 0x8C72, 0x8C72,
    0x8C72, 0x8C72, 0x8C72, 0x8C72, 0x8C72, 0x8C72, 0x8C72, 0x8C72, 0x8C72, 0x8C72, 0x8C72, 0x8C72, 0x8C72, 0x8C72, 0x8C72, 0x8C72,
    0x8C72, 0x8C72, 0x8C72, 0x8C72, 0x4A49, 0x0000, 0x0000, 0x0000, 0x0000, 0x0000, 0x0000, 0x0000, 0x0000, 0x0000, 0x0000, 0x4A49,
    0xE6FC, 0xE6FC, 0xE6FC, 0xE6FC, 0xE6FC, 0xE6FC, 0xE6FC, 0xE6FC, 0xE6FC, 0xE6FC, 0xE6FC, 0xE6FC, 0xE6FC, 0xE6FC, 0xE6FC, 0xE6FC,
    0xE6FC, 0xE6FC, 0xE6FC, 0xE6FC, 0xE6FC, 0xE6FC, 0xE6FC, 0xE6FC, 0xE6FC, 0xE6FC, 0xE6FC, 0xE6FC, 0xE6FC, 0xE6FC, 0xE6FC, 0xE6FC,
    0xE6FC, 0xE6FC, 0xE6FC, 0xE6FC, 0xE6FC, 0xE6FC, 0xE6FC, 0xE6FC, 0xE6FC, 0xE6FC, 0xE6FC, 0xE6FC, 0xE6FC, 0xE6FC, 0xE6FC, 0xE6FC,
    0xE6FC, 0xE6FC, 0xE6FC, 0xE6FC, 0xE6FC, 0xE6FC, 0xE6FC, 0xE6FC, 0xE6FC, 0xE6FC, 0xE6FC, 0xE6FC, 0xE6FC, 0xE6FC, 0xE6FC, 0xE6FC,
    0xE6FC, 0xE6FC, 0xE6FC, 0xE6FC, 0xE6FC, 0xE6FC, 0xE6FC, 0xE6FC, 0xE6FC, 0xE6FC, 0xE6FC, 0xE6FC, 0xE6FC, 0xE6FC, 0xE6FC, 0xE6FC,
    0xE6FC, 0xE6FC, 0xE6FC, 0xE6FC, 0xAD55, 0x0000, 0x0000, 0x0000, 0x0000, 0x0000, 0x0000, 0x0000, 0x0000, 0x0000, 0x0000, 0x2965,
    0x8C72, 0x8C72, 0x8C72, 0x8C72, 0x8C72, 0x8C72, 0x8C72, 0x8C72, 0x8C72, 0x8C72, 0x8C72, 0x8C72, 0x8C72, 0x8C72, 0x8C72, 0x8C72,
    0x8C72, 0x8C72, 0x8C72, 0x8C72, 0x8C72, 0x8C72, 0x8C72, 0x8C72, 0x8C72, 0x8C72, 0x8C72, 0x8C72, 0x8C72, 0x8C72, 0x8C72, 0x8C72,
    0x8C72, 0x8C72, 0x8C72, 0x8C72, 0x8C72, 0x8C72, 0x8C72, 0x8C72, 0x8C72, 0x8C72, 0x8C72, 0x8C72, 0x8C72, 0x8C72, 0x8C72, 0x8C72,
    0x8C72, 0x8C72, 0x8C72, 0x8C72, 0x8C72, 0x8C72, 0x8C72, 0x8C72, 0x8C72, 0x8C72, 0x8C72, 0x8C72, 0x8C72, 0x8C72, 0x8C72, 0x8C72,
    0x8C72, 0x8C72, 0x8C72, 0x8C72, 0x8C72, 0x8C72, 0x8C72, 0x8C72, 0x8C72, 0x8C72, 0x8C72, 0x8C72, 0x8C72, 0x8C72, 0x8C72, 0x8C72,
    0x8C72, 0x8C72, 0x8C72, 0x8C72, 0x8C72, 0x8C72, 0x8C72, 0x8C72, 0x8C72, 0x8C72, 0x8C72, 0x8C72, 0x8C72, 0x8C72, 0x8C72, 0x8C72,
    0x8C72, 0x8C72, 0x8C72, 0x8C72, 0x8C72, 0x8C72, 0x8C72, 0x8C72, 0x8C72, 0x8C72, 0x8C72, 0x8C72, 0x8C72, 0x8C72, 0x8C72, 0x8C72,
    0x8C72, 0x8C72, 0x8C72, 0x8C72, 0x8C72, 0x8C72, 0x8C72, 0x8C72, 0x8C72, 0x8C72, 0x8C72, 0x8C72, 0x8C72, 0x8C72, 0x8C72, 0x8C72,
    0x8C72, 0x8C72, 0x8C72, 0x8C72, 0x8C72, 0x8C72, 0x8C72, 0x8C72, 0x8C72, 0x8C72, 0x8C72, 0x8C72, 0x8C72, 0x8C72, 0x8C72, 0x8C72,
    0x8C72, 0x8C72, 0x8C72, 0x8C72, 0x8C72, 0x8C72, 0x8C72, 0x8C72, 0x8C72, 0x8C72, 0x8C72, 0x8C72, 0x8C72, 0x8C72, 0x8C72, 0x8C72,
    0x8C72, 0x8C72, 0x8C72, 0x8C72, 0x8C72, 0x8C72, 0x8C72, 0x8C72, 0x8C72, 0x8C72, 0x8C72, 0x8C72, 0x8C72, 0x8C72, 0x8C72, 0x8C72,
    0x8C72, 0x8C72, 0x8C72, 0x8C72, 0x8C72, 0x8C72, 0x8C72, 0x8C72, 0x8C72, 0x8C72, 0x8C72, 0x8C72, 0x8C72, 0x8C72, 0x8C72, 0x8C72,
    0x8C72, 0x2965, 0x0000, 0x0000, 0x0000, 0x0000, 0x0000, 0x0000, 0x0000, 0x0000, 0x0000, 0x0000, 0xAD55, 0xE6FC, 0xE6FC, 0xE6FC,
    0xE6FC, 0xE6FC, 0xE6FC, 0xE6FC, 0xE6FC, 0xE6FC, 0xE6FC, 0xE6FC, 0xE6FC, 0xE6FC, 0xE6FC, 0xE6FC, 0xE6FC, 0xE6FC, 0xE6FC, 0xE6FC,
    0xE6FC, 0xE6FC, 0xE6FC, 0xE6FC, 0xE6FC, 0xE6FC, 0xE6FC, 0xE6FC, 0xE6FC, 0xE6FC, 0xE6FC, 0xE6FC, 0xE6FC, 0xE6FC, 0xE6FC, 0xE6FC,
    0xE6FC, 0xE6FC, 0xE6FC, 0xE6FC, 0xE6FC, 0xE6FC, 0xE6FC, 0xE6FC, 0xE6FC, 0xE6FC, 0xE6FC, 0xE6FC, 0xE6FC, 0xE6FC, 0xE6FC, 0xE6FC,
    0xE6FC, 0xE6FC, 0xE6FC, 0xE6FC, 0xE6FC, 0xE6FC, 0xE6FC, 0xE6FC, 0xE6FC, 0xE6FC, 0xE6FC, 0xE6FC, 0xE6FC, 0xE6FC, 0xE6FC, 0xE6FC,
    0xE6FC, 0xE6FC, 0xE6FC, 0xE6FC, 0xE6FC, 0xE6FC, 0xE6FC, 0xE6FC, 0xE6FC, 0xE6FC, 0xE6FC, 0xE6FC, 0xE6FC, 0xE6FC, 0xE6FC, 0xD659,
    0x2965, 0x0000, 0x0000, 0x0000, 0x0000, 0x0000, 0x0000, 0x0000, 0x0000, 0x0000, 0x0000, 0x7BEF, 0x8C72, 0x8C72, 0x8C72, 0x8C72,
    0x8C72, 0x8C72, 0x8C72, 0x8C72, 0x8C72, 0x8C72, 0x8C72, 0x8C72, 0x8C72, 0x8C72, 0x8C72, 0x8C72, 0x8C72, 0x8C72, 0x8C72, 0x8C72,
    0x8C72, 0x8C72, 0x8C72, 0x8C72, 0x8C72, 0x8C72, 0x8C72, 0x8C72, 0x8C72, 0x8C72, 0x8C72, 0x8C72, 0x8C72, 0x8C72, 0x8C72, 0x8C72,
    0x8C72, 0x8C72, 0x8C72, 0x8C72, 0x8C72, 0x8C72, 0x8C72, 0x8C72, 0x8C72, 0x8C72, 0x8C72, 0x8C72, 0x8C72, 0x8C72, 0x8C72, 0x8C72,
    0x8C72, 0x8C72, 0x8C72, 0x8C72, 0x8C72, 0x8C72, 0x8C72, 0x8C72, 0x8C72, 0x8C72, 0x8C72, 0x8C72, 0x8C72, 0x8C72, 0x8C72, 0x8C72,
    0x8C72, 0x8C72, 0x8C72, 0x8C72, 0x8C72, 0x8C72, 0x8C72, 0x8C72, 0x8C72, 0x8C72, 0x8C72, 0x8C72, 0x8C72, 0x8C72, 0x8C72, 0x8C72,
    0x8C72, 0x8C72, 0x8C72, 0x8C72, 0x8C72, 0x8C72, 0x8C72, 0x8C72, 0x8C72, 0x8C72, 0x8C72, 0x8C72, 0x8C72, 0x8C72, 0x8C72, 0x8C72,
    0x8C72, 0x8C72, 0x8C72, 0x8C72, 0x8C72, 0x8C72, 0x8C72, 0x8C72, 0x8C72, 0x8C72, 0x8C72, 0x8C72, 0x8C72, 0x8C72, 0x8C72, 0x8C72,
    0x8C72, 0x8C72, 0x8C72, 0x8C72, 0x8C72, 0x8C72, 0x8C72, 0x8C72, 0x8C72, 0x8C72, 0x8C72, 0x8C72, 0x8C72, 0x8C72, 0x8C72, 0x8C72,
    0x8C72, 0x8C72, 0x8C72, 0x8C72, 0x8C72, 0x8C72, 0x8C72, 0x8C72, 0x8C72, 0x8C72, 0x8C72, 0x8C72, 0x8C72, 0x8C72, 0x8C72, 0x8C72,
    0x8C72, 0x8C72, 0x8C72, 0x8C72, 0x8C72, 0x8C72, 0x8C72, 0x8C72, 0x8C72, 0x8C72, 0x8C72, 0x8C72, 0x8C72, 0x8C72, 0x8C72, 0x8C72,
    0x8C72, 0x8C72, 0x8C72, 0x8C72, 0x8C72, 0x8C72, 0x8C72, 0x8C72, 0x8C72, 0x8C72, 0x8C72, 0x8C72, 0x8C72, 0x8C72, 0x8C72, 0x8C72,
    0x8C72, 0x8C72, 0x8C72, 0x8C72, 0x8C72, 0x8C72, 0x8C72, 0x8C72, 0x8C72, 0x8C72, 0x8C72, 0x8C72, 0x8C72, 0x7BEF, 0x0000, 0x0000,
    0x0000, 0x0000, 0x0000, 0x0000, 0x0000, 0x0000, 0x0000, 0x0000, 0x2965, 0xD659, 0xE6FC, 0xE6FC, 0xE6FC, 0xE6FC, 0xE6FC, 0xE6FC,
    0xE6FC, 0xE6FC, 0xE6FC, 0xE6FC, 0xE6FC, 0xE6FC, 0xE6FC, 0xE6FC, 0xE6FC, 0xE6FC, 0xE6FC, 0xE6FC, 0xE6FC, 0xE6FC, 0xE6FC, 0xE6FC,
    0xE6FC, 0xE6FC, 0xE6FC, 0xE6FC, 0xE6FC, 0xE6FC, 0xE6FC, 0xE6FC, 0xE6FC, 0xE6FC, 0xE6FC, 0xE6FC, 0xE6FC, 0xE6FC, 0xE6FC, 0xE6FC,
    0xE6FC, 0xE6FC, 0xE6FC, 0xE6FC, 0xE6FC, 0xE6FC, 0xE6FC, 0xE6FC, 0xE6FC, 0xE6FC, 0xE6FC, 0xE6FC, 0xE6FC, 0xE6FC, 0xE6FC, 0xE6FC,
    0xE6FC, 0xE6FC, 0xE6FC, 0xE6FC, 0xE6FC, 0xE6FC, 0xE6FC, 0xE6FC, 0xE6FC, 0xE6FC, 0xE6FC, 0xE6FC, 0xE6FC, 0xE6FC, 0xE6FC, 0xE6FC,
    0xE6FC, 0xE6FC, 0xE6FC, 0xE6FC, 0xE6FC, 0xE6FC, 0xE6FC, 0xE6FC, 0xE6FC, 0xE6FC, 0xE6FC, 0x6B4D, 0x0000, 0x0000, 0x0000, 0x0000,
    0x0000, 0x0000, 0x0000, 0x0000, 0x0000, 0x0000, 0x4A49, 0x8C72, 0x8C72, 0x8C72, 0x8C72, 0x8C72, 0x8C72, 0x8C72, 0x8C72, 0x8C72,
    0x8C72, 0x8C72, 0x8C72, 0x8C72, 0x8C72, 0x8C72, 0x8C72, 0x8C72, 0x8C72, 0x8C72, 0x8C72, 0x8C72, 0x8C72, 0x8C72, 0x8C72, 0x8C72,
    0x8C72, 0x8C72, 0x8C72, 0x8C72, 0x8C72, 0x8C72, 0x8C72, 0x8C72, 0x8C72, 0x8C72, 0x8C72, 0x8C72, 0x8C72, 0x8C72, 0x8C72, 0x8C72,
    0x8C72, 0x8C72, 0x8C72, 0x8C72, 0x8C72, 0x8C72, 0x8C72, 0x8C72, 0x8C72, 0x8C72, 0x8C72, 0x8C72, 0x8C72, 0x8C72, 0x8C72, 0x8C72,
    0x8C72, 0x8C72, 0x8C72, 0x8C72, 0x8C72, 0x8C72, 0x8C72, 0x8C72, 0x8C72, 0x8C72, 0x8C72, 0x8C72, 0x8C72, 0x8C72, 0x8C72, 0x8C72,
    0x8C72, 0x8C72, 0x8C72, 0x8C72, 0x8C72, 0x8C72, 0x8C72, 0x8C72, 0x8C72, 0x8C72, 0x8C72, 0x8C72, 0x8C72, 0x8C72, 0x8C72, 0x8C72,
    0x8C72, 0x8C72, 0x8C72, 0x8C72, 0x8C72, 0x8C72, 0x8C72, 0x8C72, 0x8C72, 0x8C72, 0x8C72, 0x8C72, 0x8C72, 0x8C72, 0x8C72, 0x8C72,
    0x8C72, 0x8C72, 0x8C72, 0x8C72, 0x8C72, 0x8C72, 0x8C72, 0x8C72, 0x8C72, 0x8C72, 0x8C72, 0x8C72, 0x8C72, 0x8C72, 0x8C72, 0x8C72,
    0x8C72, 0x8C72, 0x8C72, 0x8C72, 0x8C72, 0x8C72, 0x8C72, 0x8C72, 0x8C72, 0x8C72, 0x8C72, 0x8C72, 0x8C72, 0x8C72, 0x8C72, 0x8C72,
    0x8C72, 0x8C72, 0x8C72, 0x8C72, 0x8C72, 0x8C72, 0x8C72, 0x8C72, 0x8C72, 0x8C72, 0x8C72, 0x8C72, 0x8C72, 0x8C72, 0x8C72, 0x8C72,
    0x8C72, 0x8C72, 0x8C72, 0x8C72, 0x8C72, 0x8C72, 0x8C72, 0x8C72, 0x8C72, 0x8C72, 0x8C72, 0x8C72, 0x8C72, 0x8C72, 0x8C72, 0x8C72,
    0x8C72, 0x8C72, 0x8C72, 0x8C72, 0x8C72, 0x8C72, 0x8C72, 0x8C72, 0x8C72, 0x8C72, 0x8C72, 0x8C72, 0x8C72, 0x8C72, 0x8C72, 0x8C72,
    0x8C72, 0x8C72, 0x8C72, 0x8C72, 0x8C72, 0x8C72, 0x8C72, 0x8C72, 0x8C72, 0x8C72, 0x4A49, 0x0000, 0x0000, 0x0000, 0x0000, 0x0000,
    0x0000, 0x0000, 0x0000, 0x0000, 0x0000, 0x6B4D, 0xE6FC, 0xE6FC, 0xE6FC, 0xE6FC, 0xE6FC, 0xE6FC, 0xE6FC, 0xE6FC, 0xE6FC, 0xE6FC,
    0xE6FC, 0xE6FC, 0xE6FC, 0xE6FC, 0xE6FC, 0xE6FC, 0xE6FC, 0xE6FC, 0xE6FC, 0xE6FC, 0xE6FC, 0xE6FC, 0xE6FC, 0xE6FC, 0xE6FC, 0xE6FC,
    0xE6FC, 0xE6FC, 0xE6FC, 0xE6FC, 0xE6FC, 0xE6FC, 0xE6FC, 0xE6FC, 0xE6FC, 0xE6FC, 0xE6FC, 0xE6FC, 0xE6FC, 0xE6FC, 0xE6FC, 0xE6FC,
    0xE6FC, 0xE6FC, 0xE6FC, 0xE6FC, 0xE6FC, 0xE6FC, 0xE6FC, 0xE6FC, 0xE6FC, 0xE6FC, 0xE6FC, 0xE6FC, 0xE6FC, 0xE6FC, 0xE6FC, 0xE6FC,
    0xE6FC, 0xE6FC, 0xE6FC, 0xE6FC, 0xE6FC, 0xE6FC, 0xE6FC, 0xE6FC, 0xE6FC, 0xE6FC, 0xE6FC, 0xE6FC, 0xE6FC, 0xE6FC, 0xE6FC, 0xE6FC,
    0xE6FC, 0xE6FC, 0xE6FC, 0xE6FC, 0xE6FC, 0xE6FC, 0xAD55, 0x0000, 0x0000, 0x0000, 0x0000, 0x0000, 0x0000, 0x0000, 0x0000, 0x0000,
    0x0000, 0x2965, 0x8C72, 0x8C72, 0x8C72, 0x8C72, 0x8C72, 0x8C72, 0x8C72, 0x8C72, 0x8C72, 0x8C72, 0x8C72, 0x8C72, 0x8C72, 0x8C72,
    0x8C72, 0x8C72, 0x8C72, 0x8C72, 0x8C72, 0x8C72, 0x8C72, 0x8C72, 0x8C72, 0x8C72, 0x8C72, 0x8C72, 0x8C72, 0x8C72, 0x8C72, 0x8C72,
    0x8C72, 0x8C72, 0x8C72, 0x8C72, 0x8C72, 0x8C72, 0x8C72, 0x8C72, 0x8C72, 0x8C72, 0x8C72, 0x8C72, 0x8C72, 0x8C72, 0x8C72, 0x8C72,
    0x8C72, 0x8C72, 0x8C72, 0x8C72, 0x8C72, 0x8C72, 0x8C72, 0x8C72, 0x8C72, 0x8C72, 0x8C72, 0x8C72, 0x8C72, 0x8C72, 0x8C72, 0x8C72,
    0x8C72, 0x8C72, 0x8C72, 0x8C72, 0x8C72, 0x8C72, 0x8C72, 0x8C72, 0x8C72, 0x8C72, 0x8C72, 0x8C72, 0x8C72, 0x8C72, 0x8C72, 0x8C72,
    0x8C72, 0x8C72, 0x8C72, 0x8C72, 0x8C72, 0x8C72, 0x8C72, 0x8C72, 0x8C72, 0x8C72, 0x8C72, 0x8C72, 0x8C72, 0x8C72, 0x8C72, 0x8C72,
    0x8C72, 0x8C72, 0x8C72, 0x8C72, 0x8C72, 0x8C72, 0x8C72, 0x8C72, 0x8C72, 0x8C72, 0x8C72, 0x8C72, 0x8C72, 0x8C72, 0x8C72, 0x8C72,
    0x8C72, 0x8C72, 0x8C72, 0x8C72, 0x8C72, 0x8C72, 0x8C72, 0x8C72, 0x8C72, 0x8C72, 0x8C72, 0x8C72, 0x8C72, 0x8C72, 0x8C72, 0x8C72,
    0x8C72, 0x8C72, 0x8C72, 0x8C72, 0x8C72, 0x8C72, 0x8C72, 0x8C72, 0x8C72, 0x8C72, 0x8C72, 0x8C72, 0x8C72, 0x8C72, 0x8C72, 0x8C72,
    0x8C72, 0x8C72, 0x8C72, 0x8C72, 0x8C72, 0x8C72, 0x8C72, 0x8C72, 0x8C72, 0x8C72, 0x8C72, 0x8C72, 0x8C72, 0x8C72, 0x8C72, 0x8C72,
    0x8C72, 0x8C72, 0x8C72, 0x8C72, 0x8C72, 0x8C72, 0x8C72, 0x8C72, 0x8C72, 0x8C72, 0x8C72, 0x8C72, 0x8C72, 0x8C72, 0x8C72, 0x8C72,
    0x8C72, 0x8C72, 0x8C72, 0x8C72, 0x8C72, 0x8C72, 0x8C72, 0x8C72, 0x8C72, 0x8C72, 0x8C72, 0x8C72, 0x8C72, 0x8C72, 0x8C72, 0x8C72,
    0x8C72, 0x8C72, 0x8C72, 0x8C72, 0x8C72, 0x8C72, 0x8C72, 0x2965, 0x0000, 0x0000, 0x0000, 0x0000, 0x0000, 0x0000, 0x0000, 0x0000,
    0x0000, 0x0000, 0xAD55, 0xE6FC, 0xE6FC, 0xE6FC, 0xE6FC, 0xE6FC, 0xE6FC, 0xE6FC, 0xE6FC, 0xE6FC, 0xE6FC, 0xE6FC, 0xE6FC, 0xE6FC,
    0xE6FC, 0xE6FC, 0xE6FC, 0xE6FC, 0xE6FC, 0xE6FC, 0xE6FC, 0xE6FC, 0xE6FC, 0xE6FC, 0xE6FC, 0xE6FC, 0xE6FC, 0xE6FC, 0xE6FC, 0xE6FC,
    0xE6FC, 0xE6FC, 0xE6FC, 0xE6FC, 0xE6FC, 0xE6FC, 0xE6FC, 0xE6FC, 0xE6FC, 0xE6FC, 0xE6FC, 0xE6FC, 0xE6FC, 0xE6FC, 0xE6FC, 0xE6FC,
    0xE6FC, 0xE6FC, 0xE6FC, 0xE6FC, 0xE6FC, 0xE6FC, 0xE6FC, 0xE6FC, 0xE6FC, 0xE6FC, 0xE6FC, 0xE6FC, 0xE6FC, 0xE6FC, 0xE6FC, 0xE6FC,
    0xE6FC, 0xE6FC, 0xE6FC, 0xE6FC, 0xE6FC, 0xE6FC, 0xE6FC, 0xE6FC, 0xE6FC, 0xE6FC, 0xE6FC, 0xE6FC, 0xE6FC, 0xE6FC, 0xE6FC, 0xE6FC,
    0xE6FC, 0xD659, 0x2965, 0x0000, 0x0000, 0x0000, 0x0000, 0x0000, 0x0000, 0x0000, 0x0000, 0x0000, 0x0000, 0x7BEF, 0x8C72, 0x8C72,
    0x8C72, 0x8C72, 0x8C72, 0x8C72, 0x8C72, 0x8C72, 0x8C72, 0x8C72, 0x8C72, 0x8C72, 0x8C72, 0x8C72, 0x8C72, 0x8C72, 0x8C72, 0x8C72,
    0x8C72, 0x8C72, 0x8C72, 0x8C72, 0x8C72, 0x8C72, 0x8C72, 0x8C72, 0x8C72, 0x8C72, 0x8C72, 0x8C72, 0x8C72, 0x8C72, 0x8C72, 0x8C72,
    0x8C72, 0x8C72, 0x8C72, 0x8C72, 0x8C72, 0x8C72, 0x8C72, 0x8C72, 0x8C72, 0x8C72, 0x8C72, 0x8C72, 0x8C72, 0x8C72, 0x8C72, 0x8C72,
    0x8C72, 0x8C72, 0x8C72, 0x8C72, 0x8C72, 0x8C72, 0x8C72, 0x8C72, 0x8C72, 0x8C72, 0x8C72, 0x8C72, 0x8C72, 0x8C72, 0x8C72, 0x8C72,
    0x8C72, 0x8C72, 0x8C72, 0x8C72, 0x8C72, 0x8C72, 0x8C72, 0x8C72, 0x8C72, 0x8C72, 0x8C72, 0x8C72, 0x8C72, 0x8C72, 0x8C72, 0x8C72,
    0x8C72, 0x8C72, 0x8C72, 0x8C72, 0x8C72, 0x8C72, 0x8C72, 0x8C72, 0x8C72, 0x8C72, 0x8C72, 0x8C72, 0x8C72, 0x8C72, 0x8C72, 0x8C72,
    0x8C72, 0x8C72, 0x8C72, 0x8C72, 0x8C72, 0x8C72, 0x8C72, 0x8C72, 0x8C72, 0x8C72, 0x8C72, 0x8C72, 0x8C72, 0x8C72, 0x8C72, 0x8C72,
    0x8C72, 0x8C72, 0x8C72, 0x8C72, 0x8C72, 0x8C72, 0x8C72, 0x8C72, 0x8C72, 0x8C72, 0x8C72, 0x8C72, 0x8C72, 0x8C72, 0x8C72, 0x8C72,
    0x8C72, 0x8C72, 0x8C72, 0x8C72, 0x8C72, 0x8C72, 0x8C72, 0x8C72, 0x8C72, 0x8C72, 0x8C72, 0x8C72, 0x8C72, 0x8C72, 0x8C72, 0x8C72,
    0x8C72, 0x8C72, 0x8C72, 0x8C72, 0x8C72, 0x8C72, 0x8C72, 0x8C72, 0x8C72, 0x8C72, 0x8C72, 0x8C72, 0x8C72, 0x8C72, 0x8C72, 0x8C72,
    0x8C72, 0x8C72, 0x8C72, 0x8C72, 0x8C72, 0x8C72, 0x8C72, 0x8C72, 0x8C72, 0x8C72, 0x8C72, 0x8C72, 0x8C72, 0x8C72, 0x8C72, 0x8C72,
    0x8C72, 0x8C72, 0x8C72, 0x8C72, 0x8C72, 0x8C72, 0x8C72, 0x8C72, 0x8C72, 0x8C72, 0x8C72, 0x8C72, 0x8C72, 0x8C72, 0x8C72, 0x8C72,
    0x8C72, 0x8C72, 0x8C72, 0x7BEF, 0x0000, 0x0000, 0x0000, 0x0000, 0x0000, 0x0000, 0x0000, 0x0000, 0x0000, 0x0000, 0x2965, 0xD659,
    0xE6FC, 0xE6FC, 0xE6FC, 0xE6FC, 0xE6FC, 0xE6FC, 0xE6FC, 0xE6FC, 0xE6FC, 0xE6FC, 0xE6FC, 0xE6FC, 0xE6FC, 0xE6FC, 0xE6FC, 0xE6FC,
    0xE6FC, 0xE6FC, 0xE6FC, 0xE6FC, 0xE6FC, 0xE6FC, 0xE6FC, 0xE6FC, 0xE6FC, 0xE6FC, 0xE6FC, 0xE6FC, 0xE6FC, 0xE6FC, 0xE6FC, 0xE6FC,
    0xE6FC, 0xE6FC, 0xE6FC, 0xE6FC, 0xE6FC, 0xE6FC, 0xE6FC, 0xE6FC, 0xE6FC, 0xE6FC, 0xE6FC, 0xE6FC, 0xE6FC, 0xE6FC, 0xE6FC, 0xE6FC,
    0xE6FC, 0xE6FC, 0xE6FC, 0xE6FC, 0xE6FC, 0xE6FC, 0xE6FC, 0xE6FC, 0xE6FC, 0xE6FC, 0xE6FC, 0xE6FC, 0xE6FC, 0xE6FC, 0xE6FC, 0xE6FC,
    0xE6FC, 0xE6FC, 0xE6FC, 0xE6FC, 0xE6FC, 0xE6FC, 0xE6FC, 0xE6FC, 0xE6FC, 0xE6FC, 0xE6FC, 0xE6FC, 0xE6FC, 0x6B4D, 0x0000, 0x0000,
    0x0000, 0x0000, 0x0000, 0x0000, 0x0000, 0x0000, 0x0000, 0x0000, 0x4A49, 0x8C72, 0x8C72, 0x8C72, 0x8C72, 0x8C72, 0x8C72, 0x8C72,
    0x8C72, 0x8C72, 0x8C72, 0x8C72, 0x8C72, 0x8C72, 0x8C72, 0x8C72, 0x8C72, 0x8C72, 0x8C72, 0x8C72, 0x8C72, 0x8C72, 0x8C72, 0x8C72,
    0x8C72, 0x8C72, 0x8C72, 0x8C72, 0x8C72, 0x8C72, 0x8C72, 0x8C72, 0x8C72, 0x8C72, 0x8C72, 0x8C72, 0x8C72, 0x8C72, 0x8C72, 0x8C72,
    0x8C72, 0x8C72, 0x8C72, 0x8C72, 0x8C72, 0x8C72, 0x8C72, 0x8C72, 0x8C72, 0x8C72, 0x8C72, 0x8C72, 0x8C72, 0x8C72, 0x8C72, 0x8C72,
    0x8C72, 0x8C72, 0x8C72, 0x8C72, 0x8C72, 0x8C72, 0x8C72, 0x8C72, 0x8C72, 0x8C72, 0x8C72, 0x8C72, 0x8C72, 0x8C72, 0x8C72, 0x8C72,
    0x8C72, 0x8C72, 0x8C72, 0x8C72, 0x8C72, 0x8C72, 0x8C72, 0x8C72, 0x8C72, 0x8C72, 0x8C72, 0x8C72, 0x8C72, 0x8C72, 0x8C72, 0x8C72,
    0x8C72, 0x8C72, 0x8C72, 0x8C72, 0x8C72, 0x8C72, 0x8C72, 0x8C72, 0x8C72, 0x8C72, 0x8C72, 0x8C72, 0x8C72, 0x8C72, 0x8C72, 0x8C72,
    0x8C72, 0x8C72, 0x8C72, 0x8C72, 0x8C72, 0x8C72, 0x8C72, 0x8C72, 0x8C72, 0x8C72, 0x8C72, 0x8C72, 0x8C72, 0x8C72, 0x8C72, 0x8C72,
    0x8C72, 0x8C72, 0x8C72, 0x8C72, 0x8C72, 0x8C72, 0x8C72, 0x8C72, 0x8C72, 0x8C72, 0x8C72, 0x8C72, 0x8C72, 0x8C72, 0x8C72, 0x8C72,
    0x8C72, 0x8C72, 0x8C72, 0x8C72, 0x8C72, 0x8C72, 0x8C72, 0x8C72, 0x8C72, 0x8C72, 0x8C72, 0x8C72, 0x8C72, 0x8C72, 0x8C72, 0x8C72,
    0x8C72, 0x8C72, 0x8C72, 0x8C72, 0x8C72, 0x8C72, 0x8C72, 0x8C72, 0x8C72, 0x8C72, 0x8C72, 0x8C72, 0x8C72, 0x8C72, 0x8C72, 0x8C72,
    0x8C72, 0x8C72, 0x8C72, 0x8C72, 0x8C72, 0x8C72, 0x8C72, 0x8C72, 0x8C72, 0x8C72, 0x8C72, 0x8C72, 0x8C72, 0x8C72, 0x8C72, 0x8C72,
    0x8C72, 0x8C72, 0x8C72, 0x8C72, 0x8C72, 0x8C72, 0x8C72, 0x8C72, 0x8C72, 0x8C72, 0x8C72, 0x8C72, 0x8C72, 0x8C72, 0x8C72, 0x8C72,
    0x4A49, 0x0000, 0x0000, 0x0000, 0x0000, 0x0000, 0x0000, 0x0000, 0x0000, 0x0000, 0x0000, 0x6B4D, 0xE6FC, 0xE6FC, 0xE6FC, 0xE6FC,
    0xE6FC, 0xE6FC, 0xE6FC, 0xE6FC, 0xE6FC, 0xE6FC, 0xE6FC, 0xE6FC, 0xE6FC, 0xE6FC, 0xE6FC, 0xE6FC, 0xE6FC, 0xE6FC, 0xE6FC, 0xE6FC,
    0xE6FC, 0xE6FC, 0xE6FC, 0xE6FC, 0xE6FC, 0xE6FC, 0xE6FC, 0xE6FC, 0xE6FC, 0xE6FC, 0xE6FC, 0xE6FC, 0xE6FC, 0xE6FC, 0xE6FC, 0xE6FC,
    0xE6FC, 0xE6FC, 0xE6FC, 0xE6FC, 0xE6FC, 0xE6FC, 0xE6FC, 0xE6FC, 0xE6FC, 0xE6FC, 0xE6FC, 0xE6FC, 0xE6FC, 0xE6FC, 0xE6FC, 0xE6FC,
    0xE6FC, 0xE6FC, 0xE6FC, 0xE6FC, 0xE6FC, 0xE6FC, 0xE6FC, 0xE6FC, 0xE6FC, 0xE6FC, 0xE6FC, 0xE6FC, 0xE6FC, 0xE6FC, 0xE6FC, 0xE6FC,
    0xE6FC, 0xE6FC, 0xE6FC, 0xE6FC, 0xE6FC, 0xE6FC, 0xE6FC, 0xE6FC, 0xAD55, 0x0000, 0x0000, 0x0000, 0x0000, 0x0000, 0x0000, 0x0000,
    0x0000, 0x0000, 0x0000, 0x2965, 0x8C72, 0x8C72, 0x8C72, 0x8C72, 0x8C72, 0x8C72, 0x8C72, 0x8C72, 0x8C72, 0x8C72, 0x8C72, 0x8C72,
    0x8C72, 0x8C72, 0x8C72, 0x8C72, 0x8C72, 0x8C72, 0x8C72, 0x8C72, 0x8C72, 0x8C72, 0x8C72, 0x8C72, 0x8C72, 0x8C72, 0x8C72, 0x8C72,
    0x8C72, 0x8C72, 0x8C72, 0x8C72, 0x8C72, 0x8C72, 0x8C72, 0x8C72, 0x8C72, 0x8C72, 0x8C72, 0x8C72, 0x8C72, 0x8C72, 0x8C72, 0x8C72,
    0x8C72, 0x8C72, 0x8C72, 0x8C72, 0x8C72, 0x8C72, 0x8C72, 0x8C72, 0x8C72, 0x8C72, 0x8C72, 0x8C72, 0x8C72, 0x8C72, 0x8C72, 0x8C72,
    0x8C72, 0x8C72, 0x8C72, 0x8C72, 0x8C72, 0x8C72, 0x8C72, 0x8C72, 0x8C72, 0x8C72, 0x8C72, 0x8C72, 0x8C72, 0x8C72, 0x8C72, 0x8C72,
    0x8C72, 0x8C72, 0x8C72, 0x8C72, 0x8C72, 0x8C72, 0x8C72, 0x8C72, 0x8C72, 0x8C72, 0x8C72, 0x8C72, 0x8C72, 0x8C72, 0x8C72, 0x8C72,
    0x8C72, 0x8C72, 0x8C72, 0x8C72, 0x8C72, 0x8C72, 0x8C72, 0x8C72, 0x8C72, 0x8C72, 0x8C72, 0x8C72, 0x8C72, 0x8C72, 0x8C72, 0x8C72,
    0x8C72, 0x8C72, 0x8C72, 0x8C72, 0x8C72, 0x8C72, 0x8C72, 0x8C72, 0x8C72, 0x8C72, 0x8C72, 0x8C72, 0x8C72, 0x8C72, 0x8C72, 0x8C72,
    0x8C72, 0x8C72, 0x8C72, 0x8C72, 0x8C72, 0x8C72, 0x8C72, 0x8C72, 0x8C72, 0x8C72, 0x8C72, 0x8C72, 0x8C72, 0x8C72, 0x8C72, 0x8C72,
    0x8C72, 0x8C72, 0x8C72, 0x8C72, 0x8C72, 0x8C72, 0x8C72, 0x8C72, 0x8C72, 0x8C72, 0x8C72, 0x8C72, 0x8C72, 0x8C72, 0x8C72, 0x8C72,
    0x8C72, 0x8C72, 0x8C72, 0x8C72, 0x8C72, 0x8C72, 0x8C72, 0x8C72, 0x8C72, 0x8C72, 0x8C72, 0x8C72, 0x8C72, 0x8C72, 0x8C72, 0x8C72,
    0x8C72, 0x8C72, 0x8C72, 0x8C72, 0x8C72, 0x8C72, 0x8C72, 0x8C72, 0x8C72, 0x8C72, 0x8C72, 0x8C72, 0x8C72, 0x8C72, 0x8C72, 0x8C72,
    0x8C72, 0x8C72, 0x8C72, 0x8C72, 0x8C72, 0x8C72, 0x8C72, 0x8C72, 0x8C72, 0x8C72, 0x8C72, 0x8C72, 0x8C72, 0x2965, 0x0000, 0x0000,
    0x0000, 0x0000, 0x0000, 0x0000, 0x0000, 0x0000, 0x0000, 0x0000, 0xAD55, 0xE6FC, 0xE6FC, 0xE6FC, 0xE6FC, 0xE6FC, 0xE6FC, 0xE6FC,
    0xE6FC, 0xE6FC, 0xE6FC, 0xE6FC, 0xE6FC, 0xE6FC, 0xE6FC, 0xE6FC, 0xE6FC, 0xE6FC, 0xE6FC, 0xE6FC, 0xE6FC, 0xE6FC, 0xE6FC, 0xE6FC,
    0xE6FC, 0xE6FC, 0xE6FC, 0xE6FC, 0xE6FC, 0xE6FC, 0xE6FC, 0xE6FC, 0xE6FC, 0xE6FC, 0xE6FC, 0xE6FC, 0xE6FC, 0xE6FC, 0xE6FC, 0xE6FC,
    0xE6FC, 0xE6FC, 0xE6FC, 0xE6FC, 0xE6FC, 0xE6FC, 0xE6FC, 0xE6FC, 0xE6FC, 0xE6FC, 0xE6FC, 0xE6FC, 0xE6FC, 0xE6FC, 0xE6FC, 0xE6FC,
    0xE6FC, 0xE6FC, 0xE6FC, 0xE6FC, 0xE6FC, 0xE6FC, 0xE6FC, 0xE6FC, 0xE6FC, 0xE6FC, 0xE6FC, 0xE6FC, 0xE6FC, 0xE6FC, 0xE6FC, 0xE6FC,
    0xE6FC, 0xE6FC, 0xE6FC, 0xD659, 0x2965, 0x0000, 0x0000, 0x0000, 0x0000, 0x0000, 0x0000, 0x0000, 0x0000, 0x0000, 0x0000, 0x8C51,
    0x8C72, 0x8C72, 0x8C72, 0x8C72, 0x8C72, 0x8C72, 0x8C72, 0x8C72, 0x8C72, 0x8C72, 0x8C72, 0x8C72, 0x8C72, 0x8C72, 0x8C72, 0x8C72,
    0x8C72, 0x8C72, 0x8C72, 0x8C72, 0x8C72, 0x8C72, 0x8C72, 0x8C72, 0x8C72, 0x8C72, 0x8C72, 0x8C72, 0x8C72, 0x8C72, 0x8C72, 0x8C72,
    0x8C72, 0x8C72, 0x8C72, 0x8C72, 0x8C72, 0x8C72, 0x8C72, 0x8C72, 0x8C72, 0x8C72, 0x8C72, 0x8C72, 0x8C72, 0x8C72, 0x8C72, 0x8C72,
    0x8C72, 0x8C72, 0x8C72, 0x8C72, 0x8C72, 0x8C72, 0x8C72, 0x8C72, 0x8C72, 0x8C72, 0x8C72, 0x8C72, 0x8C72, 0x8C72, 0x8C72, 0x8C72,
    0x8C72, 0x8C72, 0x8C72, 0x8C72, 0x8C72, 0x8C72, 0x8C72, 0x8C72, 0x8C72, 0x8C72, 0x8C72, 0x8C72, 0x8C72, 0x8C72, 0x8C72, 0x8C72,
    0x8C72, 0x8C72, 0x8C72, 0x8C72, 0x8C72, 0x8C72, 0x8C72, 0x8C72, 0x8C72, 0x8C72, 0x8C72, 0x8C72, 0x8C72, 0x8C72, 0x8C72, 0x8C72,
    0x8C72, 0x8C72, 0x8C72, 0x8C72, 0x8C72, 0x8C72, 0x8C72, 0x8C72, 0x8C72, 0x8C72, 0x8C72, 0x8C72, 0x8C72, 0x8C72, 0x8C72, 0x8C72,
    0x8C72, 0x8C72, 0x8C72, 0x8C72, 0x8C72, 0x8C72, 0x8C72, 0x8C72, 0x8C72, 0x8C72, 0x8C72, 0x8C72, 0x8C72, 0x8C72, 0x8C72, 0x8C72,
    0x8C72, 0x8C72, 0x8C72, 0x8C72, 0x8C72, 0x8C72, 0x8C72, 0x8C72, 0x8C72, 0x8C72, 0x8C72, 0x8C72, 0x8C72, 0x8C72, 0x8C72, 0x8C72,
    0x8C72, 0x8C72, 0x8C72, 0x8C72, 0x8C72, 0x8C72, 0x8C72, 0x8C72, 0x8C72, 0x8C72, 0x8C72, 0x8C72, 0x8C72, 0x8C72, 0x8C72, 0x8C72,
    0x8C72, 0x8C72, 0x8C72, 0x8C72, 0x8C72, 0x8C72, 0x8C72, 0x8C72, 0x8C72, 0x8C72, 0x8C72, 0x8C72, 0x8C72, 0x8C72, 0x8C72, 0x8C72,
    0x8C72, 0x8C72, 0x8C72, 0x8C72, 0x8C72, 0x8C72, 0x8C72, 0x8C72, 0x8C72, 0x8C72, 0x8C72, 0x8C72, 0x8C72, 0x8C72, 0x8C72, 0x8C72,
    0x8C72, 0x8C72, 0x8C72, 0x8C72, 0x8C72, 0x8C72, 0x8C72, 0x8C72, 0x8C72, 0x7BEF, 0x0000, 0x0000, 0x0000, 0x0000, 0x0000, 0x0000,
    0x0000, 0x0000, 0x0000, 0x0000, 0x2965, 0xD659, 0xE6FC, 0xE6FC, 0xE6FC, 0xE6FC, 0xE6FC, 0xE6FC, 0xE6FC, 0xE6FC, 0xE6FC, 0xE6FC,
    0xE6FC, 0xE6FC, 0xE6FC, 0xE6FC, 0xE6FC, 0xE6FC, 0xE6FC, 0xE6FC, 0xE6FC, 0xE6FC, 0xE6FC, 0xE6FC, 0xE6FC, 0xE6FC, 0xE6FC, 0xE6FC,
    0xE6FC, 0xE6FC, 0xE6FC, 0xE6FC, 0xE6FC, 0xE6FC, 0xE6FC, 0xE6FC, 0xE6FC, 0xE6FC, 0xE6FC, 0xE6FC, 0xE6FC, 0xE6FC, 0xE6FC, 0xE6FC,
    0xE6FC, 0xE6FC, 0xE6FC, 0xE6FC, 0xE6FC, 0xE6FC, 0xE6FC, 0xE6FC, 0xE6FC, 0xE6FC, 0xE6FC, 0xE6FC, 0xE6FC, 0xE6FC, 0xE6FC, 0xE6FC,
    0xE6FC, 0xE6FC, 0xE6FC, 0xE6FC, 0xE6FC, 0xE6FC, 0xE6FC, 0xE6FC, 0xE6FC, 0xE6FC, 0xE6FC, 0xE6FC, 0xE6FC, 0xE6FC, 0xE6FC, 0x6B4D,
    0x0000, 0x0000, 0x0000, 0x0000, 0x0000, 0x0000, 0x0000, 0x0000, 0x0000, 0x0000, 0x6B4D, 0x8C72, 0x8C72, 0x8C72, 0x8C72, 0x8C72,
    0x8C72, 0x8C72, 0x8C72, 0x8C72, 0x8C72, 0x8C72, 0x8C72, 0x8C72, 0x8C72, 0x8C72, 0x8C72, 0x8C72, 0x8C72, 0x8C72, 0x8C72, 0x8C72,
    0x8C72, 0x8C72, 0x8C72, 0x8C72, 0x8C72, 0x8C72, 0x8C72, 0x8C72, 0x8C72, 0x8C72, 0x8C72, 0x8C72, 0x8C72, 0x8C72, 0x8C72, 0x8C72,
    0x8C72, 0x8C72, 0x8C72, 0x8C72, 0x8C72, 0x8C72, 0x8C72, 0x8C72, 0x8C72, 0x8C72, 0x8C72, 0x8C72, 0x8C72, 0x8C72, 0x8C72, 0x8C72,
    0x8C72, 0x8C72, 0x8C72, 0x8C72, 0x8C72, 0x8C72, 0x8C72, 0x8C72, 0x8C72, 0x8C72, 0x8C72, 0x8C72, 0x8C72, 0x8C72, 0x8C72, 0x8C72,
    0x8C72, 0x8C72, 0x8C72, 0x8C72, 0x8C72, 0x8C72, 0x8C72, 0x8C72, 0x8C72, 0x8C72, 0x8C72, 0x8C72, 0x8C72, 0x8C72, 0x8C72, 0x8C72,
    0x8C72, 0x8C72, 0x8C72, 0x8C72, 0x8C72, 0x8C72, 0x8C72, 0x8C72, 0x8C72, 0x8C72, 0x8C72, 0x8C72, 0x8C72, 0x8C72, 0x8C72, 0x8C72,
    0x8C72, 0x8C72, 0x8C72, 0x8C72, 0x8C72, 0x8C72, 0x8C72, 0x8C72, 0x8C72, 0x8C72, 0x8C72, 0x8C72, 0x8C72, 0x8C72, 0x8C72, 0x8C72,
    0x8C72, 0x8C72, 0x8C72, 0x8C72, 0x8C72, 0x8C72, 0x8C72, 0x8C72, 0x8C72, 0x8C72, 0x8C72, 0x8C72, 0x8C72, 0x8C72, 0x8C72, 0x8C72,
    0x8C72, 0x8C72, 0x8C72, 0x8C72, 0x8C72, 0x8C72, 0x8C72, 0x8C72, 0x8C72, 0x8C72, 0x8C72, 0x8C72, 0x8C72, 0x8C72, 0x8C72, 0x8C72,
    0x8C72, 0x8C72, 0x8C72, 0x8C72, 0x8C72, 0x8C72, 0x8C72, 0x8C72, 0x8C72, 0x8C72, 0x8C72, 0x8C72, 0x8C72, 0x8C72, 0x8C72, 0x8C72,
    0x8C72, 0x8C72, 0x8C72, 0x8C72, 0x8C72, 0x8C72, 0x8C72, 0x8C72, 0x8C72, 0x8C72, 0x8C72, 0x8C72, 0x8C72, 0x8C72, 0x8C72, 0x8C72,
    0x8C72, 0x8C72, 0x8C72, 0x8C72, 0x8C72, 0x8C72, 0x8C72, 0x8C72, 0x8C72, 0x8C72, 0x8C72, 0x8C72, 0x8C72, 0x8C72, 0x8C72, 0x8C72,
    0x8C72, 0x8C72, 0x8C72, 0x8C72, 0x8C72, 0x8C72, 0x4A49, 0x0000, 0x0000, 0x0000, 0x0000, 0x0000, 0x0000, 0x0000, 0x0000, 0x0000,
    0x0000, 0x6B4D, 0xE6FC, 0xE6FC, 0xE6FC, 0xE6FC, 0xE6FC, 0xE6FC, 0xE6FC, 0xE6FC, 0xE6FC, 0xE6FC, 0xE6FC, 0xE6FC, 0xE6FC, 0xE6FC,
    0xE6FC, 0xE6FC, 0xE6FC, 0xE6FC, 0xE6FC, 0xE6FC, 0xE6FC, 0xE6FC, 0xE6FC, 0xE6FC, 0xE6FC, 0xE6FC, 0xE6FC, 0xE6FC, 0xE6FC, 0xE6FC,
    0xE6FC, 0xE6FC, 0xE6FC, 0xE6FC, 0xE6FC, 0xE6FC, 0xE6FC, 0xE6FC, 0xE6FC, 0xE6FC, 0xE6FC, 0xE6FC, 0xE6FC, 0xE6FC, 0xE6FC, 0xE6FC,
    0xE6FC, 0xE6FC, 0xE6FC, 0xE6FC, 0xE6FC, 0xE6FC, 0xE6FC, 0xE6FC, 0xE6FC, 0xE6FC, 0xE6FC, 0xE6FC, 0xE6FC, 0xE6FC, 0xE6FC, 0xE6FC,
    0xE6FC, 0xE6FC, 0xE6FC, 0xE6FC, 0xE6FC, 0xE6FC, 0xE6FC, 0xE6FC, 0xE6FC, 0xE6FC, 0xAD55, 0x0000, 0x0000, 0x0000, 0x0000, 0x0000,
    0x0000, 0x0000, 0x0000, 0x0000, 0x0000, 0x2965, 0x8C72, 0x8C72, 0x8C72, 0x8C72, 0x8C72, 0x8C72, 0x8C72, 0x8C72, 0x8C72, 0x8C72,
    0x8C72, 0x8C72, 0x8C72, 0x8C72, 0x8C72, 0x8C72, 0x8C72, 0x8C72, 0x8C72, 0x8C72, 0x8C72, 0x8C72, 0x8C72, 0x8C72, 0x8C72, 0x8C72,
    0x8C72, 0x8C72, 0x8C72, 0x8C72, 0x8C72, 0x8C72, 0x8C72, 0x8C72, 0x8C72, 0x8C72, 0x8C72, 0x8C72, 0x8C72, 0x8C72, 0x8C72, 0x8C72,
    0x8C72, 0x8C72, 0x8C72, 0x8C72, 0x8C72, 0x8C72, 0x8C72, 0x8C72, 0x8C72, 0x8C72, 0x8C72, 0x8C72, 0x8C72, 0x8C72, 0x8C72, 0x8C72,
    0x8C72, 0x8C72, 0x8C72, 0x8C72, 0x8C72, 0x8C72, 0x8C72, 0x8C72, 0x8C72, 0x8C72, 0x8C72, 0x8C72, 0x8C72, 0x8C72, 0x8C72, 0x8C72,
    0x8C72, 0x8C72, 0x8C72, 0x8C72, 0x8C72, 0x8C72, 0x8C72, 0x8C72, 0x8C72, 0x8C72, 0x8C72, 0x8C72, 0x8C72, 0x8C72, 0x8C72, 0x8C72,
    0x8C72, 0x8C72, 0x8C72, 0x8C72, 0x8C72, 0x8C72, 0x8C72, 0x8C72, 0x8C72, 0x8C72, 0x8C72, 0x8C72, 0x8C72, 0x8C72, 0x8C72, 0x8C72,
    0x8C72, 0x8C72, 0x8C72, 0x8C72, 0x8C72, 0x8C72, 0x8C72, 0x8C72, 0x8C72, 0x8C72, 0x8C72, 0x8C72, 0x8C72, 0x8C72, 0x8C72, 0x8C72,
    0x8C72, 0x8C72, 0x8C72, 0x8C72, 0x8C72, 0x8C72, 0x8C72, 0x8C72, 0x8C72, 0x8C72, 0x8C72, 0x8C72, 0x8C72, 0x8C72, 0x8C72, 0x8C72,
    0x8C72, 0x8C72, 0x8C72, 0x8C72, 0x8C72, 0x8C72, 0x8C72, 0x8C72, 0x8C72, 0x8C72, 0x8C72, 0x8C72, 0x8C72, 0x8C72, 0x8C72, 0x8C72,
    0x8C72, 0x8C72, 0x8C72, 0x8C72, 0x8C72, 0x8C72, 0x8C72, 0x8C72, 0x8C72, 0x8C72, 0x8C72, 0x8C72, 0x8C72, 0x8C72, 0x8C72, 0x8C72,
    0x8C72, 0x8C72, 0x8C72, 0x8C72, 0x8C72, 0x8C72, 0x8C72, 0x8C72, 0x8C72, 0x8C72, 0x8C72, 0x8C72, 0x8C72, 0x8C72, 0x8C72, 0x8C72,
    0x8C72, 0x8C72, 0x8C72, 0x8C72, 0x8C72, 0x8C72, 0x8C72, 0x8C72, 0x8C72, 0x8C72, 0x8C72, 0x8C72, 0x8C72, 0x8C72, 0x8C72, 0x8C72,
    0x8C72, 0x8C72, 0x8C72, 0x2965, 0x0000, 0x0000, 0x0000, 0x0000, 0x0000, 0x0000, 0x0000, 0x0000, 0x0000, 0x0000, 0xAD55, 0xE6FC,
    0xE6FC, 0xE6FC, 0xE6FC, 0xE6FC, 0xE6FC, 0xE6FC, 0xE6FC, 0xE6FC, 0xE6FC, 0xE6FC, 0xE6FC, 0xE6FC, 0xE6FC, 0xE6FC, 0xE6FC, 0xE6FC,
    0xE6FC, 0xE6FC, 0xE6FC, 0xE6FC, 0xE6FC, 0xE6FC, 0xE6FC, 0xE6FC, 0xE6FC, 0xE6FC, 0xE6FC, 0xE6FC, 0xE6FC, 0xE6FC, 0xE6FC, 0xE6FC,
    0xE6FC, 0xE6FC, 0xE6FC, 0xE6FC, 0xE6FC, 0xE6FC, 0xE6FC, 0xE6FC, 0xE6FC, 0xE6FC, 0xE6FC, 0xE6FC, 0xE6FC, 0xE6FC, 0xE6FC, 0xE6FC,
    0xE6FC, 0xE6FC, 0xE6FC, 0xE6FC, 0xE6FC, 0xE6FC, 0xE6FC, 0xE6FC, 0xE6FC, 0xE6FC, 0xE6FC, 0xE6FC, 0xE6FC, 0xE6FC, 0xE6FC, 0xE6FC,
    0xE6FC, 0xE6FC, 0xE6FC, 0xE6FC, 0xE6FC, 0xD659, 0x2965, 0x0000, 0x0000, 0x0000, 0x0000, 0x0000, 0x0000, 0x0000, 0x0000, 0x0000,
    0x0000, 0x8C51, 0x8C72, 0x8C72, 0x8C72, 0x8C72, 0x8C72, 0x8C72, 0x8C72, 0x8C72, 0x8C72, 0x8C72, 0x8C72, 0x8C72, 0x8C72, 0x8C72,
    0x8C72, 0x8C72, 0x8C72, 0x8C72, 0x8C72, 0x8C72, 0x8C72, 0x8C72, 0x8C72, 0x8C72, 0x8C72, 0x8C72, 0x8C72, 0x8C72, 0x8C72, 0x8C72,
    0x8C72, 0x8C72, 0x8C72, 0x8C72, 0x8C72, 0x8C72, 0x8C72, 0x8C72, 0x8C72, 0x8C72, 0x8C72, 0x8C72, 0x8C72, 0x8C72, 0x8C72, 0x8C72,
    0x8C72, 0x8C72, 0x8C72, 0x8C72, 0x8C72, 0x8C72, 0x8C72, 0x8C72, 0x8C72, 0x8C72, 0x8C72, 0x8C72, 0x8C72, 0x8C72, 0x8C72, 0x8C72,
    0x8C72, 0x8C72, 0x8C72, 0x8C72, 0x8C72, 0x8C72, 0x8C72, 0x8C72, 0x8C72, 0x8C72, 0x8C72, 0x8C72, 0x8C72, 0x8C72, 0x8C72, 0x8C72,
    0x8C72, 0x8C72, 0x8C72, 0x8C72, 0x8C72, 0x8C72, 0x8C72, 0x8C72, 0x8C72, 0x8C72, 0x8C72, 0x8C72, 0x8C72, 0x8C72, 0x8C72, 0x8C72,
    0x8C72, 0x8C72, 0x8C72, 0x8C72, 0x8C72, 0x8C72, 0x8C72, 0x8C72, 0x8C72, 0x8C72, 0x8C72, 0x8C72, 0x8C72, 0x8C72, 0x8C72, 0x8C72,
    0x8C72, 0x8C72, 0x8C72, 0x8C72, 0x8C72, 0x8C72, 0x8C72, 0x8C72, 0x8C72, 0x8C72, 0x8C72, 0x8C72, 0x8C72, 0x8C72, 0x8C72, 0x8C72,
    0x8C72, 0x8C72, 0x8C72, 0x8C72, 0x8C72, 0x8C72, 0x8C72, 0x8C72, 0x8C72, 0x8C72, 0x8C72, 0x8C72, 0x8C72, 0x8C72, 0x8C72, 0x8C72,
    0x8C72, 0x8C72, 0x8C72, 0x8C72, 0x8C72, 0x8C72, 0x8C72, 0x8C72, 0x8C72, 0x8C72, 0x8C72, 0x8C72, 0x8C72, 0x8C72, 0x8C72, 0x8C72,
    0x8C72, 0x8C72, 0x8C72, 0x8C72, 0x8C72, 0x8C72, 0x8C72, 0x8C72, 0x8C72, 0x8C72, 0x8C72, 0x8C72, 0x8C72, 0x8C72, 0x8C72, 0x8C72,
    0x8C72, 0x8C72, 0x8C72, 0x8C72, 0x8C72, 0x8C72, 0x8C72, 0x8C72, 0x8C72, 0x8C72, 0x8C72, 0x8C72, 0x8C72, 0x8C72, 0x8C72, 0x8C72,
    0x8C72, 0x8C72, 0x8C72, 0x8C72, 0x8C72, 0x8C72, 0x8C72, 0x8C72, 0x8C72, 0x8C72, 0x8C72, 0x8C72, 0x8C72, 0x8C72, 0x8C72, 0x8C51,
    0x0000, 0x0000, 0x0000, 0x0000, 0x0000, 0x0000, 0x0000, 0x0000, 0x0000, 0x0000, 0x2965, 0xD659, 0xE6FC, 0xE6FC, 0xE6FC, 0xE6FC,
    0xE6FC, 0xE6FC, 0xE6FC, 0xE6FC, 0xE6FC, 0xE6FC, 0xE6FC, 0xE6FC, 0xE6FC, 0xE6FC, 0xE6FC, 0xE6FC, 0xE6FC, 0xE6FC, 0xE6FC, 0xE6FC,
    0xE6FC, 0xE6FC, 0xE6FC, 0xE6FC, 0xE6FC, 0xE6FC, 0xE6FC, 0xE6FC, 0xE6FC, 0xE6FC, 0xE6FC, 0xE6FC, 0xE6FC, 0xE6FC, 0xE6FC, 0xE6FC,
    0xE6FC, 0xE6FC, 0xE6FC, 0xE6FC, 0xE6FC, 0xE6FC, 0xE6FC, 0xE6FC, 0xE6FC, 0xE6FC, 0xE6FC, 0xE6FC, 0xE6FC, 0xE6FC, 0xE6FC, 0xE6FC,
    0xE6FC, 0xE6FC, 0xE6FC, 0xE6FC, 0xE6FC, 0xE6FC, 0xE6FC, 0xE6FC, 0xE6FC, 0xE6FC, 0xE6FC, 0xE6FC, 0xE6FC, 0xE6FC, 0xE6FC, 0xE6FC,
    0xE6FC, 0x6B4D, 0x0000, 0x0000, 0x0000, 0x0000, 0x0000, 0x0000, 0x0000, 0x0000, 0x0000, 0x0000, 0x6B4D, 0x8C72, 0x8C72, 0x8C72,
    0x8C72, 0x8C72, 0x8C72, 0x8C72, 0x8C72, 0x8C72, 0x8C72, 0x8C72, 0x8C72, 0x8C72, 0x8C72, 0x8C72, 0x8C72, 0x8C72, 0x8C72, 0x8C72,
    0x8C72, 0x8C72, 0x8C72, 0x8C72, 0x8C72, 0x8C72, 0x8C72, 0x8C72, 0x8C72, 0x8C72, 0x8C72, 0x8C72, 0x8C72, 0x8C72, 0x8C72, 0x8C72,
    0x8C72, 0x8C72, 0x8C72, 0x8C72, 0x8C72, 0x8C72, 0x8C72, 0x8C72, 0x8C72, 0x8C72, 0x8C72, 0x8C72, 0x8C72, 0x8C72, 0x8C72, 0x8C72,
    0x8C72, 0x8C72, 0x8C72, 0x8C72, 0x8C72, 0x8C72, 0x8C72, 0x8C72, 0x8C72, 0x8C72, 0x8C72, 0x8C72, 0x8C72, 0x8C72, 0x8C72, 0x8C72,
    0x8C72, 0x8C72, 0x8C72, 0x8C72, 0x8C72, 0x8C72, 0x8C72, 0x8C72, 0x8C72, 0x8C72, 0x8C72, 0x8C72, 0x8C72, 0x8C72, 0x8C72, 0x8C72,
    0x8C72, 0x8C72, 0x8C72, 0x8C72, 0x8C72, 0x8C72, 0x8C72, 0x8C72, 0x8C72, 0x8C72, 0x8C72, 0x8C72, 0x8C72, 0x8C72, 0x8C72, 0x8C72,
    0x8C72, 0x8C72, 0x8C72, 0x8C72, 0x8C72, 0x8C72, 0x8C72, 0x8C72, 0x8C72, 0x8C72, 0x8C72, 0x8C72, 0x8C72, 0x8C72, 0x8C72, 0x8C72,
    0x8C72, 0x8C72, 0x8C72, 0x8C72, 0x8C72, 0x8C72, 0x8C72, 0x8C72, 0x8C72, 0x8C72, 0x8C72, 0x8C72, 0x8C72, 0x8C72, 0x8C72, 0x8C72,
    0x8C72, 0x8C72, 0x8C72, 0x8C72, 0x8C72, 0x8C72, 0x8C72, 0x8C72, 0x8C72, 0x8C72, 0x8C72, 0x8C72, 0x8C72, 0x8C72, 0x8C72, 0x8C72,
    0x8C72, 0x8C72, 0x8C72, 0x8C72, 0x8C72, 0x8C72, 0x8C72, 0x8C72, 0x8C72, 0x8C72, 0x8C72, 0x8C72, 0x8C72, 0x8C72, 0x8C72, 0x8C72,
    0x8C72, 0x8C72, 0x8C72, 0x8C72, 0x8C72, 0x8C72, 0x8C72, 0x8C72, 0x8C72, 0x8C72, 0x8C72, 0x8C72, 0x8C72, 0x8C72, 0x8C72, 0x8C72,
    0x8C72, 0x8C72, 0x8C72, 0x8C72, 0x8C72, 0x8C72, 0x8C72, 0x8C72, 0x8C72, 0x8C72, 0x8C72, 0x8C72, 0x8C72, 0x8C72, 0x8C72, 0x8C72,
    0x8C72, 0x8C72, 0x8C72, 0x8C72, 0x8C72, 0x8C72, 0x8C72, 0x8C72, 0x8C72, 0x8C72, 0x8C72, 0x8C72, 0x6B4D, 0x0000, 0x0000, 0x0000,
    0x0000, 0x0000, 0x0000, 0x0000, 0x0000, 0x0000, 0x0000, 0x6B4D, 0xE6FC, 0xE6FC, 0xE6FC, 0xE6FC, 0xE6FC, 0xE6FC, 0xE6FC, 0xE6FC,
    0xE6FC, 0xE6FC, 0xE6FC, 0xE6FC, 0xE6FC, 0xE6FC, 0xE6FC, 0xE6FC, 0xE6FC, 0xE6FC, 0xE6FC, 0xE6FC, 0xE6FC, 0xE6FC, 0xE6FC, 0xE6FC,
    0xE6FC, 0xE6FC, 0xE6FC, 0xE6FC, 0xE6FC, 0xE6FC, 0xE6FC, 0xE6FC, 0xE6FC, 0xE6FC, 0xE6FC, 0xE6FC, 0xE6FC, 0xE6FC, 0xE6FC, 0xE6FC,
    0xE6FC, 0xE6FC, 0xE6FC, 0xE6FC, 0xE6FC, 0xE6FC, 0xE6FC, 0xE6FC, 0xE6FC, 0xE6FC, 0xE6FC, 0xE6FC, 0xE6FC, 0xE6FC, 0xE6FC, 0xE6FC,
    0xE6FC, 0xE6FC, 0xE6FC, 0xE6FC, 0xE6FC, 0xE6FC, 0xE6FC, 0xE6FC, 0xE6FC, 0xE6FC, 0xE6FC, 0xE6FC, 0xAD55, 0x0000, 0x0000, 0x0000,
    0x0000, 0x0000, 0x0000, 0x0000, 0x0000, 0x0000, 0x0000, 0x2965, 0x8C72, 0x8C72, 0x8C72, 0x8C72, 0x8C72, 0x8C72, 0x8C72, 0x8C72,
    0x8C72, 0x8C72, 0x8C72, 0x8C72, 0x8C72, 0x8C72, 0x8C72, 0x8C72, 0x8C72, 0x8C72, 0x8C72, 0x8C72, 0x8C72, 0x8C72, 0x8C72, 0x8C72,
    0x8C72, 0x8C72, 0x8C72, 0x8C72, 0x8C72, 0x8C72, 0x8C72, 0x8C72, 0x8C72, 0x8C72, 0x8C72, 0x8C72, 0x8C72, 0x8C72, 0x8C72, 0x8C72,
    0x8C72, 0x8C72, 0x8C72, 0x8C72, 0x8C72, 0x8C72, 0x8C72, 0x8C72, 0x8C72, 0x8C72, 0x8C72, 0x8C72, 0x8C72, 0x8C72, 0x8C72, 0x8C72,
    0x8C72, 0x8C72, 0x8C72, 0x8C72, 0x8C72, 0x8C72, 0x8C72, 0x8C72, 0x8C72, 0x8C72, 0x8C72, 0x8C72, 0x8C72, 0x8C72, 0x8C72, 0x8C72,
    0x8C72, 0x8C72, 0x8C72, 0x8C72, 0x8C72, 0x8C72, 0x8C72, 0x8C72, 0x8C72, 0x8C72, 0x8C72, 0x8C72, 0x8C72, 0x8C72, 0x8C72, 0x8C72,
    0x8C72, 0x8C72, 0x8C72, 0x8C72, 0x8C72, 0x8C72, 0x8C72, 0x8C72, 0x8C72, 0x8C72, 0x8C72, 0x8C72, 0x8C72, 0x8C72, 0x8C72, 0x8C72,
    0x8C72, 0x8C72, 0x8C72, 0x8C72, 0x8C72, 0x8C72, 0x8C72, 0x8C72, 0x8C72, 0x8C72, 0x8C72, 0x8C72, 0x8C72, 0x8C72, 0x8C72, 0x8C72,
    0x8C72, 0x8C72, 0x8C72, 0x8C72, 0x8C72, 0x8C72, 0x8C72, 0x8C72, 0x8C72, 0x8C72, 0x8C72, 0x8C72, 0x8C72, 0x8C72, 0x8C72, 0x8C72,
    0x8C72, 0x8C72, 0x8C72, 0x8C72, 0x8C72, 0x8C72, 0x8C72, 0x8C72, 0x8C72, 0x8C72, 0x8C72, 0x8C72, 0x8C72, 0x8C72, 0x8C72, 0x8C72,
    0x8C72, 0x8C72, 0x8C72, 0x8C72, 0x8C72, 0x8C72, 0x8C72, 0x8C72, 0x8C72, 0x8C72, 0x8C72, 0x8C72, 0x8C72, 0x8C72, 0x8C72, 0x8C72,
    0x8C72, 0x8C72, 0x8C72, 0x8C72, 0x8C72, 0x8C72, 0x8C72, 0x8C72, 0x8C72, 0x8C72, 0x8C72, 0x8C72, 0x8C72, 0x8C72, 0x8C72, 0x8C72,
    0x8C72, 0x8C72, 0x8C72, 0x8C72, 0x8C72, 0x8C72, 0x8C72, 0x8C72, 0x8C72, 0x8C72, 0x8C72, 0x8C72, 0x8C72, 0x8C72, 0x8C72, 0x8C72,
    0x8C72, 0x8C72, 0x8C72, 0x8C72, 0x8C72, 0x8C72, 0x8C72, 0x8C72, 0x8C72, 0x2965, 0x0000, 0x0000, 0x0000, 0x0000, 0x0000, 0x0000,
    0x0000, 0x0000, 0x0000, 0x0000, 0xAD55, 0xE6FC, 0xE6FC, 0xE6FC, 0xE6FC, 0xE6FC, 0xE6FC, 0xE6FC, 0xE6FC, 0xE6FC, 0xE6FC, 0xE6FC,
    0xE6FC, 0xE6FC, 0xE6FC, 0xE6FC, 0xE6FC, 0xE6FC, 0xE6FC, 0xE6FC, 0xE6FC, 0xE6FC, 0xE6FC, 0xE6FC, 0xE6FC, 0xE6FC, 0xE6FC, 0xE6FC,
    0xE6FC, 0xE6FC, 0xE6FC, 0xE6FC, 0xE6FC, 0xE6FC, 0xE6FC, 0xE6FC, 0xE6FC, 0xE6FC, 0xE6FC, 0xE6FC, 0xE6FC, 0xE6FC, 0xE6FC, 0xE6FC,
    0xE6FC, 0xE6FC, 0xE6FC, 0xE6FC, 0xE6FC, 0xE6FC, 0xE6FC, 0xE6FC, 0xE6FC, 0xE6FC, 0xE6FC, 0xE6FC, 0xE6FC, 0xE6FC, 0xE6FC, 0xE6FC,
    0xE6FC, 0xE6FC, 0xE6FC, 0xE6FC, 0xE6FC, 0xE6FC, 0xE6FC, 0xE6FC, 0x2965, 0x0000, 0x0000, 0x0000, 0x0000, 0x0000, 0x0000, 0x0000,
    0x0000, 0x0000, 0x0000, 0x8C51, 0x8C72, 0x8C72, 0x8C72, 0x8C72, 0x8C72, 0x8C72, 0x8C72, 0x8C72, 0x8C72, 0x8C72, 0x8C72, 0x8C72,
    0x8C72, 0x8C72, 0x8C72, 0x8C72, 0x8C72, 0x8C72, 0x8C72, 0x8C72, 0x8C72, 0x8C72, 0x8C72, 0x8C72, 0x8C72, 0x8C72, 0x8C72, 0x8C72,
    0x8C72, 0x8C72, 0x8C72, 0x8C72, 0x8C72, 0x8C72, 0x8C72, 0x8C72, 0x8C72, 0x8C72, 0x8C72, 0x8C72, 0x8C72, 0x8C72, 0x8C72, 0x8C72,
    0x8C72, 0x8C72, 0x8C72, 0x8C72, 0x8C72, 0x8C72, 0x8C72, 0x8C72, 0x8C72, 0x8C72, 0x8C72, 0x8C72, 0x8C72, 0x8C72, 0x8C72, 0x8C72,
    0x8C72, 0x8C72, 0x8C72, 0x8C72, 0x8C72, 0x8C72, 0x8C72, 0x8C72, 0x8C72, 0x8C72, 0x8C72, 0x8C72, 0x8C72, 0x8C72, 0x8C72, 0x8C72,
    0x8C72, 0x8C72, 0x8C72, 0x8C72, 0x8C72, 0x8C72, 0x8C72, 0x8C72, 0x8C72, 0x8C72, 0x8C72, 0x8C72, 0x8C72, 0x8C72, 0x8C72, 0x8C72,
    0x8C72, 0x8C72, 0x8C72, 0x8C72, 0x8C72, 0x8C72, 0x8C72, 0x8C72, 0x8C72, 0x8C72, 0x8C72, 0x8C72, 0x2965, 0x2965, 0x2965, 0x2965,
    0x2965, 0x2965, 0x2965, 0x2965, 0x2965, 0x2965, 0x2965, 0x2965, 0x2965, 0x2965, 0x2965, 0x2965, 0x2965, 0x2965, 0x2965, 0x2965,
    0x2965, 0x2965, 0x2965, 0x2965, 0x2965, 0x2965, 0x2965, 0x2965, 0x2965, 0x2965, 0x2965, 0x2965, 0x2965, 0x2965, 0x2965, 0x2965,
    0x2965, 0x2965, 0x2965, 0x2965, 0x2965, 0x2965, 0x2965, 0x2965, 0x2965, 0x2965, 0x2965, 0x2965, 0x2965, 0x2965, 0x2965, 0x2965,
    0x2965, 0x2965, 0x2965, 0x2965, 0x2965, 0x2965, 0x2965, 0x2965, 0x2965, 0x2965, 0x2965, 0x2965, 0x2965, 0x2965, 0x2965, 0x2965,
    0x2965, 0x2965, 0x2965, 0x2965, 0x2965, 0x2965, 0x2965, 0x2965, 0x2965, 0x2965, 0x2965, 0x2965, 0x2965, 0x2965, 0x2965, 0x2965,
    0x2965, 0x2965, 0x2965, 0x2965, 0x2965, 0x2965, 0x2965, 0x2965, 0x2965, 0x2965, 0x2965, 0x2965, 0x2965, 0x2965, 0x2965, 0x2965,
    0x2965, 0x2965, 0x2965, 0x2965, 0x2965, 0x2965, 0x0000, 0x0000, 0x0000, 0x0000, 0x0000, 0x0000, 0x0000, 0x0000, 0x0000, 0x0000,
    0x2965, 0xD659, 0xE6FC, 0xE6FC, 0xE6FC, 0xE6FC, 0xE6FC, 0xE6FC, 0xE6FC, 0xE6FC, 0xE6FC, 0xE6FC, 0xE6FC, 0xE6FC, 0xE6FC, 0xE6FC,
    0xE6FC, 0xE6FC, 0xE6FC, 0xE6FC, 0xE6FC, 0xE6FC, 0xE6FC, 0xE6FC, 0xE6FC, 0xE6FC, 0xE6FC, 0xE6FC, 0xE6FC, 0xE6FC, 0xE6FC, 0xE6FC,
    0xE6FC, 0xE6FC, 0xE6FC, 0xE6FC, 0xE6FC, 0xE6FC, 0xE6FC, 0xE6FC, 0xE6FC, 0xE6FC, 0xE6FC, 0xE6FC, 0xE6FC, 0xE6FC, 0xE6FC, 0xE6FC,
    0xE6FC, 0xE6FC, 0xE6FC, 0xE6FC, 0xE6FC, 0xE6FC, 0xE6FC, 0xE6FC, 0xE6FC, 0xE6FC, 0xE6FC, 0xE6FC, 0xE6FC, 0xE6FC, 0xE6FC, 0xE6FC,
    0xE6FC, 0xE6FC, 0xE6FC, 0x6B4D, 0x0000, 0x0000, 0x0000, 0x0000, 0x0000, 0x0000, 0x0000, 0x0000, 0x0000, 0x0000, 0x0000, 0x2965,
    0x2965, 0x2965, 0x2965, 0x2965, 0x2965, 0x2965, 0x2965, 0x2965, 0x2965, 0x2965, 0x2965, 0x2965, 0x2965, 0x2965, 0x2965, 0x2965,
    0x2965, 0x2965, 0x2965, 0x2965, 0x2965, 0x2965, 0x2965, 0x2965, 0x2965, 0x2965, 0x2965, 0x2965, 0x2965, 0x2965, 0x2965, 0x2965,
    0x2965, 0x2965, 0x2965, 0x2965, 0x2965, 0x2965, 0x2965, 0x2965, 0x2965, 0x2965, 0x2965, 0x2965, 0x2965, 0x2965, 0x2965, 0x2965,
    0x2965, 0x2965, 0x2965, 0x2965, 0x2965, 0x2965, 0x2965, 0x2965, 0x2965, 0x2965, 0x2965, 0x2965, 0x2965, 0x2965, 0x2965, 0x2965,
    0x2965, 0x2965, 0x2965, 0x2965, 0x2965, 0x2965, 0x2965, 0x2965, 0x2965, 0x2965, 0x2965, 0x2965, 0x2965, 0x2965, 0x2965, 0x2965,
    0x2965, 0x2965, 0x2965, 0x2965, 0x2965, 0x2965, 0x2965, 0x2965, 0x2965, 0x2965, 0x2965, 0x2965, 0x2965, 0x2965, 0x2965, 0x2965,
    0x2965, 0x2965, 0x2965, 0x2965, 0x2965, 0x2965, 0x2965, 0x2965, 0x0000, 0x0000, 0x0000, 0x0000, 0x0000, 0x0000, 0x0000, 0x0000,
    0x0000, 0x0000, 0x0000, 0x0000, 0x0000, 0x0000, 0x0000, 0x0000, 0x0000, 0x0000, 0x0000, 0x0000, 0x0000, 0x0000, 0x0000, 0x0000,
    0x0000, 0x0000, 0x0000, 0x0000, 0x0000, 0x0000, 0x0000, 0x0000, 0x0000, 0x0000, 0x0000, 0x0000, 0x0000, 0x0000, 0x0000, 0x0000,
    0x0000, 0x0000, 0x0000, 0x0000, 0x0000, 0x0000, 0x0000, 0x0000, 0x0000, 0x0000, 0x0000, 0x0000, 0x0000, 0x0000, 0x0000, 0x0000,
    0x0000, 0x0000, 0x0000, 0x0000, 0x0000, 0x0000, 0x0000, 0x0000, 0x0000, 0x0000, 0x0000, 0x0000, 0x0000, 0x0000, 0x0000, 0x0000,
    0x0000, 0x0000, 0x0000, 0x0000, 0x0000, 0x0000, 0x0000, 0x0000, 0x0000, 0x0000, 0x0000, 0x0000, 0x0000, 0x0000, 0x0000, 0x0000,
    0x0000, 0x0000, 0x0000, 0x0000, 0x0000, 0x0000, 0x0000, 0x0000, 0x0000, 0x0000, 0x0000, 0x0000, 0x0000, 0x0000, 0x0000, 0x0000,
    0x0000, 0x0000, 0x0000, 0x0000, 0x0000, 0x0000, 0x0000, 0x0000, 0x0000, 0x0000, 0x0000, 0x0000, 0x0000, 0x6B4D, 0xE6FC, 0xE6FC,
    0xE6FC, 0xE6FC, 0xE6FC, 0xE6FC, 0xE6FC, 0xE6FC, 0xE6FC, 0xE6FC, 0xE6FC, 0xE6FC, 0xE6FC, 0xE6FC, 0xE6FC, 0xE6FC, 0xE6FC, 0xE6FC,
    0xE6FC, 0xE6FC, 0xE6FC, 0xE6FC, 0xE6FC, 0xE6FC, 0xE6FC, 0xE6FC, 0xE6FC, 0xE6FC, 0xE6FC, 0xE6FC, 0xE6FC, 0xE6FC, 0xE6FC, 0xE6FC,
    0xE6FC, 0xE6FC, 0xE6FC, 0xE6FC, 0xE6FC, 0xE6FC, 0xE6FC, 0xE6FC, 0xE6FC, 0xE6FC, 0xE6FC, 0xE6FC, 0xE6FC, 0xE6FC, 0xE6FC, 0xE6FC,
    0xE6FC, 0xE6FC, 0xE6FC, 0xE6FC, 0xE6FC, 0xE6FC, 0xE6FC, 0xE6FC, 0xE6FC, 0xE6FC, 0xE6FC, 0xE6FC, 0xE6FC, 0xE6FC, 0xAD55, 0x0000,
    0x0000, 0x0000, 0x0000, 0x0000, 0x0000, 0x0000, 0x0000, 0x0000, 0x0000, 0x0000, 0x0000, 0x0000, 0x0000, 0x0000, 0x0000, 0x0000,
    0x0000, 0x0000, 0x0000, 0x0000, 0x0000, 0x0000, 0x0000, 0x0000, 0x0000, 0x0000, 0x0000, 0x0000, 0x0000, 0x0000, 0x0000, 0x0000,
    0x0000, 0x0000, 0x0000, 0x0000, 0x0000, 0x0000, 0x0000, 0x0000, 0x0000, 0x0000, 0x0000, 0x0000, 0x0000, 0x0000, 0x0000, 0x0000,
    0x0000, 0x0000, 0x0000, 0x0000, 0x0000, 0x0000, 0x0000, 0x0000, 0x0000, 0x0000, 0x0000, 0x0000, 0x0000, 0x0000, 0x0000, 0x0000,
    0x0000, 0x0000, 0x0000, 0x0000, 0x0000, 0x0000, 0x0000, 0x0000, 0x0000, 0x0000, 0x0000, 0x0000, 0x0000, 0x0000, 0x0000, 0x0000,
    0x0000, 0x0000, 0x0000, 0x0000, 0x0000, 0x0000, 0x0000, 0x0000, 0x0000, 0x0000, 0x0000, 0x0000, 0x0000, 0x0000, 0x0000, 0x0000,
    0x0000, 0x0000, 0x0000, 0x0000, 0x0000, 0x0000, 0x0000, 0x0000, 0x0000, 0x0000, 0x0000, 0x0000, 0x0000, 0x0000, 0x0000, 0x0000,
    0x0000, 0x0000, 0x0000, 0x0000, 0x0000, 0x0000, 0x0000, 0x0000, 0x0000, 0x0000, 0x0000, 0x0000, 0x0000, 0x0000, 0x0000, 0x0000,
    0x0000, 0x0000, 0x0000, 0x0000, 0x0000, 0x0000, 0x0000, 0x0000, 0x0000, 0x0000, 0x0000, 0x0000, 0x0000, 0x0000, 0x0000, 0x0000,
    0x0000, 0x0000, 0x0000, 0x0000, 0x0000, 0x0000, 0x0000, 0x0000, 0x0000, 0x0000, 0x0000, 0x0000, 0x0000, 0x0000, 0x0000, 0x0000,
    0x0000, 0x0000, 0x0000, 0x0000, 0x0000, 0x0000, 0x0000, 0x0000, 0x0000, 0x0000, 0x0000, 0x0000, 0x0000, 0x0000, 0x0000, 0x0000,
    0x0000, 0x0000, 0x0000, 0x0000, 0x0000, 0x0000, 0x0000, 0x0000, 0x0000, 0x0000, 0x0000, 0x0000, 0x0000, 0x0000, 0x0000, 0x0000,
    0x0000, 0x0000, 0x0000, 0x0000, 0x0000, 0x0000, 0x0000, 0x0000, 0x0000, 0x0000, 0x0000, 0x0000, 0x0000, 0x0000, 0x0000, 0x0000,
    0x0000, 0x0000, 0x0000, 0x0000, 0x0000, 0x0000, 0x0000, 0x0000, 0x0000, 0x0000, 0x0000, 0x0000, 0x0000, 0x0000, 0x0000, 0x0000,
    0x0000, 0x0000, 0x0000, 0x0000, 0x0000, 0x0000, 0x0000, 0x0000, 0x0000, 0x0000, 0xAD55, 0xE6FC, 0xE6FC, 0xE6FC, 0xE6FC, 0xE6FC,
    0xE6FC, 0xE6FC, 0xE6FC, 0xE6FC, 0xE6FC, 0xE6FC, 0xE6FC, 0xE6FC, 0xE6FC, 0xE6FC, 0xE6FC, 0xE6FC, 0xE6FC, 0xE6FC, 0xE6FC, 0xE6FC,
    0xE6FC, 0xE6FC, 0xE6FC, 0xE6FC, 0xE6FC, 0xE6FC, 0xE6FC, 0xE6FC, 0xE6FC, 0xE6FC, 0xE6FC, 0xE6FC, 0xE6FC, 0xE6FC, 0xE6FC, 0xE6FC,
    0xE6FC, 0xE6FC, 0xE6FC, 0xE6FC, 0xE6FC, 0xE6FC, 0xE6FC, 0xE6FC, 0xE6FC, 0xE6FC, 0xE6FC, 0xE6FC, 0xE6FC, 0xE6FC, 0xE6FC, 0xE6FC,
    0xE6FC, 0xE6FC, 0xE6FC, 0xE6FC, 0xE6FC, 0xE6FC, 0xE6FC, 0xE6FC, 0xE6FC, 0xE6FC, 0x2965, 0x0000, 0x0000, 0x0000, 0x0000, 0x0000,
    0x0000, 0x0000, 0x0000, 0x0000, 0x0000, 0x0000, 0x0000, 0x0000, 0x0000, 0x0000, 0x0000, 0x0000, 0x0000, 0x0000, 0x0000, 0x0000,
    0x0000, 0x0000, 0x0000, 0x0000, 0x0000, 0x0000, 0x0000, 0x0000, 0x0000, 0x0000, 0x0000, 0x0000, 0x0000, 0x0000, 0x0000, 0x0000,
    0x0000, 0x0000, 0x0000, 0x0000, 0x0000, 0x0000, 0x0000, 0x0000, 0x0000, 0x0000, 0x0000, 0x0000, 0x0000, 0x0000, 0x0000, 0x0000,
    0x0000, 0x0000, 0x0000, 0x0000, 0x0000, 0x0000, 0x0000, 0x0000, 0x0000, 0x0000, 0x0000, 0x0000, 0x0000, 0x0000, 0x0000, 0x0000,
    0x0000, 0x0000, 0x0000, 0x0000, 0x0000, 0x0000, 0x0000, 0x0000, 0x0000, 0x0000, 0x0000, 0x0000, 0x0000, 0x0000, 0x0000, 0x0000,
    0x0000, 0x0000, 0x0000, 0x0000, 0x0000, 0x0000, 0x0000, 0x0000, 0x0000, 0x0000, 0x0000, 0x0000, 0x0000, 0x0000, 0x0000, 0x0000,
    0x0000, 0x0000, 0x0000, 0x0000, 0x0000, 0x0000, 0x0000, 0x0000, 0x0000, 0x0000, 0x0000, 0x0000, 0x0000, 0x0000, 0x0000, 0x0000,
    0x0000, 0x0000, 0x0000, 0x0000, 0x0000, 0x0000, 0x0000, 0x0000, 0x0000, 0x0000, 0x0000, 0x0000, 0x0000, 0x0000, 0x0000, 0x0000,
    0x0000, 0x0000, 0x0000, 0x0000, 0x0000, 0x0000, 0x0000, 0x0000, 0x0000, 0x0000, 0x0000, 0x0000, 0x0000, 0x0000, 0x0000, 0x0000,
    0x0000, 0x0000, 0x0000, 0x0000, 0x0000, 0x0000, 0x0000, 0x0000, 0x0000, 0x0000, 0x0000, 0x0000, 0x0000, 0x0000, 0x0000, 0x0000,
    0x0000, 0x0000, 0x0000, 0x0000, 0x0000, 0x0000, 0x0000, 0x0000, 0x0000, 0x0000, 0x0000, 0x0000, 0x0000, 0x0000, 0x0000, 0x0000,
    0x0000, 0x0000, 0x0000, 0x0000, 0x0000, 0x0000, 0x0000, 0x0000, 0x0000, 0x0000, 0x0000, 0x0000, 0x0000, 0x0000, 0x0000, 0x0000,
    0x0000, 0x0000, 0x0000, 0x0000, 0x0000, 0x0000, 0x0000, 0x0000, 0x0000, 0x0000, 0x0000, 0x0000, 0x0000, 0x0000, 0x0000, 0x0000,
    0x0000, 0x0000, 0x0000, 0x0000, 0x0000, 0x0000, 0x0000, 0x0000, 0x0000, 0x0000, 0x0000, 0x0000, 0x0000, 0x0000, 0x0000, 0x0000,
    0x0000, 0x0000, 0x0000, 0x0000, 0x0000, 0x0000, 0x2965, 0xD659, 0xE6FC, 0xE6FC, 0xE6FC, 0xE6FC, 0xE6FC, 0xE6FC, 0xE6FC, 0xE6FC,
    0xE6FC, 0xE6FC, 0xE6FC, 0xE6FC, 0xE6FC, 0xE6FC, 0xE6FC, 0xE6FC, 0xE6FC, 0xE6FC, 0xE6FC, 0xE6FC, 0xE6FC, 0xE6FC, 0xE6FC, 0xE6FC,
    0xE6FC, 0xE6FC, 0xE6FC, 0xE6FC, 0xE6FC, 0xE6FC, 0xE6FC, 0xE6FC, 0xE6FC, 0xE6FC, 0xE6FC, 0xE6FC, 0xE6FC, 0xE6FC, 0xE6FC, 0xE6FC,
    0xE6FC, 0xE6FC, 0xE6FC, 0xE6FC, 0xE6FC, 0xE6FC, 0xE6FC, 0xE6FC, 0xE6FC, 0xE6FC, 0xE6FC, 0xE6FC, 0xE6FC, 0xE6FC, 0xE6FC, 0xE6FC,
    0xE6FC, 0xE6FC, 0xE6FC, 0xE6FC, 0xE6FC, 0x6B4D, 0x0000, 0x0000, 0x0000, 0x0000, 0x0000, 0x0000, 0x0000, 0x0000, 0x0000, 0x0000,
    0x0000, 0x0000, 0x0000, 0x0000, 0x0000, 0x0000, 0x0000, 0x0000, 0x0000, 0x0000, 0x0000, 0x0000, 0x0000, 0x0000, 0x0000, 0x0000,
    0x0000, 0x0000, 0x0000, 0x0000, 0x0000, 0x0000, 0x0000, 0x0000, 0x0000, 0x0000, 0x0000, 0x0000, 0x0000, 0x0000, 0x0000, 0x0000,
    0x0000, 0x0000, 0x0000, 0x0000, 0x0000, 0x0000, 0x0000, 0x0000, 0x0000, 0x0000, 0x0000, 0x0000, 0x0000, 0x0000, 0x0000, 0x0000,
    0x0000, 0x0000, 0x0000, 0x0000, 0x0000, 0x0000, 0x0000, 0x0000, 0x0000, 0x0000, 0x0000, 0x0000, 0x0000, 0x0000, 0x0000, 0x0000,
    0x0000, 0x0000, 0x0000, 0x0000, 0x0000, 0x0000, 0x0000, 0x0000, 0x0000, 0x0000, 0x0000, 0x0000, 0x0000, 0x0000, 0x0000, 0x0000,
    0x0000, 0x0000, 0x0000, 0x0000, 0x0000, 0x0000, 0x0000, 0x0000, 0x0000, 0x0000, 0x0000, 0x0000, 0x0000, 0x0000, 0x0000, 0x0000,
    0x0000, 0x0000, 0x0000, 0x0000, 0x0000, 0x0000, 0x0000, 0x0000, 0x0000, 0x0000, 0x0000, 0x0000, 0x0000, 0x0000, 0x0000, 0x0000,
    0x0000, 0x0000, 0x0000, 0x0000, 0x0000, 0x0000, 0x0000, 0x0000, 0x0000, 0x0000, 0x0000, 0x0000, 0x0000, 0x0000, 0x0000, 0x0000,
    0x0000, 0x0000, 0x0000, 0x0000, 0x0000, 0x0000, 0x0000, 0x0000, 0x0000, 0x0000, 0x0000, 0x0000, 0x0000, 0x0000, 0x0000, 0x0000,
    0x0000, 0x0000, 0x0000, 0x0000, 0x0000, 0x0000, 0x0000, 0x0000, 0x0000, 0x0000, 0x0000, 0x0000, 0x0000, 0x0000, 0x0000, 0x0000,
    0x0000, 0x0000, 0x0000, 0x0000, 0x0000, 0x0000, 0x0000, 0x0000, 0x0000, 0x0000, 0x0000, 0x0000, 0x0000, 0x0000, 0x0000, 0x0000,
    0x0000, 0x0000, 0x0000, 0x0000, 0x0000, 0x0000, 0x0000, 0x0000, 0x0000, 0x0000, 0x0000, 0x0000, 0x0000, 0x0000, 0x0000, 0x0000,
    0x0000, 0x0000, 0x0000, 0x0000, 0x0000, 0x0000, 0x0000, 0x0000, 0x0000, 0x0000, 0x0000, 0x0000, 0x0000, 0x0000, 0x0000, 0x0000,
    0x0000, 0x0000, 0x0000, 0x0000, 0x0000, 0x0000, 0x0000, 0x0000, 0x0000, 0x0000, 0x0000, 0x0000, 0x0000, 0x0000, 0x0000, 0x0000,
    0x0000, 0x0000, 0x0000, 0x6B4D, 0xE6FC, 0xE6FC, 0xE6FC, 0xE6FC, 0xE6FC, 0xE6FC, 0xE6FC, 0xE6FC, 0xE6FC, 0xE6FC, 0xE6FC, 0xE6FC,
    0xE6FC, 0xE6FC, 0xE6FC, 0xE6FC, 0xE6FC, 0xE6FC, 0xE6FC, 0xE6FC, 0xE6FC, 0xE6FC, 0xE6FC, 0xE6FC, 0xE6FC, 0xE6FC, 0xE6FC, 0xE6FC,
    0xE6FC, 0xE6FC, 0xE6FC, 0xE6FC, 0xE6FC, 0xE6FC, 0xE6FC, 0xE6FC, 0xE6FC, 0xE6FC, 0xE6FC, 0xE6FC, 0xE6FC, 0xE6FC, 0xE6FC, 0xE6FC,
    0xE6FC, 0xE6FC, 0xE6FC, 0xE6FC, 0xE6FC, 0xE6FC, 0xE6FC, 0xE6FC, 0xE6FC, 0xE6FC, 0xE6FC, 0xE6FC, 0xE6FC, 0xE6FC, 0xE6FC, 0xE6FC,
    0xAD55, 0x0000, 0x0000, 0x0000, 0x0000, 0x0000, 0x0000, 0x0000, 0x0000, 0x0000, 0x0000, 0x0000, 0x0000, 0x0000, 0x0000, 0x0000,
    0x0000, 0x0000, 0x0000, 0x0000, 0x0000, 0x0000, 0x0000, 0x0000, 0x0000, 0x0000, 0x0000, 0x0000, 0x0000, 0x0000, 0x0000, 0x0000,
    0x0000, 0x0000, 0x0000, 0x0000, 0x0000, 0x0000, 0x0000, 0x0000, 0x0000, 0x0000, 0x0000, 0x0000, 0x0000, 0x0000, 0x0000, 0x0000,
    0x0000, 0x0000, 0x0000, 0x0000, 0x0000, 0x0000, 0x0000, 0x0000, 0x0000, 0x0000, 0x0000, 0x0000, 0x0000, 0x0000, 0x0000, 0x0000,
    0x0000, 0x0000, 0x0000, 0x0000, 0x0000, 0x0000, 0x0000, 0x0000, 0x0000, 0x0000, 0x0000, 0x0000, 0x0000, 0x0000, 0x0000, 0x0000,
    0x0000, 0x0000, 0x0000, 0x0000, 0x0000, 0x0000, 0x0000, 0x0000, 0x0000, 0x0000, 0x0000, 0x0000, 0x0000, 0x0000, 0x0000, 0x0000,
    0x0000, 0x0000, 0x0000, 0x0000, 0x0000, 0x0000, 0x0000, 0x0000, 0x0000, 0x0000, 0x0000, 0x0000, 0x0000, 0x0000, 0x0000, 0x0000,
    0x0000, 0x0000, 0x0000, 0x0000, 0x0000, 0x0000, 0x0000, 0x0000, 0x0000, 0x0000, 0x0000, 0x0000, 0x0000, 0x0000, 0x0000, 0x0000,
    0x0000, 0x0000, 0x0000, 0x0000, 0x0000, 0x0000, 0x0000, 0x0000, 0x0000, 0x0000, 0x0000, 0x0000, 0x0000, 0x0000, 0x0000, 0x0000,
    0x0000, 0x0000, 0x0000, 0x0000, 0x0000, 0x0000, 0x0000, 0x0000, 0x0000, 0x0000, 0x0000, 0x0000, 0x0000, 0x0000, 0x0000, 0x0000,
    0x0000, 0x0000, 0x0000, 0x0000, 0x0000, 0x0000, 0x0000, 0x0000, 0x0000, 0x0000, 0x0000, 0x0000, 0x0000, 0x0000, 0x0000, 0x0000,
    0x0000, 0x0000, 0x0000, 0x0000, 0x0000, 0x0000, 0x0000, 0x0000, 0x0000, 0x0000, 0x0000, 0x0000, 0x0000, 0x0000, 0x0000, 0x0000,
    0x0000, 0x0000, 0x0000, 0x0000, 0x0000, 0x0000, 0x0000, 0x0000, 0x0000, 0x0000, 0x0000, 0x0000, 0x0000, 0x0000, 0x0000, 0x0000,
    0x0000, 0x0000, 0x0000, 0x0000, 0x0000, 0x0000, 0x0000, 0x0000, 0x0000, 0x0000, 0x0000, 0x0000, 0x0000, 0x0000, 0x0000, 0x0000,
    0x0000, 0x0000, 0x0000, 0x0000, 0x0000, 0x0000, 0x0000, 0x0000, 0x0000, 0x0000, 0x0000, 0x0000, 0x0000, 0x0000, 0x0000, 0x0000,
    0xAD55, 0xE6FC, 0xE6FC, 0xE6FC, 0xE6FC, 0xE6FC, 0xE6FC, 0xE6FC, 0xE6FC, 0xE6FC, 0xE6FC, 0xE6FC, 0xE6FC, 0xE6FC, 0xE6FC, 0xE6FC,
    0xE6FC, 0xE6FC, 0xE6FC, 0xE6FC, 0xE6FC, 0xE6FC, 0xE6FC, 0xE6FC, 0xE6FC, 0xE6FC, 0xE6FC, 0xE6FC, 0xE6FC, 0xE6FC, 0xE6FC, 0xE6FC,
    0xE6FC, 0xE6FC, 0xE6FC, 0xE6FC, 0xE6FC, 0xE6FC, 0xE6FC, 0xE6FC, 0xE6FC, 0xE6FC, 0xE6FC, 0xE6FC, 0xE6FC, 0xE6FC, 0xE6FC, 0xE6FC,
    0xE6FC, 0xE6FC, 0xE6FC, 0xE6FC, 0xE6FC, 0xE6FC, 0xE6FC, 0xE6FC, 0xE6FC, 0xE6FC, 0xE6FC, 0xE6FC, 0x2965, 0x0000, 0x0000, 0x0000,
    0x0000, 0x0000, 0x0000, 0x0000, 0x0000, 0x0000, 0x0000, 0x0000, 0x0000, 0x0000, 0x0000, 0x0000, 0x0000, 0x0000, 0x0000, 0x0000,
    0x0000, 0x0000, 0x0000, 0x0000, 0x0000, 0x0000, 0x0000, 0x0000, 0x0000, 0x0000, 0x0000, 0x0000, 0x0000, 0x0000, 0x0000, 0x0000,
    0x0000, 0x0000, 0x0000, 0x0000, 0x0000, 0x0000, 0x0000, 0x0000, 0x0000, 0x0000, 0x0000, 0x0000, 0x0000, 0x0000, 0x0000, 0x0000,
    0x0000, 0x0000, 0x0000, 0x0000, 0x0000, 0x0000, 0x0000, 0x0000, 0x0000, 0x0000, 0x0000, 0x0000, 0x0000, 0x0000, 0x0000, 0x0000,
    0x0000, 0x0000, 0x0000, 0x0000, 0x0000, 0x0000, 0x0000, 0x0000, 0x0000, 0x0000, 0x0000, 0x0000, 0x0000, 0x0000, 0x0000, 0x0000,
    0x0000, 0x0000, 0x0000, 0x0000, 0x0000, 0x0000, 0x0000, 0x0000, 0x0000, 0x0000, 0x0000, 0x0000, 0x0000, 0x0000, 0x0000, 0x0000,
    0x0000, 0x0000, 0x0000, 0x0000, 0x0000, 0x0000, 0x0000, 0x0000, 0x0000, 0x0000, 0x0000, 0x0000, 0x0000, 0x0000, 0x0000, 0x0000,
    0x0000, 0x0000, 0x0000, 0x0000, 0x0000, 0x0000, 0x0000, 0x0000, 0x0000, 0x0000, 0x0000, 0x0000, 0x0000, 0x0000, 0x0000, 0x0000,
    0x0000, 0x0000, 0x0000, 0x0000, 0x0000, 0x0000, 0x0000, 0x0000, 0x0000, 0x0000, 0x0000, 0x0000, 0x0000, 0x0000, 0x0000, 0x0000,
    0x0000, 0x0000, 0x0000, 0x0000, 0x0000, 0x0000, 0x0000, 0x0000, 0x0000, 0x0000, 0x0000, 0x0000, 0x0000, 0x0000, 0x0000, 0x0000,
    0x0000, 0x0000, 0x0000, 0x0000, 0x0000, 0x0000, 0x0000, 0x0000, 0x0000, 0x0000, 0x0000, 0x0000, 0x0000, 0x0000, 0x0000, 0x0000,
    0x0000, 0x0000, 0x0000, 0x0000, 0x0000, 0x0000, 0x0000, 0x0000, 0x0000, 0x0000, 0x0000, 0x0000, 0x0000, 0x0000, 0x0000, 0x0000,
    0x0000, 0x0000, 0x0000, 0x0000, 0x0000, 0x0000, 0x0000, 0x0000, 0x0000, 0x0000, 0x0000, 0x0000, 0x0000, 0x0000, 0x0000, 0x0000,
    0x0000, 0x0000, 0x0000, 0x0000, 0x0000, 0x0000, 0x0000, 0x0000, 0x0000, 0x0000, 0x0000, 0x0000, 0x0000, 0x0000, 0x0000, 0x0000,
    0x0000, 0x0000, 0x0000, 0x0000, 0x0000, 0x0000, 0x0000, 0x0000, 0x0000, 0x0000, 0x0000, 0x0000, 0x2965, 0xE6FC, 0xE6FC, 0xE6FC,
    0xE6FC, 0xE6FC, 0xE6FC, 0xE6FC, 0xE6FC, 0xE6FC, 0xE6FC, 0xE6FC, 0xE6FC, 0xE6FC, 0xE6FC, 0xE6FC, 0xE6FC, 0xE6FC, 0xE6FC, 0xE6FC,
    0xE6FC, 0xE6FC, 0xE6FC, 0xE6FC, 0xE6FC, 0xE6FC, 0xE6FC, 0xE6FC, 0xE6FC, 0xE6FC, 0xE6FC, 0xE6FC, 0xE6FC, 0xE6FC, 0xE6FC, 0xE6FC,
    0xE6FC, 0xE6FC, 0xE6FC, 0xE6FC, 0xE6FC, 0xE6FC, 0xE6FC, 0xE6FC, 0xE6FC, 0xE6FC, 0xE6FC, 0xE6FC, 0xE6FC, 0xE6FC, 0xE6FC, 0xE6FC,
    0xE6FC, 0xE6FC, 0xE6FC, 0xE6FC, 0xE6FC, 0xE6FC, 0xE6FC, 0x6B4D, 0x0000, 0x0000, 0x0000, 0x0000, 0x0000, 0x0000, 0x0000, 0x0000,
    0x0000, 0x0000, 0x0000, 0x0000, 0x0000, 0x0000, 0x0000, 0x0000, 0x0000, 0x0000, 0x0000, 0x0000, 0x0000, 0x0000, 0x0000, 0x0000,
    0x0000, 0x0000, 0x0000, 0x0000, 0x0000, 0x0000, 0x0000, 0x0000, 0x0000, 0x0000, 0x0000, 0x0000, 0x0000, 0x0000, 0x0000, 0x0000,
    0x0000, 0x0000, 0x0000, 0x0000, 0x0000, 0x0000, 0x0000, 0x0000, 0x0000, 0x0000, 0x0000, 0x0000, 0x0000, 0x0000, 0x0000, 0x0000,
    0x0000, 0x0000, 0x0000, 0x0000, 0x0000, 0x0000, 0x0000, 0x0000, 0x0000, 0x0000, 0x0000, 0x0000, 0x0000, 0x0000, 0x0000, 0x0000,
    0x0000, 0x0000, 0x0000, 0x0000, 0x0000, 0x0000, 0x0000, 0x0000, 0x0000, 0x0000, 0x0000, 0x0000, 0x0000, 0x0000, 0x0000, 0x0000,
    0x0000, 0x0000, 0x0000, 0x0000, 0x0000, 0x0000, 0x0000, 0x0000, 0x0000, 0x0000, 0x0000, 0x0000, 0x0000, 0x0000, 0x0000, 0x0000,
    0x0000, 0x0000, 0x0000, 0x0000, 0x0000, 0x0000, 0x0000, 0x0000, 0x0000, 0x0000, 0x0000, 0x0000, 0x0000, 0x0000, 0x0000, 0x0000,
    0x0000, 0x0000, 0x0000, 0x0000, 0x0000, 0x0000, 0x0000, 0x0000, 0x0000, 0x0000, 0x0000, 0x0000, 0x0000, 0x0000, 0x0000, 0x0000,
    0x0000, 0x0000, 0x0000, 0x0000, 0x0000, 0x0000, 0x0000, 0x0000, 0x0000, 0x0000, 0x0000, 0x0000, 0x0000, 0x0000, 0x0000, 0x0000,
    0x0000, 0x0000, 0x0000, 0x0000, 0x0000, 0x0000, 0x0000, 0x0000, 0x0000, 0x0000, 0x0000, 0x0000, 0x0000, 0x0000, 0x0000, 0x0000,
    0x0000, 0x0000, 0x0000, 0x0000, 0x0000, 0x0000, 0x0000, 0x0000, 0x0000, 0x0000, 0x0000, 0x0000, 0x0000, 0x0000, 0x0000, 0x0000,
    0x0000, 0x0000, 0x0000, 0x0000, 0x0000, 0x0000, 0x0000, 0x0000, 0x0000, 0x0000, 0x0000, 0x0000, 0x0000, 0x0000, 0x0000, 0x0000,
    0x0000, 0x0000, 0x0000, 0x0000, 0x0000, 0x0000, 0x0000, 0x0000, 0x0000, 0x0000, 0x0000, 0x0000, 0x0000, 0x0000, 0x0000, 0x0000,
    0x0000, 0x0000, 0x0000, 0x0000, 0x0000, 0x0000, 0x0000, 0x0000, 0x0000, 0x0000, 0x0000, 0x0000, 0x0000, 0x0000, 0x0000, 0x0000,
    0x0000, 0x0000, 0x0000, 0x0000, 0x0000, 0x0000, 0x0000, 0x0000, 0x0000, 0x6B4D, 0xE6FC, 0xE6FC, 0xE6FC, 0xE6FC, 0xE6FC, 0xE6FC,
    0xE6FC, 0xE6FC, 0xE6FC, 0xE6FC, 0xE6FC, 0xE6FC, 0xE6FC, 0xE6FC, 0xE6FC, 0xE6FC, 0xE6FC, 0xE6FC, 0xE6FC, 0xE6FC, 0xE6FC, 0xE6FC,
    0xE6FC, 0xE6FC, 0xE6FC, 0xE6FC, 0xE6FC, 0xE6FC, 0xE6FC, 0xE6FC, 0xE6FC, 0xE6FC, 0xE6FC, 0xE6FC, 0xE6FC, 0xE6FC, 0xE6FC, 0xE6FC,
    0xE6FC, 0xE6FC, 0xE6FC, 0xE6FC, 0xE6FC, 0xE6FC, 0xE6FC, 0xE6FC, 0xE6FC, 0xE6FC, 0xE6FC, 0xE6FC, 0xE6FC, 0xE6FC, 0xE6FC, 0xE6FC,
    0xE6FC, 0xE6FC, 0xAD55, 0x0000, 0x0000, 0x0000, 0x0000, 0x0000, 0x0000, 0x0000, 0x0000, 0x0000, 0x0000, 0x0000, 0x0000, 0x0000,
    0x0000, 0x0000, 0x0000, 0x0000, 0x0000, 0x0000, 0x0000, 0x0000, 0x0000, 0x0000, 0x0000, 0x0000, 0x0000, 0x0000, 0x0000, 0x0000,
    0x0000, 0x0000, 0x0000, 0x0000, 0x0000, 0x0000, 0x0000, 0x0000, 0x0000, 0x0000, 0x0000, 0x0000, 0x0000, 0x0000, 0x0000, 0x0000,
    0x0000, 0x0000, 0x0000, 0x0000, 0x0000, 0x0000, 0x0000, 0x0000, 0x0000, 0x0000, 0x0000, 0x0000, 0x0000, 0x0000, 0x0000, 0x0000,
    0x0000, 0x0000, 0x0000, 0x0000, 0x0000, 0x0000, 0x0000, 0x0000, 0x0000, 0x0000, 0x0000, 0x0000, 0x0000, 0x0000, 0x0000, 0x0000,
    0x0000, 0x0000, 0x0000, 0x0000, 0x0000, 0x0000, 0x0000, 0x0000, 0x0000, 0x0000, 0x0000, 0x0000, 0x0000, 0x0000, 0x0000, 0x0000,
    0x0000, 0x0000, 0x0000, 0x0000, 0x0000, 0x0000, 0x0000, 0x0000, 0x0000, 0x0000, 0x0000, 0x0000, 0x0000, 0x0000, 0x0000, 0x0000,
    0x0000, 0x0000, 0x0000, 0x0000, 0x0000, 0x0000, 0x0000, 0x0000, 0x0000, 0x0000, 0x0000, 0x0000, 0x0000, 0x0000, 0x0000, 0x0000,
    0x0000, 0x0000, 0x0000, 0x0000, 0x0000, 0x0000, 0x0000, 0x0000, 0x0000, 0x0000, 0x0000, 0x0000, 0x0000, 0x0000, 0x0000, 0x0000,
    0x0000, 0x0000, 0x0000, 0x0000, 0x0000, 0x0000, 0x0000, 0x0000, 0x0000, 0x0000, 0x0000, 0x0000, 0x0000, 0x0000, 0x0000, 0x0000,
    0x0000, 0x0000, 0x0000, 0x0000, 0x0000, 0x0000, 0x0000, 0x0000, 0x0000, 0x0000, 0x0000, 0x0000, 0x0000, 0x0000, 0x0000, 0x0000,
    0x0000, 0x0000, 0x0000, 0x0000, 0x0000, 0x0000, 0x0000, 0x0000, 0x0000, 0x0000, 0x0000, 0x0000, 0x0000, 0x0000, 0x0000, 0x0000,
    0x0000, 0x0000, 0x0000, 0x0000, 0x0000, 0x0000, 0x0000, 0x0000, 0x0000, 0x0000, 0x0000, 0x0000, 0x0000, 0x0000, 0x0000, 0x0000,
    0x0000, 0x0000, 0x0000, 0x0000, 0x0000, 0x0000, 0x0000, 0x0000, 0x0000, 0x0000, 0x0000, 0x0000, 0x0000, 0x0000, 0x0000, 0x0000,
    0x0000, 0x0000, 0x0000, 0x0000, 0x0000, 0x0000, 0x0000, 0x0000, 0x0000, 0x0000, 0x0000, 0x0000, 0x0000, 0x0000, 0x0000, 0x0000,
    0x0000, 0x0000, 0x0000, 0x0000, 0x0000, 0x0000, 0xAD55, 0xE6FC, 0xE6FC, 0xE6FC, 0xE6FC, 0xE6FC, 0xE6FC, 0xE6FC, 0xE6FC, 0xE6FC,
    0xE6FC, 0xE6FC, 0xE6FC, 0xE6FC, 0xE6FC, 0xE6FC, 0xE6FC, 0xE6FC, 0xE6FC, 0xE6FC, 0xE6FC, 0xE6FC, 0xE6FC, 0xE6FC, 0xE6FC, 0xE6FC,
    0xE6FC, 0xE6FC, 0xE6FC, 0xE6FC, 0xE6FC, 0xE6FC, 0xE6FC, 0xE6FC, 0xE6FC, 0xE6FC, 0xE6FC, 0xE6FC, 0xE6FC, 0xE6FC, 0xE6FC, 0xE6FC,
    0xE6FC, 0xE6FC, 0xE6FC, 0xE6FC, 0xE6FC, 0xE6FC, 0xE6FC, 0xE6FC, 0xE6FC, 0xE6FC, 0xE6FC, 0xE6FC, 0xE6FC, 0xE6FC, 0x2965, 0x0000,
    0x0000, 0x0000, 0x0000, 0x0000, 0x0000, 0x0000, 0x0000, 0x0000, 0x0000, 0x0000, 0x0000, 0x0000, 0x0000, 0x0000, 0x0000, 0x0000,
    0x0000, 0x0000, 0x0000, 0x0000, 0x0000, 0x0000, 0x0000, 0x0000, 0x0000, 0x0000, 0x0000, 0x0000, 0x0000, 0x0000, 0x0000, 0x0000,
    0x0000, 0x0000, 0x0000, 0x0000, 0x0000, 0x0000, 0x0000, 0x0000, 0x0000, 0x0000, 0x0000, 0x0000, 0x0000, 0x0000, 0x0000, 0x0000,
    0x0000, 0x0000, 0x0000, 0x0000, 0x0000, 0x0000, 0x0000, 0x0000, 0x0000, 0x0000, 0x0000, 0x0000, 0x0000, 0x0000, 0x0000, 0x0000,
    0x0000, 0x0000, 0x0000, 0x0000, 0x0000, 0x0000, 0x0000, 0x0000, 0x0000, 0x0000, 0x0000, 0x0000, 0x0000, 0x0000, 0x0000, 0x0000,
    0x0000, 0x0000, 0x0000, 0x0000, 0x0000, 0x0000, 0x0000, 0x0000, 0x0000, 0x0000, 0x0000, 0x0000, 0x0000, 0x0000, 0x0000, 0x0000,
    0x0000, 0x0000, 0x0000, 0x0000, 0x0000, 0x0000, 0x0000, 0x0000, 0x0000, 0x0000, 0x0000, 0x0000, 0x0000, 0x0000, 0x0000, 0x0000,
    0x0000, 0x0000, 0x0000, 0x0000, 0x0000, 0x0000, 0x0000, 0x0000, 0x0000, 0x0000, 0x0000, 0x0000, 0x0000, 0x0000, 0x0000, 0x0000,
    0x0000, 0x0000, 0x0000, 0x0000, 0x0000, 0x0000, 0x0000, 0x0000, 0x0000, 0x0000, 0x0000, 0x0000, 0x0000, 0x0000, 0x0000, 0x0000,
    0x0000, 0x0000, 0x0000, 0x0000, 0x0000, 0x0000, 0x0000, 0x0000, 0x0000, 0x0000, 0x0000, 0x0000, 0x0000, 0x0000, 0x0000, 0x0000,
    0x0000, 0x0000, 0x0000, 0x0000, 0x0000, 0x0000, 0x0000, 0x0000, 0x0000, 0x0000, 0x0000, 0x0000, 0x0000, 0x0000, 0x0000, 0x0000,
    0x0000, 0x0000, 0x0000, 0x0000, 0x0000, 0x0000, 0x0000, 0x0000, 0x0000, 0x0000, 0x0000, 0x0000, 0x0000, 0x0000, 0x0000, 0x0000,
    0x0000, 0x0000, 0x0000, 0x0000, 0x0000, 0x0000, 0x0000, 0x0000, 0x0000, 0x0000, 0x0000, 0x0000, 0x0000, 0x0000, 0x0000, 0x0000,
    0x0000, 0x0000, 0x0000, 0x0000, 0x0000, 0x0000, 0x0000, 0x0000, 0x0000, 0x0000, 0x0000, 0x0000, 0x0000, 0x0000, 0x0000, 0x0000,
    0x0000, 0x0000, 0x0000, 0x0000, 0x0000, 0x0000, 0x0000, 0x0000, 0x0000, 0x0000, 0x0000, 0x0000, 0x0000, 0x0000, 0x0000, 0x0000,
    0x0000, 0x0000, 0x2965, 0xE6FC, 0xE6FC, 0xE6FC, 0xE6FC, 0xE6FC, 0xE6FC, 0xE6FC, 0xE6FC, 0xE6FC, 0xE6FC, 0xE6FC, 0xE6FC, 0xE6FC,
    0xE6FC, 0xE6FC, 0xE6FC, 0xE6FC, 0xE6FC, 0xE6FC, 0xE6FC, 0xE6FC, 0xE6FC, 0xE6FC, 0xE6FC, 0xE6FC, 0xE6FC, 0xE6FC, 0xE6FC, 0xE6FC,
    0xE6FC, 0xE6FC, 0xE6FC, 0xE6FC, 0xE6FC, 0xE6FC, 0xE6FC, 0xE6FC, 0xE6FC, 0xE6FC, 0xE6FC, 0xE6FC, 0xE6FC, 0xE6FC, 0xE6FC, 0xE6FC,
    0xE6FC, 0xE6FC, 0xE6FC, 0xE6FC, 0xE6FC, 0xE6FC, 0xE6FC, 0xE6FC, 0xE6FC, 0x6B4D, 0x0000, 0x0000, 0x0000, 0x0000, 0x0000, 0x0000,
    0x0000, 0x0000, 0x0000, 0x0000, 0x0000, 0x0000, 0x0000, 0x0000, 0x0000, 0x0000, 0x0000, 0x0000, 0x0000, 0x0000, 0x0000, 0x0000,
    0x0000, 0x0000, 0x0000, 0x0000, 0x0000, 0x0000, 0x0000, 0x0000, 0x0000, 0x0000, 0x0000, 0x0000, 0x0000, 0x0000, 0x0000, 0x0000,
    0x0000, 0x0000, 0x0000, 0x0000, 0x0000, 0x0000, 0x0000, 0x0000, 0x0000, 0x0000, 0x0000, 0x0000, 0x0000, 0x0000, 0x0000, 0x0000,
    0x0000, 0x0000, 0x0000, 0x0000, 0x0000, 0x0000, 0x0000, 0x0000, 0x0000, 0x0000, 0x0000, 0x0000, 0x0000, 0x0000, 0x0000, 0x0000,
    0x0000, 0x0000, 0x0000, 0x0000, 0x0000, 0x0000, 0x0000, 0x0000, 0x0000, 0x0000, 0x0000, 0x0000, 0x0000, 0x0000, 0x0000, 0x0000,
    0x0000, 0x0000, 0x0000, 0x0000, 0x0000, 0x0000, 0x0000, 0x0000, 0x0000, 0x0000, 0x0000, 0x0000, 0x0000, 0x0000, 0x0000, 0x0000,
    0x0000, 0x0000, 0x0000, 0x0000, 0x0000, 0x0000, 0x0000, 0x0000, 0x0000, 0x0000, 0x0000, 0x0000, 0x0000, 0x0000, 0x0000, 0x0000,
    0x0000, 0x0000, 0x0000, 0x0000, 0x0000, 0x0000, 0x0000, 0x0000, 0x0000, 0x0000, 0x0000, 0x0000, 0x0000, 0x0000, 0x0000, 0x0000,
    0x0000, 0x0000, 0x0000, 0x0000, 0x0000, 0x0000, 0x0000, 0x0000, 0x0000, 0x0000, 0x0000, 0x0000, 0x0000, 0x0000, 0x0000, 0x0000,
    0x0000, 0x0000, 0x0000, 0x0000, 0x0000, 0x0000, 0x0000, 0x0000, 0x0000, 0x0000, 0x0000, 0x0000, 0x0000, 0x0000, 0x0000, 0x0000,
    0x0000, 0x0000, 0x0000, 0x0000, 0x0000, 0x0000, 0x0000, 0x0000, 0x0000, 0x0000, 0x0000, 0x0000, 0x0000, 0x0000, 0x0000, 0x0000,
    0x0000, 0x0000, 0x0000, 0x0000, 0x0000, 0x0000, 0x0000, 0x0000, 0x0000, 0x0000, 0x0000, 0x0000, 0x0000, 0x0000, 0x0000, 0x0000,
    0x0000, 0x0000, 0x0000, 0x0000, 0x0000, 0x0000, 0x0000, 0x0000, 0x0000, 0x0000, 0x0000, 0x0000, 0x0000, 0x0000, 0x0000, 0x0000,
    0x0000, 0x0000, 0x0000, 0x0000, 0x0000, 0x0000, 0x0000, 0x0000, 0x0000, 0x0000, 0x0000, 0x0000, 0x0000, 0x0000, 0x0000, 0x0000,
    0x0000, 0x0000, 0x0000, 0x0000, 0x0000, 0x0000, 0x0000, 0x0000, 0x0000, 0x0000, 0x0000, 0x0000, 0x0000, 0x0000, 0x0000, 0x6B4D,
    0xE6FC, 0xE6FC, 0xE6FC, 0xE6FC, 0xE6FC, 0xE6FC, 0xE6FC, 0xE6FC, 0xE6FC, 0xE6FC, 0xE6FC, 0xE6FC, 0xE6FC, 0xE6FC, 0xE6FC, 0xE6FC,
    0xE6FC, 0xE6FC, 0xE6FC, 0xE6FC, 0xE6FC, 0xE6FC, 0xE6FC, 0xE6FC, 0xE6FC, 0xE6FC, 0xE6FC, 0xE6FC, 0xE6FC, 0xE6FC, 0xE6FC, 0xE6FC,
    0xE6FC, 0xE6FC, 0xE6FC, 0xE6FC, 0xE6FC, 0xE6FC, 0xE6FC, 0xE6FC, 0xE6FC, 0xE6FC, 0xE6FC, 0xE6FC, 0xE6FC, 0xE6FC, 0xE6FC, 0xE6FC,
    0xE6FC, 0xE6FC, 0xE6FC, 0xE6FC, 0xD659, 0x0000, 0x0000, 0x0000, 0x0000, 0x0000, 0x0000, 0x0000, 0x0000, 0x0000, 0x0000, 0x0000,
    0x0000, 0x0000, 0x0000, 0x0000, 0x0000, 0x0000, 0x0000, 0x0000, 0x0000, 0x0000, 0x0000, 0x0000, 0x0000, 0x0000, 0x0000, 0x0000,
    0x0000, 0x0000, 0x0000, 0x0000, 0x0000, 0x0000, 0x0000, 0x0000, 0x0000, 0x0000, 0x0000, 0x0000, 0x0000, 0x0000, 0x0000, 0x0000,
    0x0000, 0x0000, 0x0000, 0x0000, 0x0000, 0x0000, 0x0000, 0x0000, 0x0000, 0x0000, 0x0000, 0x0000, 0x0000, 0x0000, 0x0000, 0x0000,
    0x0000, 0x0000, 0x0000, 0x0000, 0x0000, 0x0000, 0x0000, 0x0000, 0x0000, 0x0000, 0x0000, 0x0000, 0x0000, 0x0000, 0x0000, 0x0000,
    0x0000, 0x0000, 0x0000, 0x0000, 0x0000, 0x0000, 0x0000, 0x0000, 0x0000, 0x0000, 0x0000, 0x0000, 0x0000, 0x0000, 0x0000, 0x0000,
    0x0000, 0x0000, 0x0000, 0x0000, 0x0000, 0x0000, 0x0000, 0x0000, 0x0000, 0x0000, 0x0000, 0x0000, 0x0000, 0x0000, 0x0000, 0x0000,
    0x0000, 0x0000, 0x0000, 0x0000, 0x0000, 0x0000, 0x0000, 0x0000, 0x0000, 0x0000, 0x0000, 0x0000, 0x0000, 0x0000, 0x0000, 0x0000,
    0x0000, 0x0000, 0x0000, 0x0000, 0x0000, 0x0000, 0x0000, 0x0000, 0x0000, 0x0000, 0x0000, 0x0000, 0x0000, 0x0000, 0x0000, 0x0000,
    0x0000, 0x0000, 0x0000, 0x0000, 0x0000, 0x0000, 0x0000, 0x0000, 0x0000, 0x0000, 0x0000, 0x0000, 0x0000, 0x0000, 0x0000, 0x0000,
    0x0000, 0x0000, 0x0000, 0x0000, 0x0000, 0x0000, 0x0000, 0x0000, 0x0000, 0x0000, 0x0000, 0x0000, 0x0000, 0x0000, 0x0000, 0x0000,
    0x0000, 0x0000, 0x0000, 0x0000, 0x0000, 0x0000, 0x0000, 0x0000, 0x0000, 0x0000, 0x0000, 0x0000, 0x0000, 0x0000, 0x0000, 0x0000,
    0x0000, 0x0000, 0x0000, 0x0000, 0x0000, 0x0000, 0x0000, 0x0000, 0x0000, 0x0000, 0x0000, 0x0000, 0x0000, 0x0000, 0x0000, 0x0000,
    0x0000, 0x0000, 0x0000, 0x0000, 0x0000, 0x0000, 0x0000, 0x0000, 0x0000, 0x0000, 0x0000, 0x0000, 0x0000, 0x0000, 0x0000, 0x0000,
    0x0000, 0x0000, 0x0000, 0x0000, 0x0000, 0x0000, 0x0000, 0x0000, 0x0000, 0x0000, 0x0000, 0x0000, 0x0000, 0x0000, 0x0000, 0x0000,
    0x0000, 0x0000, 0x0000, 0x0000, 0x0000, 0x0000, 0x0000, 0x0000, 0x0000, 0x0000, 0x0000, 0x0000, 0xAD55, 0xE6FC, 0xE6FC, 0xE6FC,
    0xE6FC, 0xE6FC, 0xE6FC, 0xE6FC, 0xE6FC, 0xE6FC, 0xE6FC, 0xE6FC, 0xE6FC, 0xE6FC, 0xE6FC, 0xE6FC, 0xE6FC, 0xE6FC, 0xE6FC, 0xE6FC,
    0xE6FC, 0xE6FC, 0xE6FC, 0xE6FC, 0xE6FC, 0xE6FC, 0xE6FC, 0xE6FC, 0xE6FC, 0xE6FC, 0xE6FC, 0xE6FC, 0xE6FC, 0xE6FC, 0xE6FC, 0xE6FC,
    0xE6FC, 0xE6FC, 0xE6FC, 0xE6FC, 0xE6FC, 0xE6FC, 0xE6FC, 0xE6FC, 0xE6FC, 0xE6FC, 0xE6FC, 0xE6FC, 0xE6FC, 0xE6FC, 0xE6FC, 0xE6FC,
    0x2965, 0x0000, 0x0000, 0x0000, 0x0000, 0x0000, 0x0000, 0x0000, 0x0000, 0x0000, 0x0000, 0x0000, 0x0000, 0x0000, 0x0000, 0x0000,
    0x0000, 0x0000, 0x0000, 0x0000, 0x0000, 0x0000, 0x0000, 0x0000, 0x0000, 0x0000, 0x0000, 0x0000, 0x0000, 0x0000, 0x0000, 0x0000,
    0x0000, 0x0000, 0x0000, 0x0000, 0x0000, 0x0000, 0x0000, 0x0000, 0x0000, 0x0000, 0x0000, 0x0000, 0x0000, 0x0000, 0x0000, 0x0000,
    0x0000, 0x0000, 0x0000, 0x0000, 0x0000, 0x0000, 0x0000, 0x0000, 0x0000, 0x0000, 0x0000, 0x0000, 0x0000, 0x0000, 0x0000, 0x0000,
    0x0000, 0x0000, 0x0000, 0x0000, 0x0000, 0x0000, 0x0000, 0x0000, 0x0000, 0x0000, 0x0000, 0x0000, 0x0000, 0x0000, 0x0000, 0x0000,
    0x0000, 0x0000, 0x0000, 0x0000, 0x0000, 0x0000, 0x0000, 0x0000, 0x0000, 0x0000, 0x0000, 0x0000, 0x0000, 0x0000, 0x0000, 0x0000,
    0x0000, 0x0000, 0x0000, 0x0000, 0x0000, 0x0000, 0x0000, 0x0000, 0x0000, 0x0000, 0x0000, 0x0000, 0x0000, 0x0000, 0x0000, 0x0000,
    0x0000, 0x0000, 0x0000, 0x0000, 0x0000, 0x0000, 0x0000, 0x0000, 0x0000, 0x0000, 0x0000, 0x0000, 0x0000, 0x0000, 0x0000, 0x0000,
    0x0000, 0x0000, 0x0000, 0x0000, 0x0000, 0x0000, 0x0000, 0x0000, 0x0000, 0x0000, 0x0000, 0x0000, 0x0000, 0x0000, 0x0000, 0x0000,
    0x0000, 0x0000, 0x0000, 0x0000, 0x0000, 0x0000, 0x0000, 0x0000, 0x0000, 0x0000, 0x0000, 0x0000, 0x0000, 0x0000, 0x0000, 0x0000,
    0x0000, 0x0000, 0x0000, 0x0000, 0x0000, 0x0000, 0x0000, 0x0000, 0x0000, 0x0000, 0x0000, 0x0000, 0x0000, 0x0000, 0x0000, 0x0000,
    0x0000, 0x0000, 0x0000, 0x0000, 0x0000, 0x0000, 0x0000, 0x0000, 0x0000, 0x0000, 0x0000, 0x0000, 0x0000, 0x0000, 0x0000, 0x0000,
    0x0000, 0x0000, 0x0000, 0x0000, 0x0000, 0x0000, 0x0000, 0x0000, 0x0000, 0x0000, 0x0000, 0x0000, 0x0000, 0x0000, 0x0000, 0x0000,
    0x0000, 0x0000, 0x0000, 0x0000, 0x0000, 0x0000, 0x0000, 0x0000, 0x0000, 0x0000, 0x0000, 0x0000, 0x0000, 0x0000, 0x0000, 0x0000,
    0x0000, 0x0000, 0x0000, 0x0000, 0x0000, 0x0000, 0x0000, 0x0000, 0x0000, 0x0000, 0x0000, 0x0000, 0x0000, 0x0000, 0x0000, 0x0000,
    0x0000, 0x0000, 0x0000, 0x0000, 0x0000, 0x0000, 0x0000, 0x0000, 0x2965, 0xE6FC, 0xE6FC, 0xE6FC, 0xE6FC, 0xE6FC, 0xE6FC, 0xE6FC,
    0xE6FC, 0xE6FC, 0xE6FC, 0xE6FC, 0xE6FC, 0xE6FC, 0xE6FC, 0xE6FC, 0xE6FC, 0xE6FC, 0xE6FC, 0xE6FC, 0xE6FC, 0xE6FC, 0xE6FC, 0xE6FC,
    0xE6FC, 0xE6FC, 0xE6FC, 0xE6FC, 0xE6FC, 0xE6FC, 0xE6FC, 0xE6FC, 0xE6FC, 0xE6FC, 0xE6FC, 0xE6FC, 0xE6FC, 0xE6FC, 0xE6FC, 0xE6FC,
    0xE6FC, 0xE6FC, 0xE6FC, 0xE6FC, 0xE6FC, 0xE6FC, 0xE6FC, 0xE6FC, 0xE6FC, 0xE6FC, 0xE6FC, 0x7BEF, 0x0000, 0x0000, 0x0000, 0x0000,
    0x0000, 0x0000, 0x0000, 0x0000, 0x0000, 0x0000, 0x0000, 0x0000, 0x0000, 0x0000, 0x0000, 0x0000, 0x0000, 0x0000, 0x0000, 0x0000,
    0x0000, 0x0000, 0x0000, 0x0000, 0x0000, 0x0000, 0x0000, 0x0000, 0x0000, 0x0000, 0x0000, 0x0000, 0x0000, 0x0000, 0x0000, 0x0000,
    0x0000, 0x0000, 0x0000, 0x0000, 0x0000, 0x0000, 0x0000, 0x0000, 0x0000, 0x0000, 0x0000, 0x0000, 0x0000, 0x0000, 0x0000, 0x0000,
    0x0000, 0x0000, 0x0000, 0x0000, 0x0000, 0x0000, 0x0000, 0x0000, 0x0000, 0x0000, 0x0000, 0x0000, 0x0000, 0x0000, 0x0000, 0x0000,
    0x0000, 0x0000, 0x0000, 0x0000, 0x0000, 0x0000, 0x0000, 0x0000, 0x0000, 0x0000, 0x0000, 0x0000, 0x0000, 0x0000, 0x0000, 0x0000,
    0x0000, 0x0000, 0x0000, 0x0000, 0x0000, 0x0000, 0x0000, 0x0000, 0x0000, 0x0000, 0x0000, 0x0000, 0x0000, 0x0000, 0x0000, 0x0000,
    0x0000, 0x0000, 0x0000, 0x0000, 0x0000, 0x0000, 0x0000, 0x0000, 0x0000, 0x0000, 0x0000, 0x0000, 0x0000, 0x0000, 0x0000, 0x0000,
    0x0000, 0x0000, 0x0000, 0x0000, 0x0000, 0x0000, 0x0000, 0x0000, 0x0000, 0x0000, 0x0000, 0x0000, 0x0000, 0x0000, 0x0000, 0x0000,
    0x0000, 0x0000, 0x0000, 0x0000, 0x0000, 0x0000, 0x0000, 0x0000, 0x0000, 0x0000, 0x0000, 0x0000, 0x0000, 0x0000, 0x0000, 0x0000,
    0x0000, 0x0000, 0x0000, 0x0000, 0x0000, 0x0000, 0x0000, 0x0000, 0x0000, 0x0000, 0x0000, 0x0000, 0x0000, 0x0000, 0x0000, 0x0000,
    0x0000, 0x0000, 0x0000, 0x0000, 0x0000, 0x0000, 0x0000, 0x0000, 0x0000, 0x0000, 0x0000, 0x0000, 0x0000, 0x0000, 0x0000, 0x0000,
    0x0000, 0x0000, 0x0000, 0x0000, 0x0000, 0x0000, 0x0000, 0x0000, 0x0000, 0x0000, 0x0000, 0x0000, 0x0000, 0x0000, 0x0000, 0x0000,
    0x0000, 0x0000, 0x0000, 0x0000, 0x0000, 0x0000, 0x0000, 0x0000, 0x0000, 0x0000, 0x0000, 0x0000, 0x0000, 0x0000, 0x0000, 0x0000,
    0x0000, 0x0000, 0x0000, 0x0000, 0x0000, 0x0000, 0x0000, 0x0000, 0x0000, 0x0000, 0x0000, 0x0000, 0x0000, 0x0000, 0x0000, 0x0000,
    0x0000, 0x0000, 0x0000, 0x0000, 0x0000, 0x0000, 0x0000, 0x0000, 0x0000, 0x0000, 0x0000, 0x0000, 0x0000, 0x0000, 0x0000, 0x0000,
    0x0000, 0x0000, 0x0000, 0x0000, 0x0000, 0x6B4D, 0xE6FC, 0xE6FC, 0xE6FC, 0xE6FC, 0xE6FC, 0xE6FC, 0xE6FC, 0xE6FC, 0xE6FC, 0xE6FC,
    0xE6FC, 0xE6FC, 0xE6FC, 0xE6FC, 0xE6FC, 0xE6FC, 0xE6FC, 0xE6FC, 0xE6FC, 0xE6FC, 0xE6FC, 0xE6FC, 0xE6FC, 0xE6FC, 0xE6FC, 0xE6FC,
    0xE6FC, 0xE6FC, 0xE6FC, 0xE6FC, 0xE6FC, 0xE6FC, 0xE6FC, 0xE6FC, 0xE6FC, 0xE6FC, 0xE6FC, 0xE6FC, 0xE6FC, 0xE6FC, 0xE6FC, 0xE6FC,
    0xE6FC, 0xE6FC, 0xE6FC, 0xE6FC, 0xE6FC, 0xE6FC, 0xD659, 0x0000, 0x0000, 0x0000, 0x0000, 0x0000, 0x0000, 0x0000, 0x0000, 0x0000,
    0x0000, 0x0000, 0x0000, 0x0000, 0x0000, 0x0000, 0x0000, 0x0000, 0x0000, 0x0000, 0x0000, 0x0000, 0x0000, 0x0000, 0x0000, 0x0000,
    0x0000, 0x0000, 0x0000, 0x0000, 0x0000, 0x0000, 0x0000, 0x0000, 0x0000, 0x0000, 0x0000, 0x0000, 0x0000, 0x0000, 0x0000, 0x0000,
    0x0000, 0x0000, 0x0000, 0x0000, 0x0000, 0x0000, 0x0000, 0x0000, 0x0000, 0x0000, 0x0000, 0x0000, 0x0000, 0x0000, 0x0000, 0x0000,
    0x0000, 0x0000, 0x0000, 0x0000, 0x0000, 0x0000, 0x0000, 0x0000, 0x0000, 0x0000, 0x0000, 0x0000, 0x0000, 0x0000, 0x0000, 0x0000,
    0x0000, 0x0000, 0x0000, 0x0000, 0x0000, 0x0000, 0x0000, 0x0000, 0x0000, 0x0000, 0x0000, 0x0000, 0x0000, 0x0000, 0x0000, 0x0000,
    0x0000, 0x0000, 0x0000, 0x0000, 0x0000, 0x0000, 0x0000, 0x0000, 0x0000, 0x0000, 0x0000, 0x0000, 0x0000, 0x0000, 0x0000, 0x0000,
    0x0000, 0x0000, 0x0000, 0x0000, 0x0000, 0x0000, 0x0000, 0x0000, 0x0000, 0x0000, 0x0000, 0x0000, 0x0000, 0x0000, 0x0000, 0x0000,
    0x0000, 0x0000, 0x0000, 0x0000, 0x0000, 0x0000, 0x0000, 0x0000, 0x0000, 0x0000, 0x0000, 0x0000, 0x0000, 0x0000, 0x0000, 0x0000,
    0x0000, 0x0000, 0x0000, 0x0000, 0x0000, 0x0000, 0x0000, 0x0000, 0x0000, 0x0000, 0x0000, 0x0000, 0x0000, 0x0000, 0x0000, 0x0000,
    0x0000, 0x0000, 0x0000, 0x0000, 0x0000, 0x0000, 0x0000, 0x0000, 0x0000, 0x0000, 0x0000, 0x0000, 0x0000, 0x0000, 0x0000, 0x0000,
    0x0000, 0x0000, 0x0000, 0x0000, 0x0000, 0x0000, 0x0000, 0x0000, 0x0000, 0x0000, 0x0000, 0x0000, 0x0000, 0x0000, 0x0000, 0x0000,
    0x0000, 0x0000, 0x0000, 0x0000, 0x0000, 0x0000, 0x0000, 0x0000, 0x0000, 0x0000, 0x0000, 0x0000, 0x0000, 0x0000, 0x0000, 0x0000,
    0x0000, 0x0000, 0x0000, 0x0000, 0x0000, 0x0000, 0x0000, 0x0000, 0x0000, 0x0000, 0x0000, 0x0000, 0x0000, 0x0000, 0x0000, 0x0000,
    0x0000, 0x0000, 0x0000, 0x0000, 0x0000, 0x0000, 0x0000, 0x0000, 0x0000, 0x0000, 0x0000, 0x0000, 0x0000, 0x0000, 0x0000, 0x0000,
    0x0000, 0x0000, 0x0000, 0x0000, 0x0000, 0x0000, 0x0000, 0x0000, 0x0000, 0x0000, 0x0000, 0x0000, 0x0000, 0x0000, 0x0000, 0x0000,
    0x0000, 0x0000, 0xAD55, 0xE6FC, 0xE6FC, 0xE6FC, 0xE6FC, 0xE6FC, 0xE6FC, 0xE6FC, 0xE6FC, 0xE6FC, 0xE6FC, 0xE6FC, 0xE6FC, 0xE6FC,
    0xE6FC, 0xE6FC, 0xE6FC, 0xE6FC, 0xE6FC, 0xE6FC, 0xE6FC, 0xE6FC, 0xE6FC, 0xE6FC, 0xE6FC, 0xE6FC, 0xE6FC, 0xE6FC, 0xE6FC, 0xE6FC,
    0xE6FC, 0xE6FC, 0xE6FC, 0xE6FC, 0xE6FC, 0xE6FC, 0xE6FC, 0xE6FC, 0xE6FC, 0xE6FC, 0xE6FC, 0xE6FC, 0xE6FC, 0xE6FC, 0xE6FC, 0xE6FC,
    0xE6FC, 0xE6FC, 0x2965, 0x0000, 0x0000, 0x0000, 0x0000, 0x0000, 0x0000, 0x0000, 0x0000, 0x0000, 0x0000, 0x0000, 0x0000, 0x0000,
    0x0000, 0x0000, 0x0000, 0x0000, 0x0000, 0x0000, 0x0000, 0x0000, 0x0000, 0x0000, 0x0000, 0x0000, 0x0000, 0x0000, 0x0000, 0x0000,
    0x0000, 0x0000, 0x0000, 0x0000, 0x0000, 0x0000, 0x0000, 0x0000, 0x0000, 0x0000, 0x0000, 0x0000, 0x0000, 0x0000, 0x0000, 0x0000,
    0x0000, 0x0000, 0x0000, 0x0000, 0x0000, 0x0000, 0x0000, 0x0000, 0x0000, 0x0000, 0x0000, 0x0000, 0x0000, 0x0000, 0x0000, 0x0000,
    0x0000, 0x0000, 0x0000, 0x0000, 0x0000, 0x0000, 0x0000, 0x0000, 0x0000, 0x0000, 0x0000, 0x0000, 0x0000, 0x0000, 0x0000, 0x0000,
    0x0000, 0x0000, 0x0000, 0x0000, 0x0000, 0x0000, 0x0000, 0x0000, 0x0000, 0x0000, 0x0000, 0x0000, 0x0000, 0x0000, 0x0000, 0x0000,
    0x0000, 0x0000, 0x0000, 0x0000, 0x0000, 0x0000, 0x0000, 0x0000, 0x0000, 0x0000, 0x0000, 0x0000, 0x0000, 0x0000, 0x0000, 0x0000,
    0x0000, 0x0000, 0x0000, 0x0000, 0x0000, 0x0000, 0x0000, 0x0000, 0x0000, 0x0000, 0x0000, 0x0000, 0x0000, 0x0000, 0x0000, 0x0000,
    0x0000, 0x0000, 0x0000, 0x0000, 0x0000, 0x0000, 0x0000, 0x0000, 0x0000, 0x0000, 0x0000, 0x0000, 0x0000, 0x0000, 0x0000, 0x0000,
    0x0000, 0x0000, 0x0000, 0x0000, 0x0000, 0x0000, 0x0000, 0x0000, 0x0000, 0x0000, 0x0000, 0x0000, 0x0000, 0x0000, 0x0000, 0x0000,
    0x0000, 0x0000, 0x0000, 0x0000, 0x0000, 0x0000, 0x0000, 0x0000, 0x0000, 0x0000, 0x0000, 0x0000, 0x0000, 0x0000, 0x0000, 0x0000,
    0x0000, 0x0000, 0x0000, 0x0000, 0x0000, 0x0000, 0x0000, 0x0000, 0x0000, 0x0000, 0x0000, 0x0000, 0x0000, 0x0000, 0x0000, 0x0000,
    0x0000, 0x0000, 0x0000, 0x0000, 0x0000, 0x0000, 0x0000, 0x0000, 0x0000, 0x0000, 0x0000, 0x0000, 0x0000, 0x0000, 0x0000, 0x0000,
    0x0000, 0x0000, 0x0000, 0x0000, 0x0000, 0x0000, 0x0000, 0x0000, 0x0000, 0x0000, 0x0000, 0x0000, 0x0000, 0x0000, 0x0000, 0x0000,
    0x0000, 0x0000, 0x0000, 0x0000, 0x0000, 0x0000, 0x0000, 0x0000, 0x0000, 0x0000, 0x0000, 0x0000, 0x0000, 0x0000, 0x0000, 0x0000,
    0x0000, 0x0000, 0x0000, 0x0000, 0x0000, 0x0000, 0x0000, 0x0000, 0x0000, 0x0000, 0x0000, 0x0000, 0x0000, 0x0000, 0x2965, 0xE6FC,
    0xE6FC, 0xE6FC, 0xE6FC, 0xE6FC, 0xE6FC, 0xE6FC, 0xE6FC, 0xE6FC, 0xE6FC, 0xE6FC, 0xE6FC, 0xE6FC, 0xE6FC, 0xE6FC, 0xE6FC, 0xE6FC,
    0xE6FC, 0xE6FC, 0xE6FC, 0xE6FC, 0xE6FC, 0xE6FC, 0xE6FC, 0xE6FC, 0xE6FC, 0xE6FC, 0xE6FC, 0xE6FC, 0xE6FC, 0xE6FC, 0xE6FC, 0xE6FC,
    0xE6FC, 0xE6FC, 0xE6FC, 0xE6FC, 0xE6FC, 0xE6FC, 0xE6FC, 0xE6FC, 0xE6FC, 0xE6FC, 0xE6FC, 0xE6FC, 0xE6FC, 0x7BEF, 0x0000, 0x0000,
    0x0000, 0x0000, 0x0000, 0x0000, 0x0000, 0x0000, 0x0000, 0x0000, 0x0000, 0x0000, 0x0000, 0x0000, 0x0000, 0x0000, 0x0000, 0x0000,
    0x0000, 0x0000, 0x0000, 0x0000, 0x0000, 0x0000, 0x0000, 0x0000, 0x0000, 0x0000, 0x0000, 0x0000, 0x0000, 0x0000, 0x0000, 0x0000,
    0x0000, 0x0000, 0x0000, 0x0000, 0x0000, 0x0000, 0x0000, 0x0000, 0x0000, 0x0000, 0x0000, 0x0000, 0x0000, 0x0000, 0x0000, 0x0000,
    0x0000, 0x0000, 0x0000, 0x0000, 0x0000, 0x0000, 0x0000, 0x0000, 0x0000, 0x0000, 0x0000, 0x0000, 0x0000, 0x0000, 0x0000, 0x0000,
    0x0000, 0x0000, 0x0000, 0x0000, 0x0000, 0x0000, 0x0000, 0x0000, 0x0000, 0x0000, 0x0000, 0x0000, 0x0000, 0x0000, 0x0000, 0x0000,
    0x0000, 0x0000, 0x0000, 0x0000, 0x0000, 0x0000, 0x0000, 0x0000, 0x0000, 0x0000, 0x0000, 0x0000, 0x0000, 0x0000, 0x0000, 0x0000,
    0x0000, 0x0000, 0x0000, 0x0000, 0x0000, 0x0000, 0x0000, 0x0000, 0x0000, 0x0000, 0x0000, 0x0000, 0x0000, 0x0000, 0x0000, 0x0000,
    0x0000, 0x0000, 0x0000, 0x0000, 0x0000, 0x0000, 0x0000, 0x0000, 0x0000, 0x0000, 0x0000, 0x0000, 0x0000, 0x0000, 0x0000, 0x0000,
    0x0000, 0x0000, 0x0000, 0x0000, 0x0000, 0x0000, 0x0000, 0x0000, 0x0000, 0x0000, 0x0000, 0x0000, 0x0000, 0x0000, 0x0000, 0x0000,
    0x0000, 0x0000, 0x0000, 0x0000, 0x0000, 0x0000, 0x0000, 0x0000, 0x0000, 0x0000, 0x0000, 0x0000, 0x0000, 0x0000, 0x0000, 0x0000,
    0x0000, 0x0000, 0x0000, 0x0000, 0x0000, 0x0000, 0x0000, 0x0000, 0x0000, 0x0000, 0x0000, 0x0000, 0x0000, 0x0000, 0x0000, 0x0000,
    0x0000, 0x0000, 0x0000, 0x0000, 0x0000, 0x0000, 0x0000, 0x0000, 0x0000, 0x0000, 0x0000, 0x0000, 0x0000, 0x0000, 0x0000, 0x0000,
    0x0000, 0x0000, 0x0000, 0x0000, 0x0000, 0x0000, 0x0000, 0x0000, 0x0000, 0x0000, 0x0000, 0x0000, 0x0000, 0x0000, 0x0000, 0x0000,
    0x0000, 0x0000, 0x0000, 0x0000, 0x0000, 0x0000, 0x0000, 0x0000, 0x0000, 0x0000, 0x0000, 0x0000, 0x0000, 0x0000, 0x0000, 0x0000,
    0x0000, 0x0000, 0x0000, 0x0000, 0x0000, 0x0000, 0x0000, 0x0000, 0x0000, 0x0000, 0x0000, 0x0000, 0x0000, 0x0000, 0x0000, 0x0000,
    0x0000, 0x0000, 0x0000, 0x0000, 0x0000, 0x0000, 0x0000, 0x0000, 0x0000, 0x0000, 0x0000, 0x6B4D, 0xE6FC, 0xE6FC, 0xE6FC, 0xE6FC,
    0xE6FC, 0xE6FC, 0xE6FC, 0xE6FC, 0xE6FC, 0xE6FC, 0xE6FC, 0xE6FC, 0xE6FC, 0xE6FC, 0xE6FC, 0xE6FC, 0xE6FC, 0xE6FC, 0xE6FC, 0xE6FC,
    0xE6FC, 0xE6FC, 0xE6FC, 0xE6FC, 0xE6FC, 0xE6FC, 0xE6FC, 0xE6FC, 0xE6FC, 0xE6FC, 0xE6FC, 0xE6FC, 0xE6FC, 0xE6FC, 0xE6FC, 0xE6FC,
    0xE6FC, 0xE6FC, 0xE6FC, 0xE6FC, 0xE6FC, 0xE6FC, 0xE6FC, 0xE6FC, 0xD659, 0x0000, 0x0000, 0x0000, 0x0000, 0x0000, 0x0000, 0x0000,
    0x0000, 0x0000, 0x0000, 0x0000, 0x0000, 0x0000, 0x0000, 0x0000, 0x0000, 0x0000, 0x0000, 0x0000, 0x0000, 0x0000, 0x0000, 0x0000,
    0x0000, 0x0000, 0x0000, 0x0000, 0x0000, 0x0000, 0x0000, 0x0000, 0x0000, 0x0000, 0x0000, 0x0000, 0x0000, 0x0000, 0x0000, 0x0000,
    0x0000, 0x0000, 0x0000, 0x0000, 0x0000, 0x0000, 0x0000, 0x0000, 0x0000, 0x0000, 0x0000, 0x0000, 0x0000, 0x0000, 0x0000, 0x0000,
    0x0000, 0x0000, 0x0000, 0x0000, 0x0000, 0x0000, 0x0000, 0x0000, 0x0000, 0x0000, 0x0000, 0x0000, 0x0000, 0x0000, 0x0000, 0x0000,
    0x0000, 0x0000, 0x0000, 0x0000, 0x0000, 0x0000, 0x0000, 0x0000, 0x0000, 0x0000, 0x0000, 0x0000, 0x0000, 0x0000, 0x0000, 0x0000,
    0x0000, 0x0000, 0x0000, 0x0000, 0x0000, 0x0000, 0x0000, 0x0000, 0x0000, 0x0000, 0x0000, 0x0000, 0x0000, 0x0000, 0x0000, 0x0000,
    0x0000, 0x0000, 0x0000, 0x0000, 0x0000, 0x0000, 0x0000, 0x0000, 0x0000, 0x0000, 0x0000, 0x0000, 0x0000, 0x0000, 0x0000, 0x0000,
    0x0000, 0x0000, 0x0000, 0x0000, 0x0000, 0x0000, 0x0000, 0x0000, 0x0000, 0x0000, 0x0000, 0x0000, 0x0000, 0x0000, 0x0000, 0x0000,
    0x0000, 0x0000, 0x0000, 0x0000, 0x0000, 0x0000, 0x0000, 0x0000, 0x0000, 0x0000, 0x0000, 0x0000, 0x0000, 0x0000, 0x0000, 0x0000,
    0x0000, 0x0000, 0x0000, 0x0000, 0x0000, 0x0000, 0x0000, 0x0000, 0x0000, 0x0000, 0x0000, 0x0000, 0x0000, 0x0000, 0x0000, 0x0000,
    0x0000, 0x0000, 0x0000, 0x0000, 0x0000, 0x0000, 0x0000, 0x0000, 0x0000, 0x0000, 0x0000, 0x0000, 0x0000, 0x0000, 0x0000, 0x0000,
    0x0000, 0x0000, 0x0000, 0x0000, 0x0000, 0x0000, 0x0000, 0x0000, 0x0000, 0x0000, 0x0000, 0x0000, 0x0000, 0x0000, 0x0000, 0x0000,
    0x0000, 0x0000, 0x0000, 0x0000, 0x0000, 0x0000, 0x0000, 0x0000, 0x0000, 0x0000, 0x0000, 0x0000, 0x0000, 0x0000, 0x0000, 0x0000,
    0x0000, 0x0000, 0x0000, 0x0000, 0x0000, 0x0000, 0x0000, 0x0000, 0x0000, 0x0000, 0x0000, 0x0000, 0x0000, 0x0000, 0x0000, 0x0000,
    0x0000, 0x0000, 0x0000, 0x0000, 0x0000, 0x0000, 0x0000, 0x0000, 0x0000, 0x0000, 0x0000, 0x0000, 0x0000, 0x0000, 0x0000, 0x0000,
    0x0000, 0x0000, 0x0000, 0x0000, 0x0000, 0x0000, 0x0000, 0x0000, 0xAD55, 0xE6FC, 0xE6FC, 0xE6FC, 0xE6FC, 0xE6FC, 0xE6FC, 0xE6FC,
    0xE6FC, 0xE6FC, 0xE6FC, 0xE6FC, 0xE6FC, 0xE6FC, 0xE6FC, 0xE6FC, 0xE6FC, 0xE6FC, 0xE6FC, 0xE6FC, 0xE6FC, 0xE6FC, 0xE6FC, 0xE6FC,
    0xE6FC, 0xE6FC, 0xE6FC, 0xE6FC, 0xE6FC, 0xE6FC, 0xE6FC, 0xE6FC, 0xE6FC, 0xE6FC, 0xE6FC, 0xE6FC, 0xE6FC, 0xE6FC, 0xE6FC, 0xE6FC,
    0xE6FC, 0xE6FC, 0xE6FC, 0xE6FC, 0x2965, 0x0000, 0x0000, 0x0000, 0x0000, 0x0000, 0x0000, 0x0000, 0x0000, 0x0000, 0x0000, 0x0000,
    0x0000, 0x0000, 0x0000, 0x0000, 0x0000, 0x0000, 0x0000, 0x0000, 0x0000, 0x0000, 0x0000, 0x0000, 0x0000, 0x0000, 0x0000, 0x0000,
    0x0000, 0x0000, 0x0000, 0x0000, 0x0000, 0x0000, 0x0000, 0x0000, 0x0000, 0x0000, 0x0000, 0x0000, 0x0000, 0x0000, 0x0000, 0x0000,
    0x0000, 0x0000, 0x0000, 0x0000, 0x0000, 0x0000, 0x0000, 0x0000, 0x0000, 0x0000, 0x0000, 0x0000, 0x0000, 0x0000, 0x0000, 0x0000,
    0x0000, 0x0000, 0x0000, 0x0000, 0x0000, 0x0000, 0x0000, 0x0000, 0x0000, 0x0000, 0x0000, 0x0000, 0x0000, 0x0000, 0x0000, 0x0000,
    0x0000, 0x0000, 0x0000, 0x0000, 0x0000, 0x0000, 0x0000, 0x0000, 0x0000, 0x0000, 0x0000, 0x0000, 0x0000, 0x0000, 0x0000, 0x0000,
    0x0000, 0x0000, 0x0000, 0x0000, 0x0000, 0x0000, 0x0000, 0x0000, 0x0000, 0x0000, 0x0000, 0x0000, 0x0000, 0x0000, 0x0000, 0x0000,
    0x0000, 0x0000, 0x0000, 0x0000, 0x0000, 0x0000, 0x0000, 0x0000, 0x0000, 0x0000, 0x0000, 0x0000, 0x0000, 0x0000, 0x0000, 0x0000,
    0x0000, 0x0000, 0x0000, 0x0000, 0x0000, 0x0000, 0x0000, 0x0000, 0x0000, 0x0000, 0x0000, 0x0000, 0x0000, 0x0000, 0x0000, 0x0000,
    0x0000, 0x0000, 0x0000, 0x0000, 0x0000, 0x0000, 0x0000, 0x0000, 0x0000, 0x0000, 0x0000, 0x0000, 0x0000, 0x0000, 0x0000, 0x0000,
    0x0000, 0x0000, 0x0000, 0x0000, 0x0000, 0x0000, 0x0000, 0x0000, 0x0000, 0x0000, 0x0000, 0x0000, 0x0000, 0x0000, 0x0000, 0x0000,
    0x0000, 0x0000, 0x0000, 0x0000, 0x0000, 0x0000, 0x0000, 0x0000, 0x0000, 0x0000, 0x0000, 0x0000, 0x0000, 0x0000, 0x0000, 0x0000,
    0x0000, 0x0000, 0x0000, 0x0000, 0x0000, 0x0000, 0x0000, 0x0000, 0x0000, 0x0000, 0x0000, 0x0000, 0x0000, 0x0000, 0x0000, 0x0000,
    0x0000, 0x0000, 0x0000, 0x0000, 0x0000, 0x0000, 0x0000, 0x0000, 0x0000, 0x0000, 0x0000, 0x0000, 0x0000, 0x0000, 0x0000, 0x0000,
    0x0000, 0x0000, 0x0000, 0x0000, 0x0000, 0x0000, 0x0000, 0x0000, 0x0000, 0x0000, 0x0000, 0x0000, 0x0000, 0x0000, 0x0000, 0x0000,
    0x0000, 0x0000, 0x0000, 0x0000, 0x0000, 0x0000, 0x0000, 0x0000, 0x0000, 0x0000, 0x0000, 0x0000, 0x0000, 0x0000, 0x0000, 0x0000,
    0x0000, 0x0000, 0x0000, 0x0000, 0x2965, 0xE6FC, 0xE6FC, 0xE6FC, 0xE6FC, 0xE6FC, 0xE6FC, 0xE6FC, 0xE6FC, 0xE6FC, 0xE6FC, 0xE6FC,
    0xE6FC, 0xE6FC, 0xE6FC, 0xE6FC, 0xE6FC, 0xE6FC, 0xE6FC, 0xE6FC, 0xE6FC, 0xE6FC, 0xE6FC, 0xE6FC, 0xE6FC, 0xE6FC, 0xE6FC, 0xE6FC,
    0xE6FC, 0xE6FC, 0xE6FC, 0xE6FC, 0xE6FC, 0xE6FC, 0xE6FC, 0xE6FC, 0xE6FC, 0xE6FC, 0xE6FC, 0xE6FC, 0xE6FC, 0xE6FC, 0xE6FC, 0x7BEF,
    0x0000, 0x0000, 0x0000, 0x0000, 0x0000, 0x0000, 0x0000, 0x0000, 0x0000, 0x0000, 0x0000, 0x0000, 0x0000, 0x0000, 0x0000, 0x0000,
    0x0000, 0x0000, 0x0000, 0x0000, 0x0000, 0x0000, 0x0000, 0x0000, 0x0000, 0x0000, 0x0000, 0x0000, 0x0000, 0x0000, 0x0000, 0x0000,
    0x0000, 0x0000, 0x0000, 0x0000, 0x0000, 0x0000, 0x0000, 0x0000, 0x0000, 0x0000, 0x0000, 0x0000, 0x0000, 0x0000, 0x0000, 0x0000,
    0x0000, 0x0000, 0x0000, 0x0000, 0x0000, 0x0000, 0x0000, 0x0000, 0x0000, 0x0000, 0x0000, 0x0000, 0x0000, 0x0000, 0x0000, 0x0000,
    0x0000, 0x0000, 0x0000, 0x0000, 0x0000, 0x0000, 0x0000, 0x0000, 0x0000, 0x0000, 0x0000, 0x0000, 0x0000, 0x0000, 0x0000, 0x0000,
    0x0000, 0x0000, 0x0000, 0x0000, 0x0000, 0x0000, 0x0000, 0x0000, 0x0000, 0x0000, 0x0000, 0x0000, 0x0000, 0x0000, 0x0000, 0x0000,
    0x0000, 0x0000, 0x0000, 0x0000, 0x0000, 0x0000, 0x0000, 0x0000, 0x0000, 0x0000, 0x0000, 0x0000, 0x0000, 0x0000, 0x0000, 0x0000,
    0x0000, 0x0000, 0x0000, 0x0000, 0x0000, 0x0000, 0x0000, 0x0000, 0x0000, 0x0000, 0x0000, 0x0000, 0x0000, 0x0000, 0x0000, 0x0000,
    0x0000, 0x0000, 0x0000, 0x0000, 0x0000, 0x0000, 0x0000, 0x0000, 0x0000, 0x0000, 0x0000, 0x0000, 0x0000, 0x0000, 0x0000, 0x0000,
    0x0000, 0x0000, 0x0000, 0x0000, 0x0000, 0x0000, 0x0000, 0x0000, 0x0000, 0x0000, 0x0000, 0x0000, 0x0000, 0x0000, 0x0000, 0x0000,
    0x0000, 0x0000, 0x0000, 0x0000, 0x0000, 0x0000, 0x0000, 0x0000, 0x0000, 0x0000, 0x0000, 0x0000, 0x0000, 0x0000, 0x0000, 0x0000,
    0x0000, 0x0000, 0x0000, 0x0000, 0x0000, 0x0000, 0x0000, 0x0000, 0x0000, 0x0000, 0x0000, 0x0000, 0x0000, 0x0000, 0x0000, 0x0000,
    0x0000, 0x0000, 0x0000, 0x0000, 0x0000, 0x0000, 0x0000, 0x0000, 0x0000, 0x0000, 0x0000, 0x0000, 0x0000, 0x0000, 0x0000, 0x0000,
    0x0000, 0x0000, 0x0000, 0x0000, 0x0000, 0x0000, 0x0000, 0x0000, 0x0000, 0x0000, 0x0000, 0x0000, 0x0000, 0x0000, 0x0000, 0x0000,
    0x0000, 0x0000, 0x0000, 0x0000, 0x0000, 0x0000, 0x0000, 0x0000, 0x0000, 0x0000, 0x0000, 0x0000, 0x0000, 0x0000, 0x0000, 0x0000,
    0x0000, 0x0000, 0x0000, 0x0000, 0x0000, 0x0000, 0x0000, 0x0000, 0x0000, 0x0000, 0x0000, 0x0000, 0x0000, 0x0000, 0x0000, 0x0000,
    0x0000, 0x7BEF, 0xE6FC, 0xE6FC, 0xE6FC, 0xE6FC, 0xE6FC, 0xE6FC, 0xE6FC, 0xE6FC, 0xE6FC, 0xE6FC, 0xE6FC, 0xE6FC, 0xE6FC, 0xE6FC,
    0xE6FC, 0xE6FC, 0xE6FC, 0xE6FC, 0xE6FC, 0xE6FC, 0xE6FC, 0xE6FC, 0xE6FC, 0xE6FC, 0xE6FC, 0xE6FC, 0xE6FC, 0xE6FC, 0xE6FC, 0xE6FC,
    0xE6FC, 0xE6FC, 0xE6FC, 0xE6FC, 0xE6FC, 0xE6FC, 0xE6FC, 0xE6FC, 0xE6FC, 0xE6FC, 0xD659, 0x0000, 0x0000, 0x0000, 0x0000, 0x0000,
    0x0000, 0x0000, 0x0000, 0x0000, 0x0000, 0x0000, 0x0000, 0x0000, 0x0000, 0x0000, 0x0000, 0x0000, 0x0000, 0x0000, 0x0000, 0x0000,
    0x0000, 0x0000, 0x0000, 0x0000, 0x0000, 0x0000, 0x0000, 0x0000, 0x0000, 0x0000, 0x0000, 0x0000, 0x0000, 0x0000, 0x0000, 0x0000,
    0x0000, 0x0000, 0x0000, 0x0000, 0x0000, 0x0000, 0x0000, 0x0000, 0x0000, 0x0000, 0x0000, 0x0000, 0x0000, 0x0000, 0x0000, 0x0000,
    0x0000, 0x0000, 0x0000, 0x0000, 0x0000, 0x0000, 0x0000, 0x0000, 0x0000, 0x0000, 0x0000, 0x0000, 0x0000, 0x0000, 0x0000, 0x0000,
    0x0000, 0x0000, 0x0000, 0x0000, 0x0000, 0x0000, 0x0000, 0x0000, 0x0000, 0x0000, 0x0000, 0x0000, 0x0000, 0x0000, 0x0000, 0x0000,
    0x0000, 0x0000, 0x0000, 0x0000, 0x0000, 0x0000, 0x0000, 0x0000, 0x0000, 0x0000, 0x0000, 0x0000, 0x0000, 0x0000, 0x0000, 0x0000,
    0x0000, 0x0000, 0x0000, 0x0000, 0x0000, 0x0000, 0x0000, 0x0000, 0x0000, 0x0000, 0x0000, 0x0000, 0x0000, 0x0000, 0x0000, 0x0000,
    0x0000, 0x0000, 0x0000, 0x0000, 0x0000, 0x0000, 0x0000, 0x0000, 0x0000, 0x0000, 0x0000, 0x0000, 0x0000, 0x0000, 0x0000, 0x0000,
    0x0000, 0x0000, 0x0000, 0x0000, 0x0000, 0x0000, 0x0000, 0x0000, 0x0000, 0x0000, 0x0000, 0x0000, 0x0000, 0x0000, 0x0000, 0x0000,
    0x0000, 0x0000, 0x0000, 0x0000, 0x0000, 0x0000, 0x0000, 0x0000, 0x0000, 0x0000, 0x0000, 0x0000, 0x0000, 0x0000, 0x0000, 0x0000,
    0x0000, 0x0000, 0x0000, 0x0000, 0x0000, 0x0000, 0x0000, 0x0000, 0x0000, 0x0000, 0x0000, 0x0000, 0x0000, 0x0000, 0x0000, 0x0000,
    0x0000, 0x0000, 0x0000, 0x0000, 0x0000, 0x0000, 0x0000, 0x0000, 0x0000, 0x0000, 0x0000, 0x0000, 0x0000, 0x0000, 0x0000, 0x0000,
    0x0000, 0x0000, 0x0000, 0x0000, 0x0000, 0x0000, 0x0000, 0x0000, 0x0000, 0x0000, 0x0000, 0x0000, 0x0000, 0x0000, 0x0000, 0x0000,
    0x0000, 0x0000, 0x0000, 0x0000, 0x0000, 0x0000, 0x0000, 0x0000, 0x0000, 0x0000, 0x0000, 0x0000, 0x0000, 0x0000, 0x0000, 0x0000,
    0x0000, 0x0000, 0x0000, 0x0000, 0x0000, 0x0000, 0x0000, 0x0000, 0x0000, 0x0000, 0x0000, 0x0000, 0x0000, 0x0000, 0x0000, 0x0000,
    0x0000, 0x0000, 0x0000, 0x0000, 0x0000, 0x0000, 0x0000, 0x0000, 0x0000, 0x0000, 0x0000, 0x0000, 0x0000, 0x0000, 0xD659, 0xE6FC,
    0xE6FC, 0xE6FC, 0xE6FC, 0xE6FC, 0xE6FC, 0xE6FC, 0xE6FC, 0xE6FC, 0xE6FC, 0xE6FC, 0xE6FC, 0xE6FC, 0xE6FC, 0xE6FC, 0xE6FC, 0xE6FC,
    0xE6FC, 0xE6FC, 0xE6FC, 0xE6FC, 0xE6FC, 0xE6FC, 0xE6FC, 0xE6FC, 0xE6FC, 0xE6FC, 0xE6FC, 0xE6FC, 0xE6FC, 0xE6FC, 0xE6FC, 0xE6FC,
    0xE6FC, 0xE6FC, 0xE6FC, 0xE6FC, 0xE6FC, 0xE6FC, 0x2965, 0x0000, 0x0000, 0x0000, 0x0000, 0x0000, 0x0000, 0x0000, 0x0000, 0x0000,
    0x0000, 0x0000, 0x0000, 0x0000, 0x0000, 0x0000, 0x0000, 0x0000, 0x0000, 0x0000, 0x0000, 0x0000, 0x0000, 0x0000, 0x0000, 0x0000,
    0x0000, 0x0000, 0x0000, 0x0000, 0x0000, 0x0000, 0x0000, 0x0000, 0x0000, 0x0000, 0x0000, 0x0000, 0x0000, 0x0000, 0x0000, 0x0000,
    0x0000, 0x0000, 0x0000, 0x0000, 0x0000, 0x0000, 0x0000, 0x0000, 0x0000, 0x0000, 0x0000, 0x0000, 0x0000, 0x0000, 0x0000, 0x0000,
    0x0000, 0x0000, 0x0000, 0x0000, 0x0000, 0x0000, 0x0000, 0x0000, 0x0000, 0x0000, 0x0000, 0x0000, 0x0000, 0x0000, 0x0000, 0x0000,
    0x0000, 0x0000, 0x0000, 0x0000, 0x0000, 0x0000, 0x0000, 0x0000, 0x0000, 0x0000, 0x0000, 0x0000, 0x0000, 0x0000, 0x0000, 0x0000,
    0x0000, 0x0000, 0x0000, 0x0000, 0x0000, 0x0000, 0x0000, 0x0000, 0x0000, 0x0000, 0x0000, 0x0000, 0x0000, 0x0000, 0x0000, 0x0000,
    0x0000, 0x0000, 0x0000, 0x0000, 0x0000, 0x0000, 0x0000, 0x0000, 0x0000, 0x0000, 0x0000, 0x0000, 0x0000, 0x0000, 0x0000, 0x0000,
    0x0000, 0x0000, 0x0000, 0x0000, 0x0000, 0x0000, 0x0000, 0x0000, 0x0000, 0x0000, 0x0000, 0x0000, 0x0000, 0x0000, 0x0000, 0x0000,
    0x0000, 0x0000, 0x0000, 0x0000, 0x0000, 0x0000, 0x0000, 0x0000, 0x0000, 0x0000, 0x0000, 0x0000, 0x0000, 0x0000, 0x0000, 0x0000,
    0x0000, 0x0000, 0x0000, 0x0000, 0x0000, 0x0000, 0x0000, 0x0000, 0x0000, 0x0000, 0x0000, 0x0000, 0x0000, 0x0000, 0x0000, 0x0000,
    0x0000, 0x0000, 0x0000, 0x0000, 0x0000, 0x0000, 0x0000, 0x0000, 0x0000, 0x0000, 0x0000, 0x0000, 0x0000, 0x0000, 0x0000, 0x0000,
    0x0000, 0x0000, 0x0000, 0x0000, 0x0000, 0x0000, 0x0000, 0x0000, 0x0000, 0x0000, 0x0000, 0x0000, 0x0000, 0x0000, 0x0000, 0x0000,
    0x0000, 0x0000, 0x0000, 0x0000, 0x0000, 0x0000, 0x0000, 0x0000, 0x0000, 0x0000, 0x0000, 0x0000, 0x0000, 0x0000, 0x0000, 0x0000,
    0x0000, 0x0000, 0x0000, 0x0000, 0x0000, 0x0000, 0x0000, 0x0000, 0x0000, 0x0000, 0x0000, 0x0000, 0x0000, 0x0000, 0x0000, 0x0000,
    0x0000, 0x0000, 0x0000, 0x0000, 0x0000, 0x0000, 0x0000, 0x0000, 0x0000, 0x0000, 0x0000, 0x0000, 0x0000, 0x0000, 0x0000, 0x0000,
    0x0000, 0x0000, 0x0000, 0x0000, 0x0000, 0x0000, 0x0000, 0x0000, 0x0000, 0x0000, 0x2965, 0xE6FC, 0xE6FC, 0xE6FC, 0xE6FC, 0xE6FC,
    0xE6FC, 0xE6FC, 0xE6FC, 0xE6FC, 0xE6FC, 0xE6FC, 0xE6FC, 0xE6FC, 0xE6FC, 0xE6FC, 0xE6FC, 0xE6FC, 0xE6FC, 0xE6FC, 0xE6FC, 0xE6FC,
    0xE6FC, 0xE6FC, 0xE6FC, 0xE6FC, 0xE6FC, 0xE6FC, 0xE6FC, 0xE6FC, 0xE6FC, 0xE6FC, 0xE6FC, 0xE6FC, 0xE6FC, 0xE6FC, 0xE6FC, 0xE6FC,
    0xE6FC, 0x7BEF, 0x0000, 0x0000, 0x0000, 0x0000, 0x0000, 0x0000, 0x0000, 0x0000, 0x0000, 0x0000, 0x0000, 0x0000, 0x0000, 0x0000,
    0x0000, 0x0000, 0x0000, 0x0000, 0x0000, 0x0000, 0x0000, 0x0000, 0x0000, 0x0000, 0x0000, 0x0000, 0x0000, 0x0000, 0x0000, 0x0000,
    0x0000, 0x0000, 0x0000, 0x0000, 0x0000, 0x0000, 0x0000, 0x0000, 0x0000, 0x0000, 0x0000, 0x0000, 0x0000, 0x0000, 0x0000, 0x0000,
    0x0000, 0x0000, 0x0000, 0x0000, 0x0000, 0x0000, 0x0000, 0x0000, 0x0000, 0x0000, 0x0000, 0x0000, 0x0000, 0x0000, 0x0000, 0x0000,
    0x0000, 0x0000, 0x0000, 0x0000, 0x0000, 0x0000, 0x0000, 0x0000, 0x0000, 0x0000, 0x0000, 0x0000, 0x0000, 0x0000, 0x0000, 0x0000,
    0x0000, 0x0000, 0x0000, 0x0000, 0x0000, 0x0000, 0x0000, 0x0000, 0x0000, 0x0000, 0x0000, 0x0000, 0x0000, 0x0000, 0x0000, 0x0000,
    0x0000, 0x0000, 0x0000, 0x0000, 0x0000, 0x0000, 0x0000, 0x0000, 0x0000, 0x0000, 0x0000, 0x0000, 0x0000, 0x0000, 0x0000, 0x0000,
    0x0000, 0x0000, 0x0000, 0x0000, 0x0000, 0x0000, 0x0000, 0x0000, 0x0000, 0x0000, 0x0000, 0x0000, 0x0000, 0x0000, 0x0000, 0x0000,
    0x0000, 0x0000, 0x0000, 0x0000, 0x0000, 0x0000, 0x0000, 0x0000, 0x0000, 0x0000, 0x0000, 0x0000, 0x0000, 0x0000, 0x0000, 0x0000,
    0x0000, 0x0000, 0x0000, 0x0000, 0x0000, 0x0000, 0x0000, 0x0000, 0x0000, 0x0000, 0x0000, 0x0000, 0x0000, 0x0000, 0x0000, 0x0000,
    0x0000, 0x0000, 0x0000, 0x0000, 0x0000, 0x0000, 0x0000, 0x0000, 0x0000, 0x0000, 0x0000, 0x0000, 0x0000, 0x0000, 0x0000, 0x0000,
    0x0000, 0x0000, 0x0000, 0x0000, 0x0000, 0x0000, 0x0000, 0x0000, 0x0000, 0x0000, 0x0000, 0x0000, 0x0000, 0x0000, 0x0000, 0x0000,
    0x0000, 0x0000, 0x0000, 0x0000, 0x0000, 0x0000, 0x0000, 0x0000, 0x0000, 0x0000, 0x0000, 0x0000, 0x0000, 0x0000, 0x0000, 0x0000,
    0x0000, 0x0000, 0x0000, 0x0000, 0x0000, 0x0000, 0x0000, 0x0000, 0x0000, 0x0000, 0x0000, 0x0000, 0x0000, 0x0000, 0x0000, 0x0000,
    0x0000, 0x0000, 0x0000, 0x0000, 0x0000, 0x0000, 0x0000, 0x0000, 0x0000, 0x0000, 0x0000, 0x0000, 0x0000, 0x0000, 0x0000, 0x0000,
    0x0000, 0x0000, 0x0000, 0x0000, 0x0000, 0x0000, 0x0000, 0x0000, 0x0000, 0x0000, 0x0000, 0x0000, 0x0000, 0x0000, 0x0000, 0x0000,
    0x0000, 0x0000, 0x0000, 0x0000, 0x0000, 0x0000, 0x0000, 0x7BEF, 0xE6FC, 0xE6FC, 0xE6FC, 0xE6FC, 0xE6FC, 0xE6FC, 0xE6FC, 0xE6FC,
    0xE6FC, 0xE6FC, 0xE6FC, 0xE6FC, 0xE6FC, 0xE6FC, 0xE6FC, 0xE6FC, 0xE6FC, 0xE6FC, 0xE6FC, 0xE6FC, 0xE6FC, 0xE6FC, 0xE6FC, 0xE6FC,
    0xE6FC, 0xE6FC, 0xE6FC, 0xE6FC, 0xE6FC, 0xE6FC, 0xE6FC, 0xE6FC, 0xE6FC, 0xE6FC, 0xE6FC, 0xE6FC, 0xD659, 0x0000, 0x0000, 0x0000,
    0x0000, 0x0000, 0x0000, 0x0000, 0x0000, 0x0000, 0x0000, 0x0000, 0x0000, 0x0000, 0x0000, 0x0000, 0x0000, 0x0000, 0x0000, 0x0000,
    0x0000, 0x0000, 0x0000, 0x0000, 0x0000, 0x0000, 0x0000, 0x0000, 0x0000, 0x0000, 0x0000, 0x0000, 0x0000, 0x0000, 0x0000, 0x0000,
    0x0000, 0x0000, 0x0000, 0x0000, 0x0000, 0x0000, 0x0000, 0x0000, 0x0000, 0x0000, 0x0000, 0x0000, 0x0000, 0x0000, 0x0000, 0x0000,
    0x0000, 0x0000, 0x0000, 0x0000, 0x0000, 0x0000, 0x0000, 0x0000, 0x0000, 0x0000, 0x0000, 0x0000, 0x0000, 0x0000, 0x0000, 0x0000,
    0x0000, 0x0000, 0x0000, 0x0000, 0x0000, 0x0000, 0x0000, 0x0000, 0x0000, 0x0000, 0x0000, 0x0000, 0x0000, 0x0000, 0x0000, 0x0000,
    0x0000, 0x0000, 0x0000, 0x0000, 0x0000, 0x0000, 0x0000, 0x0000, 0x0000, 0x0000, 0x0000, 0x0000, 0x0000, 0x0000, 0x0000, 0x0000,
    0x0000, 0x0000, 0x0000, 0x0000, 0x0000, 0x0000, 0x0000, 0x0000, 0x0000, 0x0000, 0x0000, 0x0000, 0x0000, 0x0000, 0x0000, 0x0000,
    0x0000, 0x0000, 0x0000, 0x0000, 0x0000, 0x0000, 0x0000, 0x0000, 0x0000, 0x0000, 0x0000, 0x0000, 0x0000, 0x0000, 0x0000, 0x0000,
    0x0000, 0x0000, 0x0000, 0x0000, 0x0000, 0x0000, 0x0000, 0x0000, 0x0000, 0x0000, 0x0000, 0x0000, 0x0000, 0x0000, 0x0000, 0x0000,
    0x0000, 0x0000, 0x0000, 0x0000, 0x0000, 0x0000, 0x0000, 0x0000, 0x0000, 0x0000, 0x0000, 0x0000, 0x0000, 0x0000, 0x0000, 0x0000,
    0x0000, 0x0000, 0x0000, 0x0000, 0x0000, 0x0000, 0x0000, 0x0000, 0x0000, 0x0000, 0x0000, 0x0000, 0x0000, 0x0000, 0x0000, 0x0000,
    0x0000, 0x0000, 0x0000, 0x0000, 0x0000, 0x0000, 0x0000, 0x0000, 0x0000, 0x0000, 0x0000, 0x0000, 0x0000, 0x0000, 0x0000, 0x0000,
    0x0000, 0x0000, 0x0000, 0x0000, 0x0000, 0x0000, 0x0000, 0x0000, 0x0000, 0x0000, 0x0000, 0x0000, 0x0000, 0x0000, 0x0000, 0x0000,
    0x0000, 0x0000, 0x0000, 0x0000, 0x0000, 0x0000, 0x0000, 0x0000, 0x0000, 0x0000, 0x0000, 0x0000, 0x0000, 0x0000, 0x0000, 0x0000,
    0x0000, 0x0000, 0x0000, 0x0000, 0x0000, 0x0000, 0x0000, 0x0000, 0x0000, 0x0000, 0x0000, 0x0000, 0x0000, 0x0000, 0x0000, 0x0000,
    0x0000, 0x0000, 0x0000, 0x0000, 0x0000, 0x0000, 0x0000, 0x0000, 0x0000, 0x0000, 0x0000, 0x0000, 0x0000, 0x0000, 0x0000, 0x0000,
    0x0000, 0x0000, 0x0000, 0x0000, 0xD659, 0xE6FC, 0xE6FC, 0xE6FC, 0xE6FC, 0xE6FC, 0xE6FC, 0xE6FC, 0xE6FC, 0xE6FC, 0xE6FC, 0xE6FC,
    0xE6FC, 0xE6FC, 0xE6FC, 0xE6FC, 0xE6FC, 0xE6FC, 0xE6FC, 0xE6FC, 0xE6FC, 0xE6FC, 0xE6FC, 0xE6FC, 0xE6FC, 0xE6FC, 0xE6FC, 0xE6FC,
    0xE6FC, 0xE6FC, 0xE6FC, 0xE6FC, 0xE6FC, 0xE6FC, 0xE6FC, 0xE6FC, 0x4A49, 0x0000, 0x0000, 0x0000, 0x0000, 0x0000, 0x0000, 0x0000,
    0x0000, 0x0000, 0x0000, 0x0000, 0x0000, 0x0000, 0x0000, 0x0000, 0x0000, 0x0000, 0x0000, 0x0000, 0x0000, 0x0000, 0x0000, 0x0000,
    0x0000, 0x0000, 0x0000, 0x0000, 0x0000, 0x0000, 0x0000, 0x0000, 0x0000, 0x0000, 0x0000, 0x0000, 0x0000, 0x0000, 0x0000, 0x0000,
    0x0000, 0x0000, 0x0000, 0x0000, 0x0000, 0x0000, 0x0000, 0x0000, 0x0000, 0x0000, 0x0000, 0x0000, 0x0000, 0x0000, 0x0000, 0x0000,
    0x0000, 0x0000, 0x0000, 0x0000, 0x0000, 0x0000, 0x0000, 0x0000, 0x0000, 0x0000, 0x0000, 0x0000, 0x0000, 0x0000, 0x0000, 0x0000,
    0x0000, 0x0000, 0x0000, 0x0000, 0x0000, 0x0000, 0x0000, 0x0000, 0x0000, 0x0000, 0x0000, 0x0000, 0x0000, 0x0000, 0x0000, 0x0000,
    0x0000, 0x0000, 0x0000, 0x0000, 0x0000, 0x0000, 0x0000, 0x0000, 0x0000, 0x0000, 0x0000, 0x0000, 0x0000, 0x0000, 0x0000, 0x0000,
    0x0000, 0x0000, 0x0000, 0x0000, 0x0000, 0x0000, 0x0000, 0x0000, 0x0000, 0x0000, 0x0000, 0x0000, 0x0000, 0x0000, 0x0000, 0x0000,
    0x0000, 0x0000, 0x0000, 0x0000, 0x0000, 0x0000, 0x0000, 0x0000, 0x0000, 0x0000, 0x0000, 0x0000, 0x0000, 0x0000, 0x0000, 0x0000,
    0x0000, 0x0000, 0x0000, 0x0000, 0x0000, 0x0000, 0x0000, 0x0000, 0x0000, 0x0000, 0x0000, 0x0000, 0x0000, 0x0000, 0x0000, 0x0000,
    0x0000, 0x0000, 0x0000, 0x0000, 0x0000, 0x0000, 0x0000, 0x0000, 0x0000, 0x0000, 0x0000, 0x0000, 0x0000, 0x0000, 0x0000, 0x0000,
    0x0000, 0x0000, 0x0000, 0x0000, 0x0000, 0x0000, 0x0000, 0x0000, 0x0000, 0x0000, 0x0000, 0x0000, 0x0000, 0x0000, 0x0000, 0x0000,
    0x0000, 0x0000, 0x0000, 0x0000, 0x0000, 0x0000, 0x0000, 0x0000, 0x0000, 0x0000, 0x0000, 0x0000, 0x0000, 0x0000, 0x0000, 0x0000,
    0x0000, 0x0000, 0x0000, 0x0000, 0x0000, 0x0000, 0x0000, 0x0000, 0x0000, 0x0000, 0x0000, 0x0000, 0x0000, 0x0000, 0x0000, 0x0000,
    0x0000, 0x0000, 0x0000, 0x0000, 0x0000, 0x0000, 0x0000, 0x0000, 0x0000, 0x0000, 0x0000, 0x0000, 0x0000, 0x0000, 0x0000, 0x0000,
    0x0000, 0x0000, 0x0000, 0x0000, 0x0000, 0x0000, 0x0000, 0x0000, 0x0000, 0x0000, 0x0000, 0x0000, 0x0000, 0x0000, 0x0000, 0x0000,
    0x0000, 0x0000, 0x0000, 0x0000, 0x0000, 0x0000, 0x0000, 0x0000, 0x0000, 0x0000, 0x0000, 0x0000, 0x0000, 0x0000, 0x0000, 0x0000,
    0x2965, 0xE6FC, 0xE6FC, 0xE6FC, 0xE6FC, 0xE6FC, 0xE6FC, 0xE6FC, 0xE6FC, 0xE6FC, 0xE6FC, 0xE6FC, 0xE6FC, 0xE6FC, 0xE6FC, 0xE6FC,
    0xE6FC, 0xE6FC, 0xE6FC, 0xE6FC, 0xE6FC, 0xE6FC, 0xE6FC, 0xE6FC, 0xE6FC, 0xE6FC, 0xE6FC, 0xE6FC, 0xE6FC, 0xE6FC, 0xE6FC, 0xE6FC,
    0xE6FC, 0xE6FC, 0xE6FC, 0x9CD3, 0x0000, 0x0000, 0x0000, 0x0000, 0x0000, 0x0000, 0x0000, 0x0000, 0x0000, 0x0000, 0x0000, 0x0000,
    0x0000, 0x0000, 0x0000, 0x0000, 0x0000, 0x0000, 0x0000, 0x0000, 0x0000, 0x0000, 0x0000, 0x0000, 0x0000, 0x0000, 0x0000, 0x0000,
    0x0000, 0x0000, 0x0000, 0x0000, 0x0000, 0x0000, 0x0000, 0x0000, 0x0000, 0x0000, 0x0000, 0x0000, 0x0000, 0x0000, 0x0000, 0x0000,
    0x0000, 0x0000, 0x0000, 0x0000, 0x0000, 0x0000, 0x0000, 0x0000, 0x0000, 0x0000, 0x0000, 0x0000, 0x0000, 0x0000, 0x0000, 0x0000,
    0x0000, 0x0000, 0x0000, 0x0000, 0x0000, 0x0000, 0x0000, 0x0000, 0x0000, 0x0000, 0x0000, 0x0000, 0x0000, 0x0000, 0x0000, 0x0000,
    0x0000, 0x0000, 0x0000, 0x0000, 0x0000, 0x0000, 0x0000, 0x0000, 0x0000, 0x0000, 0x0000, 0x0000, 0x0000, 0x0000, 0x0000, 0x0000,
    0x0000, 0x0000, 0x0000, 0x0000, 0x0000, 0x0000, 0x0000, 0x0000, 0x0000, 0x0000, 0x0000, 0x0000, 0x0000, 0x0000, 0x0000, 0x0000,
    0x0000, 0x0000, 0x0000, 0x0000, 0x0000, 0x0000, 0x0000, 0x0000, 0x0000, 0x0000, 0x0000, 0x0000, 0x0000, 0x0000, 0x0000, 0x0000,
    0x0000, 0x0000, 0x0000, 0x0000, 0x0000, 0x0000, 0x0000, 0x0000, 0x0000, 0x0000, 0x0000, 0x0000, 0x0000, 0x0000, 0x0000, 0x0000,
    0x0000, 0x0000, 0x0000, 0x0000, 0x0000, 0x0000, 0x0000, 0x0000, 0x0000, 0x0000, 0x0000, 0x0000, 0x0000, 0x0000, 0x0000, 0x0000,
    0x0000, 0x0000, 0x0000, 0x0000, 0x0000, 0x0000, 0x0000, 0x0000, 0x0000, 0x0000, 0x0000, 0x0000, 0x0000, 0x0000, 0x0000, 0x0000,
    0x0000, 0x0000, 0x0000, 0x0000, 0x0000, 0x0000, 0x0000, 0x0000, 0x0000, 0x0000, 0x0000, 0x0000, 0x0000, 0x0000, 0x0000, 0x0000,
    0x0000, 0x0000, 0x0000, 0x0000, 0x0000, 0x0000, 0x0000, 0x0000, 0x0000, 0x0000, 0x0000, 0x0000, 0x0000, 0x0000, 0x0000, 0x0000,
    0x0000, 0x0000, 0x0000, 0x0000, 0x0000, 0x0000, 0x0000, 0x0000, 0x0000, 0x0000, 0x0000, 0x0000, 0x0000, 0x0000, 0x0000, 0x0000,
    0x0000, 0x0000, 0x0000, 0x0000, 0x0000, 0x0000, 0x0000, 0x0000, 0x0000, 0x0000, 0x0000, 0x0000, 0x0000, 0x0000, 0x0000, 0x0000,
    0x0000, 0x0000, 0x0000, 0x0000, 0x0000, 0x0000, 0x0000, 0x0000, 0x0000, 0x0000, 0x0000, 0x0000, 0x0000, 0x0000, 0x0000, 0x0000,
    0x0000, 0x0000, 0x0000, 0x0000, 0x0000, 0x0000, 0x0000, 0x0000, 0x0000, 0x0000, 0x0000, 0x0000, 0x0000, 0x8C51, 0xE6FC, 0xE6FC,
    0xE6FC, 0xE6FC, 0xE6FC, 0xE6FC, 0xE6FC, 0xE6FC, 0xE6FC, 0xE6FC, 0xE6FC, 0xE6FC, 0xE6FC, 0xE6FC, 0xE6FC, 0xE6FC, 0xE6FC, 0xE6FC,
    0xE6FC, 0xE6FC, 0xE6FC, 0xE6FC, 0xE6FC, 0xE6FC, 0xE6FC, 0xE6FC, 0xE6FC, 0xE6FC, 0xE6FC, 0xE6FC, 0xE6FC, 0xE6FC, 0xD659, 0x0000,
    0x0000, 0x0000, 0x0000, 0x0000, 0x0000, 0x0000, 0x0000, 0x0000, 0x0000, 0x0000, 0x0000, 0x0000, 0x0000, 0x0000, 0x0000, 0x0000,
    0x0000, 0x0000, 0x0000, 0x0000, 0x0000, 0x0000, 0x0000, 0x0000, 0x0000, 0x0000, 0x0000, 0x0000, 0x0000, 0x0000, 0x0000, 0x0000,
    0x0000, 0x0000, 0x0000, 0x0000, 0x0000, 0x0000, 0x0000, 0x0000, 0x0000, 0x0000, 0x0000, 0x0000, 0x0000, 0x0000, 0x0000, 0x0000,
    0x0000, 0x0000, 0x0000, 0x0000, 0x0000, 0x0000, 0x0000, 0x0000, 0x0000, 0x0000, 0x0000, 0x0000, 0x0000, 0x0000, 0x0000, 0x0000,
    0x0000, 0x0000, 0x0000, 0x0000, 0x0000, 0x0000, 0x0000, 0x0000, 0x0000, 0x0000, 0x0000, 0x0000, 0x0000, 0x0000, 0x0000, 0x0000,
    0x0000, 0x0000, 0x0000, 0x0000, 0x0000, 0x0000, 0x0000, 0x0000, 0x0000, 0x0000, 0x0000, 0x0000, 0x0000, 0x0000, 0x0000, 0x0000,
    0x0000, 0x0000, 0x0000, 0x0000, 0x0000, 0x0000, 0x0000, 0x0000, 0x0000, 0x0000, 0x0000, 0x0000, 0x0000, 0x0000, 0x0000, 0x0000,
    0x0000, 0x0000, 0x0000, 0x0000, 0x0000, 0x0000, 0x0000, 0x0000, 0x0000, 0x0000, 0x0000, 0x0000, 0x0000, 0x0000, 0x0000, 0x0000,
    0x0000, 0x0000, 0x0000, 0x0000, 0x0000, 0x0000, 0x0000, 0x0000, 0x0000, 0x0000, 0x0000, 0x0000, 0x0000, 0x0000, 0x0000, 0x0000,
    0x0000, 0x0000, 0x0000, 0x0000, 0x0000, 0x0000, 0x0000, 0x0000, 0x0000, 0x0000, 0x0000, 0x0000, 0x0000, 0x0000, 0x0000, 0x0000,
    0x0000, 0x0000, 0x0000, 0x0000, 0x0000, 0x0000, 0x0000, 0x0000, 0x0000, 0x0000, 0x0000, 0x0000, 0x0000, 0x0000, 0x0000, 0x0000,
    0x0000, 0x0000, 0x0000, 0x0000, 0x0000, 0x0000, 0x0000, 0x0000, 0x0000, 0x0000, 0x0000, 0x0000, 0x0000, 0x0000, 0x0000, 0x0000,
    0x0000, 0x0000, 0x0000, 0x0000, 0x0000, 0x0000, 0x0000, 0x0000, 0x0000, 0x0000, 0x0000, 0x0000, 0x0000, 0x0000, 0x0000, 0x0000,
    0x0000, 0x0000, 0x0000, 0x0000, 0x0000, 0x0000, 0x0000, 0x0000, 0x0000, 0x0000, 0x0000, 0x0000, 0x0000, 0x0000, 0x0000, 0x0000,
    0x0000, 0x0000, 0x0000, 0x0000, 0x0000, 0x0000, 0x0000, 0x0000, 0x0000, 0x0000, 0x0000, 0x0000, 0x0000, 0x0000, 0x0000, 0x0000,
    0x0000, 0x0000, 0x0000, 0x0000, 0x0000, 0x0000, 0x0000, 0x0000, 0x0000, 0x0000, 0x0000, 0x0000, 0x0000, 0x0000, 0x0000, 0x0000,
    0x0000, 0x0000, 0x0000, 0x0000, 0x0000, 0x0000, 0x0000, 0x0000, 0x0000, 0x0000, 0xD659, 0xE6FC, 0xE6FC, 0xE6FC, 0xE6FC, 0xE6FC,
    0xE6FC, 0xE6FC, 0xE6FC, 0xE6FC, 0xE6FC, 0xE6FC, 0xE6FC, 0xE6FC, 0xE6FC, 0xE6FC, 0xE6FC, 0xE6FC, 0xE6FC, 0xE6FC, 0xE6FC, 0xE6FC,
    0xE6FC, 0xE6FC, 0xE6FC, 0xE6FC, 0xE6FC, 0xE6FC, 0xE6FC, 0xE6FC, 0xE6FC, 0xE6FC, 0x4A49, 0x0000, 0x0000, 0x0000, 0x0000, 0x0000,
    0x0000, 0x0000, 0x0000, 0x0000, 0x0000, 0x0000, 0x0000, 0x0000, 0x0000, 0x0000, 0x0000, 0x0000, 0x0000, 0x0000, 0x0000, 0x0000,
    0x0000, 0x0000, 0x0000, 0x0000, 0x0000, 0x0000, 0x0000, 0x0000, 0x0000, 0x0000, 0x0000, 0x0000, 0x0000, 0x0000, 0x0000, 0x0000,
    0x0000, 0x0000, 0x0000, 0x0000, 0x0000, 0x0000, 0x0000, 0x0000, 0x0000, 0x0000, 0x0000, 0x0000, 0x0000, 0x0000, 0x0000, 0x0000,
    0x0000, 0x0000, 0x0000, 0x0000, 0x0000, 0x0000, 0x0000, 0x0000, 0x0000, 0x0000, 0x0000, 0x0000, 0x0000, 0x0000, 0x0000, 0x0000,
    0x0000, 0x0000, 0x0000, 0x0000, 0x0000, 0x0000, 0x0000, 0x0000, 0x0000, 0x0000, 0x0000, 0x0000, 0x0000, 0x0000, 0x0000, 0x0000,
    0x0000, 0x0000, 0x0000, 0x0000, 0x0000, 0x0000, 0x0000, 0x0000, 0x0000, 0x0000, 0x0000, 0x0000, 0x0000, 0x0000, 0x0000, 0x0000,
    0x0000, 0x0000, 0x0000, 0x0000, 0x0000, 0x0000, 0x0000, 0x0000, 0x0000, 0x0000, 0x0000, 0x0000, 0x0000, 0x0000, 0x0000, 0x0000,
    0x0000, 0x0000, 0x0000, 0x0000, 0x0000, 0x0000, 0x0000, 0x0000, 0x0000, 0x0000, 0x0000, 0x0000, 0x0000, 0x0000, 0x0000, 0x0000,
    0x0000, 0x0000, 0x0000, 0x0000, 0x0000, 0x0000, 0x0000, 0x0000, 0x0000, 0x0000, 0x0000, 0x0000, 0x0000, 0x0000, 0x0000, 0x0000,
    0x0000, 0x0000, 0x0000, 0x0000, 0x0000, 0x0000, 0x0000, 0x0000, 0x0000, 0x0000, 0x0000, 0x0000, 0x0000, 0x0000, 0x0000, 0x0000,
    0x0000, 0x0000, 0x0000, 0x0000, 0x0000, 0x0000, 0x0000, 0x0000, 0x0000, 0x0000, 0x0000, 0x0000, 0x0000, 0x0000, 0x0000, 0x0000,
    0x0000, 0x0000, 0x0000, 0x0000, 0x0000, 0x0000, 0x0000, 0x0000, 0x0000, 0x0000, 0x0000, 0x0000, 0x0000, 0x0000, 0x0000, 0x0000,
    0x0000, 0x0000, 0x0000, 0x0000, 0x0000, 0x0000, 0x0000, 0x0000, 0x0000, 0x0000, 0x0000, 0x0000, 0x0000, 0x0000, 0x0000, 0x0000,
    0x0000, 0x0000, 0x0000, 0x0000, 0x0000, 0x0000, 0x0000, 0x0000, 0x0000, 0x0000, 0x0000, 0x0000, 0x0000, 0x0000, 0x0000, 0x0000,
    0x0000, 0x0000, 0x0000, 0x0000, 0x0000, 0x0000, 0x0000, 0x0000, 0x0000, 0x0000, 0x0000, 0x0000, 0x0000, 0x0000, 0x0000, 0x0000,
    0x0000, 0x0000, 0x0000, 0x0000, 0x0000, 0x0000, 0x0000, 0x0000, 0x0000, 0x0000, 0x0000, 0x0000, 0x0000, 0x0000, 0x0000, 0x0000,
    0x0000, 0x0000, 0x0000, 0x0000, 0x0000, 0x0000, 0x4A49, 0xE6FC, 0xE6FC, 0xE6FC, 0xE6FC, 0xE6FC, 0xE6FC, 0xE6FC, 0xE6FC, 0xE6FC,
    0xE6FC, 0xE6FC, 0xE6FC, 0xE6FC, 0xE6FC, 0xE6FC, 0xE6FC, 0xE6FC, 0xE6FC, 0xE6FC, 0xE6FC, 0xE6FC, 0xE6FC, 0xE6FC, 0xE6FC, 0xE6FC,
    0xE6FC, 0xE6FC, 0xE6FC, 0xE6FC, 0xE6FC, 0x9CD3, 0x0000, 0x0000, 0x0000, 0x0000, 0x0000, 0x0000, 0x0000, 0x0000, 0x0000, 0x0000,
    0x0000, 0x0000, 0x0000, 0x0000, 0x0000, 0x0000, 0x0000, 0x0000, 0x0000, 0x0000, 0x0000, 0x0000, 0x0000, 0x0000, 0x0000, 0x0000,
    0x0000, 0x0000, 0x0000, 0x0000, 0x0000, 0x0000, 0x0000, 0x0000, 0x0000, 0x0000, 0x0000, 0x0000, 0x0000, 0x0000, 0x0000, 0x0000,
    0x0000, 0x0000, 0x0000, 0x0000, 0x0000, 0x0000, 0x0000, 0x0000, 0x0000, 0x0000, 0x0000, 0x0000, 0x0000, 0x0000, 0x0000, 0x0000,
    0x0000, 0x0000, 0x0000, 0x0000, 0x0000, 0x0000, 0x0000, 0x0000, 0x0000, 0x0000, 0x0000, 0x0000, 0x0000, 0x0000, 0x0000, 0x0000,
    0x0000, 0x0000, 0x0000, 0x0000, 0x0000, 0x0000, 0x0000, 0x0000, 0x0000, 0x0000, 0x0000, 0x0000, 0x0000, 0x0000, 0x0000, 0x0000,
    0x0000, 0x0000, 0x0000, 0x0000, 0x0000, 0x0000, 0x0000, 0x0000, 0x0000, 0x0000, 0x0000, 0x0000, 0x0000, 0x0000, 0x0000, 0x0000,
    0x0000, 0x0000, 0x0000, 0x0000, 0x0000, 0x0000, 0x0000, 0x0000, 0x0000, 0x0000, 0x0000, 0x0000, 0x0000, 0x0000, 0x0000, 0x0000,
    0x0000, 0x0000, 0x0000, 0x0000, 0x0000, 0x0000, 0x0000, 0x0000, 0x0000, 0x0000, 0x0000, 0x0000, 0x0000, 0x0000, 0x0000, 0x0000,
    0x0000, 0x0000, 0x0000, 0x0000, 0x0000, 0x0000, 0x0000, 0x0000, 0x0000, 0x0000, 0x0000, 0x0000, 0x0000, 0x0000, 0x0000, 0x0000,
    0x0000, 0x0000, 0x0000, 0x0000, 0x0000, 0x0000, 0x0000, 0x0000, 0x0000, 0x0000, 0x0000, 0x0000, 0x0000, 0x0000, 0x0000, 0x0000,
    0x0000, 0x0000, 0x0000, 0x0000, 0x0000, 0x0000, 0x0000, 0x0000, 0x0000, 0x0000, 0x0000, 0x0000, 0x0000, 0x0000, 0x0000, 0x0000,
    0x0000, 0x0000, 0x0000, 0x0000, 0x0000, 0x0000, 0x0000, 0x0000, 0x0000, 0x0000, 0x0000, 0x0000, 0x0000, 0x0000, 0x0000, 0x0000,
    0x0000, 0x0000, 0x0000, 0x0000, 0x0000, 0x0000, 0x0000, 0x0000, 0x0000, 0x0000, 0x0000, 0x0000, 0x0000, 0x0000, 0x0000, 0x0000,
    0x0000, 0x0000, 0x0000, 0x0000, 0x0000, 0x0000, 0x0000, 0x0000, 0x0000, 0x0000, 0x0000, 0x0000, 0x0000, 0x0000, 0x0000, 0x0000,
    0x0000, 0x0000, 0x0000, 0x0000, 0x0000, 0x0000, 0x0000, 0x0000, 0x0000, 0x0000, 0x0000, 0x0000, 0x0000, 0x0000, 0x0000, 0x0000,
    0x0000, 0x0000, 0x0000, 0x0000, 0x0000, 0x0000, 0x0000, 0x0000, 0x0000, 0x0000, 0x0000, 0x0000, 0x0000, 0x0000, 0x0000, 0x0000,
    0x0000, 0x0000, 0x0000, 0x9CD3, 0xE6FC, 0xE6FC, 0xE6FC, 0xE6FC, 0xE6FC, 0xE6FC, 0xE6FC, 0xE6FC, 0xE6FC, 0xE6FC, 0xE6FC, 0xE6FC,
    0xE6FC, 0xE6FC, 0xE6FC, 0xE6FC, 0xE6FC, 0xE6FC, 0xE6FC, 0xE6FC, 0xE6FC, 0xE6FC, 0xE6FC, 0xE6FC, 0xE6FC, 0xE6FC, 0xE6FC, 0xE6FC,
    0xD659, 0x0000, 0x0000, 0x0000, 0x0000, 0x0000, 0x0000, 0x0000, 0x0000, 0x0000, 0x0000, 0x0000, 0x0000, 0x0000, 0x0000, 0x0000,
    0x0000, 0x0000, 0x0000, 0x0000, 0x0000, 0x0000, 0x0000, 0x0000, 0x0000, 0x0000, 0x0000, 0x0000, 0x0000, 0x0000, 0x0000, 0x0000,
    0x0000, 0x0000, 0x0000, 0x0000, 0x0000, 0x0000, 0x0000, 0x0000, 0x0000, 0x0000, 0x0000, 0x0000, 0x0000, 0x0000, 0x0000, 0x0000,
    0x0000, 0x0000, 0x0000, 0x0000, 0x0000, 0x0000, 0x0000, 0x0000, 0x0000, 0x0000, 0x0000, 0x0000, 0x0000, 0x0000, 0x0000, 0x0000,
    0x0000, 0x0000, 0x0000, 0x0000, 0x0000, 0x0000, 0x0000, 0x0000, 0x0000, 0x0000, 0x0000, 0x0000, 0x0000, 0x0000, 0x0000, 0x0000,
    0x0000, 0x0000, 0x0000, 0x0000, 0x0000, 0x0000, 0x0000, 0x0000, 0x0000, 0x0000, 0x0000, 0x0000, 0x0000, 0x0000, 0x0000, 0x0000,
    0x0000, 0x0000, 0x0000, 0x0000, 0x0000, 0x0000, 0x0000, 0x0000, 0x0000, 0x0000, 0x0000, 0x0000, 0x0000, 0x0000, 0x0000, 0x0000,
    0x0000, 0x0000, 0x0000, 0x0000, 0x0000, 0x0000, 0x0000, 0x0000, 0x0000, 0x0000, 0x0000, 0x0000, 0x0000, 0x0000, 0x0000, 0x0000,
    0x0000, 0x0000, 0x0000, 0x0000, 0x0000, 0x0000, 0x0000, 0x0000, 0x0000, 0x0000, 0x0000, 0x0000, 0x0000, 0x0000, 0x0000, 0x0000,
    0x0000, 0x0000, 0x0000, 0x0000, 0x0000, 0x0000, 0x0000, 0x0000, 0x0000, 0x0000, 0x0000, 0x0000, 0x0000, 0x0000, 0x0000, 0x0000,
    0x0000, 0x0000, 0x0000, 0x0000, 0x0000, 0x0000, 0x0000, 0x0000, 0x0000, 0x0000, 0x0000, 0x0000, 0x0000, 0x0000, 0x0000, 0x0000,
    0x0000, 0x0000, 0x0000, 0x0000, 0x0000, 0x0000, 0x0000, 0x0000, 0x0000, 0x0000, 0x0000, 0x0000, 0x0000, 0x0000, 0x0000, 0x0000,
    0x0000, 0x0000, 0x0000, 0x0000, 0x0000, 0x0000, 0x0000, 0x0000, 0x0000, 0x0000, 0x0000, 0x0000, 0x0000, 0x0000, 0x0000, 0x0000,
    0x0000, 0x0000, 0x0000, 0x0000, 0x0000, 0x0000, 0x0000, 0x0000, 0x0000, 0x0000, 0x0000, 0x0000, 0x0000, 0x0000, 0x0000, 0x0000,
    0x0000, 0x0000, 0x0000, 0x0000, 0x0000, 0x0000, 0x0000, 0x0000, 0x0000, 0x0000, 0x0000, 0x0000, 0x0000, 0x0000, 0x0000, 0x0000,
    0x0000, 0x0000, 0x0000, 0x0000, 0x0000, 0x0000, 0x0000, 0x0000, 0x0000, 0x0000, 0x0000, 0x0000, 0x0000, 0x0000, 0x0000, 0x0000,
    0x0000, 0x0000, 0x0000, 0x0000, 0x0000, 0x0000, 0x0000, 0x0000, 0x0000, 0x0000, 0x0000, 0x0000, 0x0000, 0x0000, 0x0000, 0x0000,
    0xD659, 0xE6FC, 0xE6FC, 0xE6FC, 0xE6FC, 0xE6FC, 0xE6FC, 0xE6FC, 0xE6FC, 0xE6FC, 0xE6FC, 0xE6FC, 0xE6FC, 0xE6FC, 0xE6FC, 0xE6FC,
    0xE6FC, 0xE6FC, 0xE6FC, 0xE6FC, 0xE6FC, 0xE6FC, 0xE6FC, 0xE6FC, 0xE6FC, 0xE6FC, 0xE6FC, 0xE6FC, 0x4A49, 0x0000, 0x0000, 0x0000,
    0x0000, 0x0000, 0x0000, 0x0000, 0x0000, 0x0000, 0x0000, 0x0000, 0x0000, 0x0000, 0x0000, 0x0000, 0x0000, 0x0000, 0x0000, 0x0000,
    0x0000, 0x0000, 0x0000, 0x0000, 0x0000, 0x0000, 0x0000, 0x0000, 0x0000, 0x0000, 0x0000, 0x0000, 0x0000, 0x0000, 0x0000, 0x0000,
    0x0000, 0x0000, 0x0000, 0x0000, 0x0000, 0x0000, 0x0000, 0x0000, 0x0000, 0x0000, 0x0000, 0x0000, 0x0000, 0x0000, 0x0000, 0x0000,
    0x0000, 0x0000, 0x0000, 0x0000, 0x0000, 0x0000, 0x0000, 0x0000, 0x0000, 0x0000, 0x0000, 0x0000, 0x0000, 0x0000, 0x0000, 0x0000,
    0x0000, 0x0000, 0x0000, 0x0000, 0x0000, 0x0000, 0x0000, 0x0000, 0x0000, 0x0000, 0x0000, 0x0000, 0x0000, 0x0000, 0x0000, 0x0000,
    0x0000, 0x0000, 0x0000, 0x0000, 0x0000, 0x0000, 0x0000, 0x0000, 0x0000, 0x0000, 0x0000, 0x0000, 0x0000, 0x0000, 0x0000, 0x0000,
    0x0000, 0x0000, 0x0000, 0x0000, 0x0000, 0x0000, 0x0000, 0x0000, 0x0000, 0x0000, 0x0000, 0x0000, 0x0000, 0x0000, 0x0000, 0x0000,
    0x0000, 0x0000, 0x0000, 0x0000, 0x0000, 0x0000, 0x0000, 0x0000, 0x0000, 0x0000, 0x0000, 0x0000, 0x0000, 0x0000, 0x0000, 0x0000,
    0x0000, 0x0000, 0x0000, 0x0000, 0x0000, 0x0000, 0x0000, 0x0000, 0x0000, 0x0000, 0x0000, 0x0000, 0x0000, 0x0000, 0x0000, 0x0000,
    0x0000, 0x0000, 0x0000, 0x0000, 0x0000, 0x0000, 0x0000, 0x0000, 0x0000, 0x0000, 0x0000, 0x0000, 0x0000, 0x0000, 0x0000, 0x0000,
    0x0000, 0x0000, 0x0000, 0x0000, 0x0000, 0x0000, 0x0000, 0x0000, 0x0000, 0x0000, 0x0000, 0x0000, 0x0000, 0x0000, 0x0000, 0x0000,
    0x0000, 0x0000, 0x0000, 0x0000, 0x0000, 0x0000, 0x0000, 0x0000, 0x0000, 0x0000, 0x0000, 0x0000, 0x0000, 0x0000, 0x0000, 0x0000,
    0x0000, 0x0000, 0x0000, 0x0000, 0x0000, 0x0000, 0x0000, 0x0000, 0x0000, 0x0000, 0x0000, 0x0000, 0x0000, 0x0000, 0x0000, 0x0000,
    0x0000, 0x0000, 0x0000, 0x0000, 0x0000, 0x0000, 0x0000, 0x0000, 0x0000, 0x0000, 0x0000, 0x0000, 0x0000, 0x0000, 0x0000, 0x0000,
    0x0000, 0x0000, 0x0000, 0x0000, 0x0000, 0x0000, 0x0000, 0x0000, 0x0000, 0x0000, 0x0000, 0x0000, 0x0000, 0x0000, 0x0000, 0x0000,
    0x0000, 0x0000, 0x0000, 0x0000, 0x0000, 0x0000, 0x0000, 0x0000, 0x0000, 0x0000, 0x0000, 0x0000, 0x0000, 0x0000, 0x0000, 0x0000,
    0x0000, 0x0000, 0x0000, 0x0000, 0x0000, 0x0000, 0x0000, 0x0000, 0x0000, 0x0000, 0x0000, 0x0000, 0x4A49, 0xE6FC, 0xE6FC, 0xE6FC,
    0xE6FC, 0xE6FC, 0xE6FC, 0xE6FC, 0xE6FC, 0xE6FC, 0xE6FC, 0xE6FC, 0xE6FC, 0xE6FC, 0xE6FC, 0xE6FC, 0xE6FC, 0xE6FC, 0xE6FC, 0xE6FC,
    0xE6FC, 0xE6FC, 0xE6FC, 0xE6FC, 0xE6FC, 0xE6FC, 0xE6FC, 0x9CD3, 0x0000, 0x0000, 0x0000, 0x0000, 0x0000, 0x0000, 0x0000, 0x0000,
    0x0000, 0x0000, 0x0000, 0x0000, 0x0000, 0x0000, 0x0000, 0x0000, 0x0000, 0x0000, 0x0000, 0x0000, 0x0000, 0x0000, 0x0000, 0x0000,
    0x0000, 0x0000, 0x0000, 0x0000, 0x0000, 0x0000, 0x0000, 0x0000, 0x0000, 0x0000, 0x0000, 0x0000, 0x0000, 0x0000, 0x0000, 0x0000,
    0x0000, 0x0000, 0x0000, 0x0000, 0x0000, 0x0000, 0x0000, 0x0000, 0x0000, 0x0000, 0x0000, 0x0000, 0x0000, 0x0000, 0x0000, 0x0000,
    0x0000, 0x0000, 0x0000, 0x0000, 0x0000, 0x0000, 0x0000, 0x0000, 0x0000, 0x0000, 0x0000, 0x0000, 0x0000, 0x0000, 0x0000, 0x0000,
    0x0000, 0x0000, 0x0000, 0x0000, 0x0000, 0x0000, 0x0000, 0x0000, 0x0000, 0x0000, 0x0000, 0x0000, 0x0000, 0x0000, 0x0000, 0x0000,
    0x0000, 0x0000, 0x0000, 0x0000, 0x0000, 0x0000, 0x0000, 0x0000, 0x0000, 0x0000, 0x0000, 0x0000, 0x0000, 0x0000, 0x0000, 0x0000,
    0x0000, 0x0000, 0x0000, 0x0000, 0x0000, 0x0000, 0x0000, 0x0000, 0x0000, 0x0000, 0x0000, 0x0000, 0x0000, 0x0000, 0x0000, 0x0000,
    0x0000, 0x0000, 0x0000, 0x0000, 0x0000, 0x0000, 0x0000, 0x0000, 0x0000, 0x0000, 0x0000, 0x0000, 0x0000, 0x0000, 0x0000, 0x0000,
    0x0000, 0x0000, 0x0000, 0x0000, 0x0000, 0x0000, 0x0000, 0x0000, 0x0000, 0x0000, 0x0000, 0x0000, 0x0000, 0x0000, 0x0000, 0x0000,
    0x0000, 0x0000, 0x0000, 0x0000, 0x0000, 0x0000, 0x0000, 0x0000, 0x0000, 0x0000, 0x0000, 0x0000, 0x0000, 0x0000, 0x0000, 0x0000,
    0x0000, 0x0000, 0x0000, 0x0000, 0x0000, 0x0000, 0x0000, 0x0000, 0x0000, 0x0000, 0x0000, 0x0000, 0x0000, 0x0000, 0x0000, 0x0000,
    0x0000, 0x0000, 0x0000, 0x0000, 0x0000, 0x0000, 0x0000, 0x0000, 0x0000, 0x0000, 0x0000, 0x0000, 0x0000, 0x0000, 0x0000, 0x0000,
    0x0000, 0x0000, 0x0000, 0x0000, 0x0000, 0x0000, 0x0000, 0x0000, 0x0000, 0x0000, 0x0000, 0x0000, 0x0000, 0x0000, 0x0000, 0x0000,
    0x0000, 0x0000, 0x0000, 0x0000, 0x0000, 0x0000, 0x0000, 0x0000, 0x0000, 0x0000, 0x0000, 0x0000, 0x0000, 0x0000, 0x0000, 0x0000,
    0x0000, 0x0000, 0x0000, 0x0000, 0x0000, 0x0000, 0x0000, 0x0000, 0x0000, 0x0000, 0x0000, 0x0000, 0x0000, 0x0000, 0x0000, 0x0000,
    0x0000, 0x0000, 0x0000, 0x0000, 0x0000, 0x0000, 0x0000, 0x0000, 0x0000, 0x0000, 0x0000, 0x0000, 0x0000, 0x0000, 0x0000, 0x0000,
    0x0000, 0x0000, 0x0000, 0x0000, 0x0000, 0x0000, 0x0000, 0x0000, 0x0000, 0x9CD3, 0xE6FC, 0xE6FC, 0xE6FC, 0xE6FC, 0xE6FC, 0xE6FC,
    0xE6FC, 0xE6FC, 0xE6FC, 0xE6FC, 0xE6FC, 0xE6FC, 0xE6FC, 0xE6FC, 0xE6FC, 0xE6FC, 0xE6FC, 0xE6FC, 0xE6FC, 0xE6FC, 0xE6FC, 0xE6FC,
    0xE6FC, 0xE6FC, 0xD659, 0x0000, 0x0000, 0x0000, 0x0000, 0x0000, 0x0000, 0x0000, 0x0000, 0x0000, 0x0000, 0x0000, 0x0000, 0x0000,
    0x0000, 0x0000, 0x0000, 0x0000, 0x0000, 0x0000, 0x0000, 0x0000, 0x0000, 0x0000, 0x0000, 0x0000, 0x0000, 0x0000, 0x0000, 0x0000,
    0x0000, 0x0000, 0x0000, 0x0000, 0x0000, 0x0000, 0x0000, 0x0000, 0x0000, 0x0000, 0x0000, 0x0000, 0x0000, 0x0000, 0x0000, 0x0000,
    0x0000, 0x0000, 0x0000, 0x0000, 0x0000, 0x0000, 0x0000, 0x0000, 0x0000, 0x0000, 0x0000, 0x0000, 0x0000, 0x0000, 0x0000, 0x0000,
    0x0000, 0x0000, 0x0000, 0x0000, 0x0000, 0x0000, 0x0000, 0x0000, 0x0000, 0x0000, 0x0000, 0x0000, 0x0000, 0x0000, 0x0000, 0x0000,
    0x0000, 0x0000, 0x0000, 0x0000, 0x0000, 0x0000, 0x0000, 0x0000, 0x0000, 0x0000, 0x0000, 0x0000, 0x0000, 0x0000, 0x0000, 0x0000,
    0x0000, 0x0000, 0x0000, 0x0000, 0x0000, 0x0000, 0x0000, 0x0000, 0x0000, 0x0000, 0x0000, 0x0000, 0x0000, 0x0000, 0x0000, 0x0000,
    0x0000, 0x0000, 0x0000, 0x0000, 0x0000, 0x0000, 0x0000, 0x0000, 0x0000, 0x0000, 0x0000, 0x0000, 0x0000, 0x0000, 0x0000, 0x0000,
    0x0000, 0x0000, 0x0000, 0x0000, 0x0000, 0x0000, 0x0000, 0x0000, 0x0000, 0x0000, 0x0000, 0x0000, 0x0000, 0x0000, 0x0000, 0x0000,
    0x0000, 0x0000, 0x0000, 0x0000, 0x0000, 0x0000, 0x0000, 0x0000, 0x0000, 0x0000, 0x0000, 0x0000, 0x0000, 0x0000, 0x0000, 0x0000,
    0x0000, 0x0000, 0x0000, 0x0000, 0x0000, 0x0000, 0x0000, 0x0000, 0x0000, 0x0000, 0x0000, 0x0000, 0x0000, 0x0000, 0x0000, 0x0000,
    0x0000, 0x0000, 0x0000, 0x0000, 0x0000, 0x0000, 0x0000, 0x0000, 0x0000, 0x0000, 0x0000, 0x0000, 0x0000, 0x0000, 0x0000, 0x0000,
    0x0000, 0x0000, 0x0000, 0x0000, 0x0000, 0x0000, 0x0000, 0x0000, 0x0000, 0x0000, 0x0000, 0x0000, 0x0000, 0x0000, 0x0000, 0x0000,
    0x0000, 0x0000, 0x0000, 0x0000, 0x0000, 0x0000, 0x0000, 0x0000, 0x0000, 0x0000, 0x0000, 0x0000, 0x0000, 0x0000, 0x0000, 0x0000,
    0x0000, 0x0000, 0x0000, 0x0000, 0x0000, 0x0000, 0x0000, 0x0000, 0x0000, 0x0000, 0x0000, 0x0000, 0x0000, 0x0000, 0x0000, 0x0000,
    0x0000, 0x0000, 0x0000, 0x0000, 0x0000, 0x0000, 0x0000, 0x0000, 0x0000, 0x0000, 0x0000, 0x0000, 0x0000, 0x0000, 0x0000, 0x0000,
    0x0000, 0x0000, 0x0000, 0x0000, 0x0000, 0x0000, 0x0000, 0x0000, 0x0000, 0x0000, 0x0000, 0x0000, 0x0000, 0x0000, 0x0000, 0x0000,
    0x0000, 0x0000, 0x0000, 0x0000, 0x0000, 0x0000, 0xD659, 0xE6FC, 0xE6FC, 0xE6FC, 0xE6FC, 0xE6FC, 0xE6FC, 0xE6FC, 0xE6FC, 0xE6FC,
    0xE6FC, 0xE6FC, 0xE6FC, 0xE6FC, 0xE6FC, 0xE6FC, 0xE6FC, 0xE6FC, 0xE6FC, 0xE6FC, 0xE6FC, 0xE6FC, 0xE6FC, 0xE6FC, 0x4A49, 0x0000,
    0x0000, 0x0000, 0x0000, 0x0000, 0x0000, 0x0000, 0x0000, 0x0000, 0x0000, 0x0000, 0x0000, 0x0000, 0x0000, 0x0000, 0x0000, 0x0000,
    0x0000, 0x0000, 0x0000, 0x0000, 0x0000, 0x0000, 0x0000, 0x0000, 0x0000, 0x0000, 0x0000, 0x0000, 0x0000, 0x0000, 0x0000, 0x0000,
    0x0000, 0x0000, 0x0000, 0x0000, 0x0000, 0x0000, 0x0000, 0x0000, 0x0000, 0x0000, 0x0000, 0x0000, 0x0000, 0x0000, 0x0000, 0x0000,
    0x0000, 0x0000, 0x0000, 0x0000, 0x0000, 0x0000, 0x0000, 0x0000, 0x0000, 0x0000, 0x0000, 0x0000, 0x0000, 0x0000, 0x0000, 0x0000,
    0x0000, 0x0000, 0x0000, 0x0000, 0x0000, 0x0000, 0x0000, 0x0000, 0x0000, 0x0000, 0x0000, 0x0000, 0x0000, 0x0000, 0x0000, 0x0000,
    0x0000, 0x0000, 0x0000, 0x0000, 0x0000, 0x0000, 0x0000, 0x0000, 0x0000, 0x0000, 0x0000, 0x0000, 0x0000, 0x0000, 0x0000, 0x0000,
    0x0000, 0x0000, 0x0000, 0x0000, 0x0000, 0x0000, 0x0000, 0x0000, 0x0000, 0x0000, 0x0000, 0x0000, 0x0000, 0x0000, 0x0000, 0x0000,
    0x0000, 0x0000, 0x0000, 0x0000, 0x0000, 0x0000, 0x0000, 0x0000, 0x0000, 0x0000, 0x0000, 0x0000, 0x0000, 0x0000, 0x0000, 0x0000,
    0x0000, 0x0000, 0x0000, 0x0000, 0x0000, 0x0000, 0x0000, 0x0000, 0x0000, 0x0000, 0x0000, 0x0000, 0x0000, 0x0000, 0x0000, 0x0000,
    0x0000, 0x0000, 0x0000, 0x0000, 0x0000, 0x0000, 0x0000, 0x0000, 0x0000, 0x0000, 0x0000, 0x0000, 0x0000, 0x0000, 0x0000, 0x0000,
    0x0000, 0x0000, 0x0000, 0x0000, 0x0000, 0x0000, 0x0000, 0x0000, 0x0000, 0x0000, 0x0000, 0x0000, 0x0000, 0x0000, 0x0000, 0x0000,
    0x0000, 0x0000, 0x0000, 0x0000, 0x0000, 0x0000, 0x0000, 0x0000, 0x0000, 0x0000, 0x0000, 0x0000, 0x0000, 0x0000, 0x0000, 0x0000,
    0x0000, 0x0000, 0x0000, 0x0000, 0x0000, 0x0000, 0x0000, 0x0000, 0x0000, 0x0000, 0x0000, 0x0000, 0x0000, 0x0000, 0x0000, 0x0000,
    0x0000, 0x0000, 0x0000, 0x0000, 0x0000, 0x0000, 0x0000, 0x0000, 0x0000, 0x0000, 0x0000, 0x0000, 0x0000, 0x0000, 0x0000, 0x0000,
    0x0000, 0x0000, 0x0000, 0x0000, 0x0000, 0x0000, 0x0000, 0x0000, 0x0000, 0x0000, 0x0000, 0x0000, 0x0000, 0x0000, 0x0000, 0x0000,
    0x0000, 0x0000, 0x0000, 0x0000, 0x0000, 0x0000, 0x0000, 0x0000, 0x0000, 0x0000, 0x0000, 0x0000, 0x0000, 0x0000, 0x0000, 0x0000,
    0x0000, 0x0000, 0x0000, 0x0000, 0x0000, 0x0000, 0x0000, 0x0000, 0x0000, 0x0000, 0x0000, 0x0000, 0x0000, 0x0000, 0x0000, 0x0000,
    0x0000, 0x0000, 0x6B4D, 0xE6FC, 0xE6FC, 0xE6FC, 0xE6FC, 0xE6FC, 0xE6FC, 0xE6FC, 0xE6FC, 0xE6FC, 0xE6FC, 0xE6FC, 0xE6FC, 0xE6FC,
    0xE6FC, 0xE6FC, 0xE6FC, 0xE6FC, 0xE6FC, 0xE6FC, 0xE6FC, 0xE6FC, 0xE6FC, 0x9CD3, 0x0000, 0x0000, 0x0000, 0x0000, 0x0000, 0x0000,
    0x0000, 0x0000, 0x0000, 0x0000, 0x0000, 0x0000, 0x0000, 0x0000, 0x0000, 0x0000, 0x0000, 0x0000, 0x0000, 0x0000, 0x0000, 0x0000,
    0x0000, 0x0000, 0x0000, 0x0000, 0x0000, 0x0000, 0x0000, 0x0000, 0x0000, 0x0000, 0x0000, 0x0000, 0x0000, 0x0000, 0x0000, 0x0000,
    0x0000, 0x0000, 0x0000, 0x0000, 0x0000, 0x0000, 0x0000, 0x0000, 0x0000, 0x0000, 0x0000, 0x0000, 0x0000, 0x0000, 0x0000, 0x0000,
    0x0000, 0x0000, 0x0000, 0x0000, 0x0000, 0x0000, 0x0000, 0x0000, 0x0000, 0x0000, 0x0000, 0x0000, 0x0000, 0x0000, 0x0000, 0x0000,
    0x0000, 0x0000, 0x0000, 0x0000, 0x0000, 0x0000, 0x0000, 0x0000, 0x0000, 0x0000, 0x0000, 0x0000, 0x0000, 0x0000, 0x0000, 0x0000,
    0x0000, 0x0000, 0x0000, 0x0000, 0x0000, 0x0000, 0x0000, 0x0000, 0x0000, 0x0000, 0x0000, 0x0000, 0x0000, 0x0000, 0x0000, 0x0000,
    0x0000, 0x0000, 0x0000, 0x0000, 0x0000, 0x0000, 0x0000, 0x0000, 0x0000, 0x0000, 0x0000, 0x0000, 0x0000, 0x0000, 0x0000, 0x0000,
    0x0000, 0x0000, 0x0000, 0x0000, 0x0000, 0x0000, 0x0000, 0x0000, 0x0000, 0x0000, 0x0000, 0x0000, 0x0000, 0x0000, 0x0000, 0x0000,
    0x0000, 0x0000, 0x0000, 0x0000, 0x0000, 0x0000, 0x0000, 0x0000, 0x0000, 0x0000, 0x0000, 0x0000, 0x0000, 0x0000, 0x0000, 0x0000,
    0x0000, 0x0000, 0x0000, 0x0000, 0x0000, 0x0000, 0x0000, 0x0000, 0x0000, 0x0000, 0x0000, 0x0000, 0x0000, 0x0000, 0x0000, 0x0000,
    0x0000, 0x0000, 0x0000, 0x0000, 0x0000, 0x0000, 0x0000, 0x0000, 0x0000, 0x0000, 0x0000, 0x0000, 0x0000, 0x0000, 0x0000, 0x0000,
    0x0000, 0x0000, 0x0000, 0x0000, 0x0000, 0x0000, 0x0000, 0x0000, 0x0000, 0x0000, 0x0000, 0x0000, 0x0000, 0x0000, 0x0000, 0x0000,
    0x0000, 0x0000, 0x0000, 0x0000, 0x0000, 0x0000, 0x0000, 0x0000, 0x0000, 0x0000, 0x0000, 0x0000, 0x0000, 0x0000, 0x0000, 0x0000,
    0x0000, 0x0000, 0x0000, 0x0000, 0x0000, 0x0000, 0x0000, 0x0000, 0x0000, 0x0000, 0x0000, 0x0000, 0x0000, 0x0000, 0x0000, 0x0000,
    0x0000, 0x0000, 0x0000, 0x0000, 0x0000, 0x0000, 0x0000, 0x0000, 0x0000, 0x0000, 0x0000, 0x0000, 0x0000, 0x0000, 0x0000, 0x0000,
    0x0000, 0x0000, 0x0000, 0x0000, 0x0000, 0x0000, 0x0000, 0x0000, 0x0000, 0x0000, 0x0000, 0x0000, 0x0000, 0x0000, 0x0000, 0x0000,
    0x0000, 0x0000, 0x0000, 0x0000, 0x0000, 0x0000, 0x0000, 0x0000, 0x0000, 0x0000, 0x0000, 0x0000, 0x0000, 0x0000, 0x0000, 0xAD55,
    0xE6FC, 0xE6FC, 0xE6FC, 0xE6FC, 0xE6FC, 0xE6FC, 0xE6FC, 0xE6FC, 0xE6FC, 0xE6FC, 0xE6FC, 0xE6FC, 0xE6FC, 0xE6FC, 0xE6FC, 0xE6FC,
    0xE6FC, 0xE6FC, 0xE6FC, 0xE6FC, 0xD659, 0x0000, 0x0000, 0x0000, 0x0000, 0x0000, 0x0000, 0x0000, 0x0000, 0x0000, 0x0000, 0x0000,
    0x0000, 0x0000, 0x0000, 0x0000, 0x0000, 0x0000, 0x0000, 0x0000, 0x0000, 0x0000, 0x0000, 0x0000, 0x0000, 0x0000, 0x0000, 0x0000,
    0x0000, 0x0000, 0x0000, 0x0000, 0x0000, 0x0000, 0x0000, 0x0000, 0x0000, 0x0000, 0x0000, 0x0000, 0x0000, 0x0000, 0x0000, 0x0000,
    0x0000, 0x0000, 0x0000, 0x0000, 0x0000, 0x0000, 0x0000, 0x0000, 0x0000, 0x0000, 0x0000, 0x0000, 0x0000, 0x0000, 0x0000, 0x0000,
    0x0000, 0x0000, 0x0000, 0x0000, 0x0000, 0x0000, 0x0000, 0x0000, 0x0000, 0x0000, 0x0000, 0x0000, 0x0000, 0x0000, 0x0000, 0x0000,
    0x0000, 0x0000, 0x0000, 0x0000, 0x0000, 0x0000, 0x0000, 0x0000, 0x0000, 0x0000, 0x0000, 0x0000, 0x0000, 0x0000, 0x0000, 0x0000,
    0x0000, 0x0000, 0x0000, 0x0000, 0x0000, 0x0000, 0x0000, 0x0000, 0x0000, 0x0000, 0x0000, 0x0000, 0x0000, 0x0000, 0x0000, 0x0000,
    0x0000, 0x0000, 0x0000, 0x0000, 0x0000, 0x0000, 0x0000, 0x0000, 0x0000, 0x0000, 0x0000, 0x0000, 0x0000, 0x0000, 0x0000, 0x0000,
    0x0000, 0x0000, 0x0000, 0x0000, 0x0000, 0x0000, 0x0000, 0x0000, 0x0000, 0x0000, 0x0000, 0x0000, 0x0000, 0x0000, 0x0000, 0x0000,
    0x0000, 0x0000, 0x0000, 0x0000, 0x0000, 0x0000, 0x0000, 0x0000, 0x0000, 0x0000, 0x0000, 0x0000, 0x0000, 0x0000, 0x0000, 0x0000,
    0x0000, 0x0000, 0x0000, 0x0000, 0x0000, 0x0000, 0x0000, 0x0000, 0x0000, 0x0000, 0x0000, 0x0000, 0x0000, 0x0000, 0x0000, 0x0000,
    0x0000, 0x0000, 0x0000, 0x0000, 0x0000, 0x0000, 0x0000, 0x0000, 0x0000, 0x0000, 0x0000, 0x0000, 0x0000, 0x0000, 0x0000, 0x0000,
    0x0000, 0x0000, 0x0000, 0x0000, 0x0000, 0x0000, 0x0000, 0x0000, 0x0000, 0x0000, 0x0000, 0x0000, 0x0000, 0x0000, 0x0000, 0x0000,
    0x0000, 0x0000, 0x0000, 0x0000, 0x0000, 0x0000, 0x0000, 0x0000, 0x0000, 0x0000, 0x0000, 0x0000, 0x0000, 0x0000, 0x0000, 0x0000,
    0x0000, 0x0000, 0x0000, 0x0000, 0x0000, 0x0000, 0x0000, 0x0000, 0x0000, 0x0000, 0x0000, 0x0000, 0x0000, 0x0000, 0x0000, 0x0000,
    0x0000, 0x0000, 0x0000, 0x0000, 0x0000, 0x0000, 0x0000, 0x0000, 0x0000, 0x0000, 0x0000, 0x0000, 0x0000, 0x0000, 0x0000, 0x0000,
    0x0000, 0x0000, 0x0000, 0x0000, 0x0000, 0x0000, 0x0000, 0x0000, 0x0000, 0x0000, 0x0000, 0x0000, 0x0000, 0x0000, 0x0000, 0x0000,
    0x0000, 0x0000, 0x0000, 0x0000, 0x0000, 0x0000, 0x0000, 0x0000, 0x0000, 0x0000, 0x0000, 0x2965, 0xD659, 0xE6FC, 0xE6FC, 0xE6FC,
    0xE6FC, 0xE6FC, 0xE6FC, 0xE6FC, 0xE6FC, 0xE6FC, 0xE6FC, 0xE6FC, 0xE6FC, 0xE6FC, 0xE6FC, 0xE6FC, 0xE6FC, 0xE6FC, 0xE6FC, 0xE6FC,
    0x4A49, 0x0000, 0x0000, 0x0000, 0x0000, 0x0000, 0x0000, 0x0000, 0x0000, 0x0000, 0x0000, 0x0000, 0x0000, 0x0000, 0x0000, 0x0000,
    0x0000, 0x0000, 0x0000, 0x0000, 0x0000, 0x0000, 0x0000, 0x0000, 0x0000, 0x0000, 0x0000, 0x0000, 0x0000, 0x0000, 0x0000, 0x0000,
    0x0000, 0x0000, 0x0000, 0x0000, 0x0000, 0x0000, 0x0000, 0x0000, 0x0000, 0x0000, 0x0000, 0x0000, 0x0000, 0x0000, 0x0000, 0x0000,
    0x0000, 0x0000, 0x0000, 0x0000, 0x0000, 0x0000, 0x0000, 0x0000, 0x0000, 0x0000, 0x0000, 0x0000, 0x0000, 0x0000, 0x0000, 0x0000,
    0x0000, 0x0000, 0x0000, 0x0000, 0x0000, 0x0000, 0x0000, 0x0000, 0x0000, 0x0000, 0x0000, 0x0000, 0x0000, 0x0000, 0x0000, 0x0000,
    0x0000, 0x0000, 0x0000, 0x0000, 0x0000, 0x0000, 0x0000, 0x0000, 0x0000, 0x0000, 0x0000, 0x0000, 0x0000, 0x0000, 0x0000, 0x0000,
    0x0000, 0x0000, 0x0000, 0x0000, 0x0000, 0x0000, 0x0000, 0x0000, 0x0000, 0x0000, 0x0000, 0x0000, 0x0000, 0x0000, 0x0000, 0x0000,
    0x0000, 0x0000, 0x0000, 0x0000, 0x0000, 0x0000, 0x0000, 0x0000, 0x0000, 0x0000, 0x0000, 0x0000, 0x0000, 0x0000, 0x0000, 0x0000,
    0x0000, 0x0000, 0x0000, 0x0000, 0x0000, 0x0000, 0x0000, 0x0000, 0x0000, 0x0000, 0x0000, 0x0000, 0x0000, 0x0000, 0x0000, 0x0000,
    0x0000, 0x0000, 0x0000, 0x0000, 0x0000, 0x0000, 0x0000, 0x0000, 0x0000, 0x0000, 0x0000, 0x0000, 0x0000, 0x0000, 0x0000, 0x0000,
    0x0000, 0x0000, 0x0000, 0x0000, 0x0000, 0x0000, 0x0000, 0x0000, 0x0000, 0x0000, 0x0000, 0x0000, 0x0000, 0x0000, 0x0000, 0x0000,
    0x0000, 0x0000, 0x0000, 0x0000, 0x0000, 0x0000, 0x0000, 0x0000, 0x0000, 0x0000, 0x0000, 0x0000, 0x0000, 0x0000, 0x0000, 0x0000,
    0x0000, 0x0000, 0x0000, 0x0000, 0x0000, 0x0000, 0x0000, 0x0000, 0x0000, 0x0000, 0x0000, 0x0000, 0x0000, 0x0000, 0x0000, 0x0000,
    0x0000, 0x0000, 0x0000, 0x0000, 0x0000, 0x0000, 0x0000, 0x0000, 0x0000, 0x0000, 0x0000, 0x0000, 0x0000, 0x0000, 0x0000, 0x0000,
    0x0000, 0x0000, 0x0000, 0x0000, 0x0000, 0x0000, 0x0000, 0x0000, 0x0000, 0x0000, 0x0000, 0x0000, 0x0000, 0x0000, 0x0000, 0x0000,
    0x0000, 0x0000, 0x0000, 0x0000, 0x0000, 0x0000, 0x0000, 0x0000, 0x0000, 0x0000, 0x0000, 0x0000, 0x0000, 0x0000, 0x0000, 0x0000,
    0x0000, 0x0000, 0x0000, 0x0000, 0x0000, 0x0000, 0x0000, 0x0000, 0x0000, 0x0000, 0x0000, 0x0000, 0x0000, 0x0000, 0x0000, 0x0000,
    0x0000, 0x0000, 0x0000, 0x0000, 0x0000, 0x0000, 0x0000, 0x0000, 0x6B4D, 0xE6FC, 0xE6FC, 0xE6FC, 0xE6FC, 0xE6FC, 0xE6FC, 0xE6FC,
    0xE6FC, 0xE6FC, 0xE6FC, 0xE6FC, 0xE6FC, 0xE6FC, 0xE6FC, 0xE6FC, 0xE6FC, 0xE6FC, 0xE6FC, 0xAD55, 0x0000, 0x0000, 0x0000, 0x0000,
    0x0000, 0x0000, 0x0000, 0x0000, 0x0000, 0x0000, 0x0000, 0x0000, 0x0000, 0x0000, 0x0000, 0x0000, 0x0000, 0x0000, 0x0000, 0x0000,
    0x0000, 0x0000, 0x0000, 0x0000, 0x0000, 0x0000, 0x0000, 0x0000, 0x0000, 0x0000, 0x0000, 0x0000, 0x0000, 0x0000, 0x0000, 0x0000,
    0x0000, 0x0000, 0x0000, 0x0000, 0x0000, 0x0000, 0x0000, 0x0000, 0x0000, 0x0000, 0x0000, 0x0000, 0x0000, 0x0000, 0x0000, 0x0000,
    0x0000, 0x0000, 0x0000, 0x0000, 0x0000, 0x0000, 0x0000, 0x0000, 0x0000, 0x0000, 0x0000, 0x0000, 0x0000, 0x0000, 0x0000, 0x0000,
    0x0000, 0x0000, 0x0000, 0x0000, 0x0000, 0x0000, 0x0000, 0x0000, 0x0000, 0x0000, 0x0000, 0x0000, 0x0000, 0x0000, 0x0000, 0x0000,
    0x0000, 0x0000, 0x0000, 0x0000, 0x0000, 0x0000, 0x0000, 0x0000, 0x0000, 0x0000, 0x0000, 0x0000, 0x0000, 0x0000, 0x0000, 0x0000,
    0x0000, 0x0000, 0x0000, 0x0000, 0x0000, 0x0000, 0x0000, 0x0000, 0x0000, 0x0000, 0x0000, 0x0000, 0x0000, 0x0000, 0x0000, 0x0000,
    0x0000, 0x0000, 0x0000, 0x0000, 0x0000, 0x0000, 0x0000, 0x0000, 0x0000, 0x0000, 0x0000, 0x0000, 0x0000, 0x0000, 0x0000, 0x0000,
    0x0000, 0x0000, 0x0000, 0x0000, 0x0000, 0x0000, 0x0000, 0x0000, 0x0000, 0x0000, 0x0000, 0x0000, 0x0000, 0x0000, 0x0000, 0x0000,
    0x0000, 0x0000, 0x0000, 0x0000, 0x0000, 0x0000, 0x0000, 0x0000, 0x0000, 0x0000, 0x0000, 0x0000, 0x0000, 0x0000, 0x0000, 0x0000,
    0x0000, 0x0000, 0x0000, 0x0000, 0x0000, 0x0000, 0x0000, 0x0000, 0x0000, 0x0000, 0x0000, 0x0000, 0x0000, 0x0000, 0x0000, 0x0000,
    0x0000, 0x0000, 0x0000, 0x0000, 0x0000, 0x0000, 0x0000, 0x0000, 0x0000, 0x0000, 0x0000, 0x0000, 0x0000, 0x0000, 0x0000, 0x0000,
    0x0000, 0x0000, 0x0000, 0x0000, 0x0000, 0x0000, 0x0000, 0x0000, 0x0000, 0x0000, 0x0000, 0x0000, 0x0000, 0x0000, 0x0000, 0x0000,
    0x0000, 0x0000, 0x0000, 0x0000, 0x0000, 0x0000, 0x0000, 0x0000, 0x0000, 0x0000, 0x0000, 0x0000, 0x0000, 0x0000, 0x0000, 0x0000,
    0x0000, 0x0000, 0x0000, 0x0000, 0x0000, 0x0000, 0x0000, 0x0000, 0x0000, 0x0000, 0x0000, 0x0000, 0x0000, 0x0000, 0x0000, 0x0000,
    0x0000, 0x0000, 0x0000, 0x0000, 0x0000, 0x0000, 0x0000, 0x0000, 0x0000, 0x0000, 0x0000, 0x0000, 0x0000, 0x0000, 0x0000, 0x0000,
    0x0000, 0x0000, 0x0000, 0x0000, 0x0000, 0x0000, 0x0000, 0x0000, 0x0000, 0x0000, 0x0000, 0x0000, 0x0000, 0x0000, 0x0000, 0x0000,
    0x0000, 0x0000, 0x0000, 0x0000, 0x0000, 0xAD55, 0xE6FC, 0xE6FC, 0xE6FC, 0xE6FC, 0xE6FC, 0xE6FC, 0xE6FC, 0xE6FC, 0xE6FC, 0xE6FC,
    0xE6FC, 0xE6FC, 0xE6FC, 0xE6FC, 0xE6FC, 0xE6FC, 0xD659, 0x2965, 0x0000, 0x0000, 0x0000, 0x0000, 0x0000, 0x0000, 0x0000, 0x0000,
    0x0000, 0x0000, 0x0000, 0x0000, 0x0000, 0x0000, 0x0000, 0x0000, 0x0000, 0x0000, 0x0000, 0x0000, 0x0000, 0x0000, 0x0000, 0x0000,
    0x0000, 0x0000, 0x0000, 0x0000, 0x0000, 0x0000, 0x0000, 0x0000, 0x0000, 0x0000, 0x0000, 0x0000, 0x0000, 0x0000, 0x0000, 0x0000,
    0x0000, 0x0000, 0x0000, 0x0000, 0x0000, 0x0000, 0x0000, 0x0000, 0x0000, 0x0000, 0x0000, 0x0000, 0x0000, 0x0000, 0x0000, 0x0000,
    0x0000, 0x0000, 0x0000, 0x0000, 0x0000, 0x0000, 0x0000, 0x0000, 0x0000, 0x0000, 0x0000, 0x0000, 0x0000, 0x0000, 0x0000, 0x0000,
    0x0000, 0x0000, 0x0000, 0x0000, 0x0000, 0x0000, 0x0000, 0x0000, 0x0000, 0x0000, 0x0000, 0x0000, 0x0000, 0x0000, 0x0000, 0x0000,
    0x0000, 0x0000, 0x0000, 0x0000, 0x0000, 0x0000, 0x0000, 0x0000, 0x0000, 0x0000, 0x0000, 0x0000, 0x0000, 0x0000, 0x0000, 0x0000,
    0x0000, 0x0000, 0x0000, 0x0000, 0x0000, 0x0000, 0x0000, 0x0000, 0x0000, 0x0000, 0x0000, 0x0000, 0x0000, 0x0000, 0x0000, 0x0000,
    0x0000, 0x0000, 0x0000, 0x0000, 0x0000, 0x0000, 0x0000, 0x0000, 0x0000, 0x0000, 0x0000, 0x0000, 0x0000, 0x0000, 0x0000, 0x0000,
    0x0000, 0x0000, 0x0000, 0x0000, 0x0000, 0x0000, 0x0000, 0x0000, 0x0000, 0x0000, 0x0000, 0x0000, 0x0000, 0x0000, 0x0000, 0x0000,
    0x0000, 0x0000, 0x0000, 0x0000, 0x0000, 0x0000, 0x0000, 0x0000, 0x0000, 0x0000, 0x0000, 0x0000, 0x0000, 0x0000, 0x0000, 0x0000,
    0x0000, 0x0000, 0x0000, 0x0000, 0x0000, 0x0000, 0x0000, 0x0000, 0x0000, 0x0000, 0x0000, 0x0000, 0x0000, 0x0000, 0x0000, 0x0000,
    0x0000, 0x0000, 0x0000, 0x0000, 0x0000, 0x0000, 0x0000, 0x0000, 0x0000, 0x0000, 0x0000, 0x0000, 0x0000, 0x0000, 0x0000, 0x0000,
    0x0000, 0x0000, 0x0000, 0x0000, 0x0000, 0x0000, 0x0000, 0x0000, 0x0000, 0x0000, 0x0000, 0x0000, 0x0000, 0x0000, 0x0000, 0x0000,
    0x0000, 0x0000, 0x0000, 0x0000, 0x0000, 0x0000, 0x0000, 0x0000, 0x0000, 0x0000, 0x0000, 0x0000, 0x0000, 0x0000, 0x0000, 0x0000,
    0x0000, 0x0000, 0x0000, 0x0000, 0x0000, 0x0000, 0x0000, 0x0000, 0x0000, 0x0000, 0x0000, 0x0000, 0x0000, 0x0000, 0x0000, 0x0000,
    0x0000, 0x0000, 0x0000, 0x0000, 0x0000, 0x0000, 0x0000, 0x0000, 0x0000, 0x0000, 0x0000, 0x0000, 0x0000, 0x0000, 0x0000, 0x0000,
    0x0000, 0x0000, 0x0000, 0x0000, 0x0000, 0x0000, 0x0000, 0x0000, 0x0000, 0x0000, 0x0000, 0x0000, 0x0000, 0x0000, 0x0000, 0x0000,
    0x0000, 0x2965, 0xD659, 0xE6FC, 0xE6FC, 0xE6FC, 0xE6FC, 0xE6FC, 0xE6FC, 0xE6FC, 0xE6FC, 0xE6FC, 0xE6FC, 0xE6FC, 0xE6FC, 0xE6FC,
    0xE6FC, 0xE6FC, 0x6B4D, 0x0000, 0x0000, 0x0000, 0x0000, 0x0000, 0x0000, 0x0000, 0x0000, 0x0000, 0x0000, 0x0000, 0x0000, 0x0000,
    0x0000, 0x0000, 0x0000, 0x0000, 0x0000, 0x0000, 0x0000, 0x0000, 0x0000, 0x0000, 0x0000, 0x0000, 0x0000, 0x0000, 0x0000, 0x0000,
    0x0000, 0x0000, 0x0000, 0x0000, 0x0000, 0x0000, 0x0000, 0x0000, 0x0000, 0x0000, 0x0000, 0x0000, 0x0000, 0x0000, 0x0000, 0x0000,
    0x0000, 0x0000, 0x0000, 0x0000, 0x0000, 0x0000, 0x0000, 0x0000, 0x0000, 0x0000, 0x0000, 0x0000, 0x0000, 0x0000, 0x0000, 0x0000,
    0x0000, 0x0000, 0x0000, 0x0000, 0x0000, 0x0000, 0x0000, 0x0000, 0x0000, 0x0000, 0x0000, 0x0000, 0x0000, 0x0000, 0x0000, 0x0000,
    0x0000, 0x0000, 0x0000, 0x0000, 0x0000, 0x0000, 0x0000, 0x0000, 0x0000, 0x0000, 0x0000, 0x0000, 0x0000, 0x0000, 0x0000, 0x0000,
    0x0000, 0x0000, 0x0000, 0x0000, 0x0000, 0x0000, 0x0000, 0x0000, 0x0000, 0x0000, 0x0000, 0x0000, 0x0000, 0x0000, 0x0000, 0x0000,
    0x0000, 0x0000, 0x0000, 0x0000, 0x0000, 0x0000, 0x0000, 0x0000, 0x0000, 0x0000, 0x0000, 0x0000, 0x0000, 0x0000, 0x0000, 0x0000,
    0x0000, 0x0000, 0x0000, 0x0000, 0x0000, 0x0000, 0x0000, 0x0000, 0x0000, 0x0000, 0x0000, 0x0000, 0x0000, 0x0000, 0x0000, 0x0000,
    0x0000, 0x0000, 0x0000, 0x0000, 0x0000, 0x0000, 0x0000, 0x0000, 0x0000, 0x0000, 0x0000, 0x0000, 0x0000, 0x0000, 0x0000, 0x0000,
    0x0000, 0x0000, 0x0000, 0x0000, 0x0000, 0x0000, 0x0000, 0x0000, 0x0000, 0x0000, 0x0000, 0x0000, 0x0000, 0x0000, 0x0000, 0x0000,
    0x0000, 0x0000, 0x0000, 0x0000, 0x0000, 0x0000, 0x0000, 0x0000, 0x0000, 0x0000, 0x0000, 0x0000, 0x0000, 0x0000, 0x0000, 0x0000,
    0x0000, 0x0000, 0x0000, 0x0000, 0x0000, 0x0000, 0x0000, 0x0000, 0x0000, 0x0000, 0x0000, 0x0000, 0x0000, 0x0000, 0x0000, 0x0000,
    0x0000, 0x0000, 0x0000, 0x0000, 0x0000, 0x0000, 0x0000, 0x0000, 0x0000, 0x0000, 0x0000, 0x0000, 0x0000, 0x0000, 0x0000, 0x0000,
    0x0000, 0x0000, 0x0000, 0x0000, 0x0000, 0x0000, 0x0000, 0x0000, 0x0000, 0x0000, 0x0000, 0x0000, 0x0000, 0x0000, 0x0000, 0x0000,
    0x0000, 0x0000, 0x0000, 0x0000, 0x0000, 0x0000, 0x0000, 0x0000, 0x0000, 0x0000, 0x0000, 0x0000, 0x0000, 0x0000, 0x0000, 0x0000,
    0x0000, 0x0000, 0x0000, 0x0000, 0x0000, 0x0000, 0x0000, 0x0000, 0x0000, 0x0000, 0x0000, 0x0000, 0x0000, 0x0000, 0x0000, 0x0000,
    0x0000, 0x0000, 0x0000, 0x0000, 0x0000, 0x0000, 0x0000, 0x0000, 0x0000, 0x0000, 0x0000, 0x0000, 0x0000, 0x0000, 0x6B4D, 0xE6FC,
    0xE6FC, 0xE6FC, 0xE6FC, 0xE6FC, 0xE6FC, 0xE6FC, 0xE6FC, 0xE6FC, 0xE6FC, 0xE6FC, 0xE6FC, 0xE6FC, 0xE6FC, 0xAD55, 0x0000, 0x0000,
    0x0000, 0x0000, 0x0000, 0x0000, 0x0000, 0x0000, 0x0000, 0x0000, 0x0000, 0x0000, 0x0000, 0x0000, 0x0000, 0x0000, 0x0000, 0x0000,
    0x0000, 0x0000, 0x0000, 0x0000, 0x0000, 0x0000, 0x0000, 0x0000, 0x0000, 0x0000, 0x0000, 0x0000, 0x0000, 0x0000, 0x0000, 0x0000,
    0x0000, 0x0000, 0x0000, 0x0000, 0x0000, 0x0000, 0x0000, 0x0000, 0x0000, 0x0000, 0x0000, 0x0000, 0x0000, 0x0000, 0x0000, 0x0000,
    0x0000, 0x0000, 0x0000, 0x0000, 0x0000, 0x0000, 0x0000, 0x0000, 0x0000, 0x0000, 0x0000, 0x0000, 0x0000, 0x0000, 0x0000, 0x0000,
    0x0000, 0x0000, 0x0000, 0x0000, 0x0000, 0x0000, 0x0000, 0x0000, 0x0000, 0x0000, 0x0000, 0x0000, 0x0000, 0x0000, 0x0000, 0x0000,
    0x0000, 0x0000, 0x0000, 0x0000, 0x0000, 0x0000, 0x0000, 0x0000, 0x0000, 0x0000, 0x0000, 0x0000, 0x0000, 0x0000, 0x0000, 0x0000,
    0x0000, 0x0000, 0x0000, 0x0000, 0x0000, 0x0000, 0x0000, 0x0000, 0x0000, 0x0000, 0x0000, 0x0000, 0x0000, 0x0000, 0x0000, 0x0000,
    0x0000, 0x0000, 0x0000, 0x0000, 0x0000, 0x0000, 0x0000, 0x0000, 0x0000, 0x0000, 0x0000, 0x0000, 0x0000, 0x0000, 0x0000, 0x0000,
    0x0000, 0x0000, 0x0000, 0x0000, 0x0000, 0x0000, 0x0000, 0x0000, 0x0000, 0x0000, 0x0000, 0x0000, 0x0000, 0x0000, 0x0000, 0x0000,
    0x0000, 0x0000, 0x0000, 0x0000, 0x0000, 0x0000, 0x0000, 0x0000, 0x0000, 0x0000, 0x0000, 0x0000, 0x0000, 0x0000, 0x0000, 0x0000,
    0x0000, 0x0000, 0x0000, 0x0000, 0x0000, 0x0000, 0x0000, 0x0000, 0x0000, 0x0000, 0x0000, 0x0000, 0x0000, 0x0000, 0x0000, 0x0000,
    0x0000, 0x0000, 0x0000, 0x0000, 0x0000, 0x0000, 0x0000, 0x0000, 0x0000, 0x0000, 0x0000, 0x0000, 0x0000, 0x0000, 0x0000, 0x0000,
    0x0000, 0x0000, 0x0000, 0x0000, 0x0000, 0x0000, 0x0000, 0x0000, 0x0000, 0x0000, 0x0000, 0x0000, 0x0000, 0x0000, 0x0000, 0x0000,
    0x0000, 0x0000, 0x0000, 0x0000, 0x0000, 0x0000, 0x0000, 0x0000, 0x0000, 0x0000, 0x0000, 0x0000, 0x0000, 0x0000, 0x0000, 0x0000,
    0x0000, 0x0000, 0x0000, 0x0000, 0x0000, 0x0000, 0x0000, 0x0000, 0x0000, 0x0000, 0x0000, 0x0000, 0x0000, 0x0000, 0x0000, 0x0000,
    0x0000, 0x0000, 0x0000, 0x0000, 0x0000, 0x0000, 0x0000, 0x0000, 0x0000, 0x0000, 0x0000, 0x0000, 0x0000, 0x0000, 0x0000, 0x0000,
    0x0000, 0x0000, 0x0000, 0x0000, 0x0000, 0x0000, 0x0000, 0x0000, 0x0000, 0x0000, 0x0000, 0x0000, 0x0000, 0x0000, 0x0000, 0x0000,
    0x0000, 0x0000, 0x0000, 0x0000, 0x0000, 0x0000, 0x0000, 0x0000, 0x0000, 0x0000, 0x0000, 0xAD55, 0xE6FC, 0xE6FC, 0xE6FC, 0xE6FC,
    0xE6FC, 0xE6FC, 0xE6FC, 0xE6FC, 0xE6FC, 0xE6FC, 0xE6FC, 0xE6FC, 0xD659, 0x2965, 0x0000, 0x0000, 0x0000, 0x0000, 0x0000, 0x0000,
    0x0000, 0x0000, 0x0000, 0x0000, 0x0000, 0x0000, 0x0000, 0x0000, 0x0000, 0x0000, 0x0000, 0x0000, 0x0000, 0x0000, 0x0000, 0x0000,
    0x0000, 0x0000, 0x0000, 0x0000, 0x0000, 0x0000, 0x0000, 0x0000, 0x0000, 0x0000, 0x0000, 0x0000, 0x0000, 0x0000, 0x0000, 0x0000,
    0x0000, 0x0000, 0x0000, 0x0000, 0x0000, 0x0000, 0x0000, 0x0000, 0x0000, 0x0000, 0x0000, 0x0000, 0x0000, 0x0000, 0x0000, 0x0000,
    0x0000, 0x0000, 0x0000, 0x0000, 0x0000, 0x0000, 0x0000, 0x0000, 0x0000, 0x0000, 0x0000, 0x0000, 0x0000, 0x0000, 0x0000, 0x0000,
    0x0000, 0x0000, 0x0000, 0x0000, 0x0000, 0x0000, 0x0000, 0x0000, 0x0000, 0x0000, 0x0000, 0x0000, 0x0000, 0x0000, 0x0000, 0x0000,
    0x0000, 0x0000, 0x0000, 0x0000, 0x0000, 0x0000, 0x0000, 0x0000, 0x0000, 0x0000, 0x0000, 0x0000, 0x0000, 0x0000, 0x0000, 0x0000,
    0x0000, 0x0000, 0x0000, 0x0000, 0x0000, 0x0000, 0x0000, 0x0000, 0x0000, 0x0000, 0x0000, 0x0000, 0x0000, 0x0000, 0x0000, 0x0000,
    0x0000, 0x0000, 0x0000, 0x0000, 0x0000, 0x0000, 0x0000, 0x0000, 0x0000, 0x0000, 0x0000, 0x0000, 0x0000, 0x0000, 0x0000, 0x0000,
    0x0000, 0x0000, 0x0000, 0x0000, 0x0000, 0x0000, 0x0000, 0x0000, 0x0000, 0x0000, 0x0000, 0x0000, 0x0000, 0x0000, 0x0000, 0x0000,
    0x0000, 0x0000, 0x0000, 0x0000, 0x0000, 0x0000, 0x0000, 0x0000, 0x0000, 0x0000, 0x0000, 0x0000, 0x0000, 0x0000, 0x0000, 0x0000,
    0x0000, 0x0000, 0x0000, 0x0000, 0x0000, 0x0000, 0x0000, 0x0000, 0x0000, 0x0000, 0x0000, 0x0000, 0x0000, 0x0000, 0x0000, 0x0000,
    0x0000, 0x0000, 0x0000, 0x0000, 0x0000, 0x0000, 0x0000, 0x0000, 0x0000, 0x0000, 0x0000, 0x0000, 0x0000, 0x0000, 0x0000, 0x0000,
    0x0000, 0x0000, 0x0000, 0x0000, 0x0000, 0x0000, 0x0000, 0x0000, 0x0000, 0x0000, 0x0000, 0x0000, 0x0000, 0x0000, 0x0000, 0x0000,
    0x0000, 0x0000, 0x0000, 0x0000, 0x0000, 0x0000, 0x0000, 0x0000, 0x0000, 0x0000, 0x0000, 0x0000, 0x0000, 0x0000, 0x0000, 0x0000,
    0x0000, 0x0000, 0x0000, 0x0000, 0x0000, 0x0000, 0x0000, 0x0000, 0x0000, 0x0000, 0x0000, 0x0000, 0x0000, 0x0000, 0x0000, 0x0000,
    0x0000, 0x0000, 0x0000, 0x0000, 0x0000, 0x0000, 0x0000, 0x0000, 0x0000, 0x0000, 0x0000, 0x0000, 0x0000, 0x0000, 0x0000, 0x0000,
    0x0000, 0x0000, 0x0000, 0x0000, 0x0000, 0x0000, 0x0000, 0x0000, 0x0000, 0x0000, 0x0000, 0x0000, 0x0000, 0x0000, 0x0000, 0x0000,
    0x0000, 0x0000, 0x0000, 0x0000, 0x0000, 0x0000, 0x0000, 0x2965, 0xE6FC, 0xE6FC, 0xE6FC, 0xE6FC, 0xE6FC, 0xE6FC, 0xE6FC, 0xE6FC,
    0xE6FC, 0xE6FC, 0xE6FC, 0xE6FC, 0x6B4D, 0x0000, 0x0000, 0x0000, 0x0000, 0x0000, 0x0000, 0x0000, 0x0000, 0x0000, 0x0000, 0x0000,
    0x0000, 0x0000, 0x0000, 0x0000, 0x0000, 0x0000, 0x0000, 0x0000, 0x0000, 0x0000, 0x0000, 0x0000, 0x0000, 0x0000, 0x0000, 0x0000,
    0x0000, 0x0000, 0x0000, 0x0000, 0x0000, 0x0000, 0x0000, 0x0000, 0x0000, 0x0000, 0x0000, 0x0000, 0x0000, 0x0000, 0x0000, 0x0000,
    0x0000, 0x0000, 0x0000, 0x0000, 0x0000, 0x0000, 0x0000, 0x0000, 0x0000, 0x0000, 0x0000, 0x0000, 0x0000, 0x0000, 0x0000, 0x0000,
    0x0000, 0x0000, 0x0000, 0x0000, 0x0000, 0x0000, 0x0000, 0x0000, 0x0000, 0x0000, 0x0000, 0x0000, 0x0000, 0x0000, 0x0000, 0x0000,
    0x0000, 0x0000, 0x0000, 0x0000, 0x0000, 0x0000, 0x0000, 0x0000, 0x0000, 0x0000, 0x0000, 0x0000, 0x0000, 0x0000, 0x0000, 0x0000,
    0x0000, 0x0000, 0x0000, 0x0000, 0x0000, 0x0000, 0x0000, 0x0000, 0x0000, 0x0000, 0x0000, 0x0000, 0x0000, 0x0000, 0x0000, 0x0000,
    0x0000, 0x0000, 0x0000, 0x0000, 0x0000, 0x0000, 0x0000, 0x0000, 0x0000, 0x0000, 0x0000, 0x0000, 0x0000, 0x0000, 0x0000, 0x0000,
    0x0000, 0x0000, 0x0000, 0x0000, 0x0000, 0x0000, 0x0000, 0x0000, 0x0000, 0x0000, 0x0000, 0x0000, 0x0000, 0x0000, 0x0000, 0x0000,
    0x0000, 0x0000, 0x0000, 0x0000, 0x0000, 0x0000, 0x0000, 0x0000, 0x0000, 0x0000, 0x0000, 0x0000, 0x0000, 0x0000, 0x0000, 0x0000,
    0x0000, 0x0000, 0x0000, 0x0000, 0x0000, 0x0000, 0x0000, 0x0000, 0x0000, 0x0000, 0x0000, 0x0000, 0x0000, 0x0000, 0x0000, 0x0000,
    0x0000, 0x0000, 0x0000, 0x0000, 0x0000, 0x0000, 0x0000, 0x0000, 0x0000, 0x0000, 0x0000, 0x0000, 0x0000, 0x0000, 0x0000, 0x0000,
    0x0000, 0x0000, 0x0000, 0x0000, 0x0000, 0x0000, 0x0000, 0x0000, 0x0000, 0x0000, 0x0000, 0x0000, 0x0000, 0x0000, 0x0000, 0x0000,
    0x0000, 0x0000, 0x0000, 0x0000, 0x0000, 0x0000, 0x0000, 0x0000, 0x0000, 0x0000, 0x0000, 0x0000, 0x0000, 0x0000, 0x0000, 0x0000,
    0x0000, 0x0000, 0x0000, 0x0000, 0x0000, 0x0000, 0x0000, 0x0000, 0x0000, 0x0000, 0x0000, 0x0000, 0x0000, 0x0000, 0x0000, 0x0000,
    0x0000, 0x0000, 0x0000, 0x0000, 0x0000, 0x0000, 0x0000, 0x0000, 0x0000, 0x0000, 0x0000, 0x0000, 0x0000, 0x0000, 0x0000, 0x0000,
    0x0000, 0x0000, 0x0000, 0x0000, 0x0000, 0x0000, 0x0000, 0x0000, 0x0000, 0x0000, 0x0000, 0x0000, 0x0000, 0x0000, 0x0000, 0x0000,
    0x0000, 0x0000, 0x0000, 0x0000, 0x0000, 0x0000, 0x0000, 0x0000, 0x0000, 0x0000, 0x0000, 0x0000, 0x0000, 0x0000, 0x0000, 0x0000,
    0x0000, 0x0000, 0x0000, 0x0000, 0x6B4D, 0xE6FC, 0xE6FC, 0xE6FC, 0xE6FC, 0xE6FC, 0xE6FC, 0xE6FC, 0xE6FC, 0xE6FC, 0xE6FC, 0xAD55,
    0x0000, 0x0000, 0x0000, 0x0000, 0x0000, 0x0000, 0x0000, 0x0000, 0x0000, 0x0000, 0x0000, 0x0000, 0x0000, 0x0000, 0x0000, 0x0000,
    0x0000, 0x0000, 0x0000, 0x0000, 0x0000, 0x0000, 0x0000, 0x0000, 0x0000, 0x0000, 0x0000, 0x0000, 0x0000, 0x0000, 0x0000, 0x0000,
    0x0000, 0x0000, 0x0000, 0x0000, 0x0000, 0x0000, 0x0000, 0x0000, 0x0000, 0x0000, 0x0000, 0x0000, 0x0000, 0x0000, 0x0000, 0x0000,
    0x0000, 0x0000, 0x0000, 0x0000, 0x0000, 0x0000, 0x0000, 0x0000, 0x0000, 0x0000, 0x0000, 0x0000, 0x0000, 0x0000, 0x0000, 0x0000,
    0x0000, 0x0000, 0x0000, 0x0000, 0x0000, 0x0000, 0x0000, 0x0000, 0x0000, 0x0000, 0x0000, 0x0000, 0x0000, 0x0000, 0x0000, 0x0000,
    0x0000, 0x0000, 0x0000, 0x0000, 0x0000, 0x0000, 0x0000, 0x0000, 0x0000, 0x0000, 0x0000, 0x0000, 0x0000, 0x0000, 0x0000, 0x0000,
    0x0000, 0x0000, 0x0000, 0x0000, 0x0000, 0x0000, 0x0000, 0x0000, 0x0000, 0x0000, 0x0000, 0x0000, 0x0000, 0x0000, 0x0000, 0x0000,
    0x0000, 0x0000, 0x0000, 0x0000, 0x0000, 0x0000, 0x0000, 0x0000, 0x0000, 0x0000, 0x0000, 0x0000, 0x0000, 0x0000, 0x0000, 0x0000,
    0x0000, 0x0000, 0x0000, 0x0000, 0x0000, 0x0000, 0x0000, 0x0000, 0x0000, 0x0000, 0x0000, 0x0000, 0x0000, 0x0000, 0x0000, 0x0000,
    0x0000, 0x0000, 0x0000, 0x0000, 0x0000, 0x0000, 0x0000, 0x0000, 0x0000, 0x0000, 0x0000, 0x0000, 0x0000, 0x0000, 0x0000, 0x0000,
    0x0000, 0x0000, 0x0000, 0x0000, 0x0000, 0x0000, 0x0000, 0x0000, 0x0000, 0x0000, 0x0000, 0x0000, 0x0000, 0x0000, 0x0000, 0x0000,
    0x0000, 0x0000, 0x0000, 0x0000, 0x0000, 0x0000, 0x0000, 0x0000, 0x0000, 0x0000, 0x0000, 0x0000, 0x0000, 0x0000, 0x0000, 0x0000,
    0x0000, 0x0000, 0x0000, 0x0000, 0x0000, 0x0000, 0x0000, 0x0000, 0x0000, 0x0000, 0x0000, 0x0000, 0x0000, 0x0000, 0x0000, 0x0000,
    0x0000, 0x0000, 0x0000, 0x0000, 0x0000, 0x0000, 0x0000, 0x0000, 0x0000, 0x0000, 0x0000, 0x0000, 0x0000, 0x0000, 0x0000, 0x0000,
    0x0000, 0x0000, 0x0000, 0x0000, 0x0000, 0x0000, 0x0000, 0x0000, 0x0000, 0x0000, 0x0000, 0x0000, 0x0000, 0x0000, 0x0000, 0x0000,
    0x0000, 0x0000, 0x0000, 0x0000, 0x0000, 0x0000, 0x0000, 0x0000, 0x0000, 0x0000, 0x0000, 0x0000, 0x0000, 0x0000, 0x0000, 0x0000,
    0x0000, 0x0000, 0x0000, 0x0000, 0x0000, 0x0000, 0x0000, 0x0000, 0x0000, 0x0000, 0x0000, 0x0000, 0x0000, 0x0000, 0x0000, 0x0000,
    0x0000, 0x0000, 0x0000, 0x0000, 0x0000, 0x0000, 0x0000, 0x0000, 0x0000, 0x0000, 0x0000, 0x0000, 0x0000, 0x0000, 0x0000, 0x0000,
    0x0000, 0xAD55, 0xE6FC, 0xE6FC, 0xE6FC, 0xE6FC, 0xE6FC, 0xE6FC, 0xE6FC, 0xE6FC, 0xD659, 0x2965, 0x0000, 0x0000, 0x0000, 0x0000,
    0x0000, 0x0000, 0x0000, 0x0000, 0x0000, 0x0000, 0x0000, 0x0000, 0x0000, 0x0000, 0x0000, 0x0000, 0x0000, 0x0000, 0x0000, 0x0000,
    0x0000, 0x0000, 0x0000, 0x0000, 0x0000, 0x0000, 0x0000, 0x0000, 0x0000, 0x0000, 0x0000, 0x0000, 0x0000, 0x0000, 0x0000, 0x0000,
    0x0000, 0x0000, 0x0000, 0x0000, 0x0000, 0x0000, 0x0000, 0x0000, 0x0000, 0x0000, 0x0000, 0x0000, 0x0000, 0x0000, 0x0000, 0x0000,
    0x0000, 0x0000, 0x0000, 0x0000, 0x0000, 0x0000, 0x0000, 0x0000, 0x0000, 0x0000, 0x0000, 0x0000, 0x0000, 0x0000, 0x0000, 0x0000,
    0x0000, 0x0000, 0x0000, 0x0000, 0x0000, 0x0000, 0x0000, 0x0000, 0x0000, 0x0000, 0x0000, 0x0000, 0x0000, 0x0000, 0x0000, 0x0000,
    0x0000, 0x0000, 0x0000, 0x0000, 0x0000, 0x0000, 0x0000, 0x0000, 0x0000, 0x0000, 0x0000, 0x0000, 0x0000, 0x0000, 0x0000, 0x0000,
    0x0000, 0x0000, 0x0000, 0x0000, 0x0000, 0x0000, 0x0000, 0x0000, 0x0000, 0x0000, 0x0000, 0x0000, 0x0000, 0x0000, 0x0000, 0x0000,
    0x0000, 0x0000, 0x0000, 0x0000, 0x0000, 0x0000, 0x0000, 0x0000, 0x0000, 0x0000, 0x0000, 0x0000, 0x0000, 0x0000, 0x0000, 0x0000,
    0x0000, 0x0000, 0x0000, 0x0000, 0x0000, 0x0000, 0x0000, 0x0000, 0x0000, 0x0000, 0x0000, 0x0000, 0x0000, 0x0000, 0x0000, 0x0000,
    0x0000, 0x0000, 0x0000, 0x0000, 0x0000, 0x0000, 0x0000, 0x0000, 0x0000, 0x0000, 0x0000, 0x0000, 0x0000, 0x0000, 0x0000, 0x0000,
    0x0000, 0x0000, 0x0000, 0x0000, 0x0000, 0x0000, 0x0000, 0x0000, 0x0000, 0x0000, 0x0000, 0x0000, 0x0000, 0x0000, 0x0000, 0x0000,
    0x0000, 0x0000, 0x0000, 0x0000, 0x0000, 0x0000, 0x0000, 0x0000, 0x0000, 0x0000, 0x0000, 0x0000, 0x0000, 0x0000, 0x0000, 0x0000,
    0x0000, 0x0000, 0x0000, 0x0000, 0x0000, 0x0000, 0x0000, 0x0000, 0x0000, 0x0000, 0x0000, 0x0000, 0x0000, 0x0000, 0x0000, 0x0000,
    0x0000, 0x0000, 0x0000, 0x0000, 0x0000, 0x0000, 0x0000, 0x0000, 0x0000, 0x0000, 0x0000, 0x0000, 0x0000, 0x0000, 0x0000, 0x0000,
    0x0000, 0x0000, 0x0000, 0x0000, 0x0000, 0x0000, 0x0000, 0x0000, 0x0000, 0x0000, 0x0000, 0x0000, 0x0000, 0x0000, 0x0000, 0x0000,
    0x0000, 0x0000, 0x0000, 0x0000, 0x0000, 0x0000, 0x0000, 0x0000, 0x0000, 0x0000, 0x0000, 0x0000, 0x0000, 0x0000, 0x0000, 0x0000,
    0x0000, 0x0000, 0x0000, 0x0000, 0x0000, 0x0000, 0x0000, 0x0000, 0x0000, 0x0000, 0x0000, 0x0000, 0x0000, 0x0000, 0x0000, 0x0000,
    0x0000, 0x0000, 0x0000, 0x0000, 0x0000, 0x0000, 0x0000, 0x0000, 0x0000, 0x0000, 0x0000, 0x0000, 0x0000, 0x2965, 0xE6FC, 0xE6FC,
    0xE6FC, 0xE6FC, 0xE6FC, 0xE6FC, 0xE6FC, 0xE6FC, 0x6B4D, 0x0000, 0x0000, 0x0000, 0x0000, 0x0000, 0x0000, 0x0000, 0x0000, 0x0000,
    0x0000, 0x0000, 0x0000, 0x0000, 0x0000, 0x0000, 0x0000, 0x0000, 0x0000, 0x0000, 0x0000, 0x0000, 0x0000, 0x0000, 0x0000, 0x0000,
    0x0000, 0x0000, 0x0000, 0x0000, 0x0000, 0x0000, 0x0000, 0x0000, 0x0000, 0x0000, 0x0000, 0x0000, 0x0000, 0x0000, 0x0000, 0x0000,
    0x0000, 0x0000, 0x0000, 0x0000, 0x0000, 0x0000, 0x0000, 0x0000, 0x0000, 0x0000, 0x0000, 0x0000, 0x0000, 0x0000, 0x0000, 0x0000,
    0x0000, 0x0000, 0x0000, 0x0000, 0x0000, 0x0000, 0x0000, 0x0000, 0x0000, 0x0000, 0x0000, 0x0000, 0x0000, 0x0000, 0x0000, 0x0000,
    0x0000, 0x0000, 0x0000, 0x0000, 0x0000, 0x0000, 0x0000, 0x0000, 0x0000, 0x0000, 0x0000, 0x0000, 0x0000, 0x0000, 0x0000, 0x0000,
    0x0000, 0x0000, 0x0000, 0x0000, 0x0000, 0x0000, 0x0000, 0x0000, 0x0000, 0x0000, 0x0000, 0x0000, 0x0000, 0x0000, 0x0000, 0x0000,
    0x0000, 0x0000, 0x0000, 0x0000, 0x0000, 0x0000, 0x0000, 0x0000, 0x0000, 0x0000, 0x0000, 0x0000, 0x0000, 0x0000, 0x0000, 0x0000,
    0x0000, 0x0000, 0x0000, 0x0000, 0x0000, 0x0000, 0x0000, 0x0000, 0x0000, 0x0000, 0x0000, 0x0000, 0x0000, 0x0000, 0x0000, 0x0000,
    0x0000, 0x0000, 0x0000, 0x0000, 0x0000, 0x0000, 0x0000, 0x0000, 0x0000, 0x0000, 0x0000, 0x0000, 0x0000, 0x0000, 0x0000, 0x0000,
    0x0000, 0x0000, 0x0000, 0x0000, 0x0000, 0x0000, 0x0000, 0x0000, 0x0000, 0x0000, 0x0000, 0x0000, 0x0000, 0x0000, 0x0000, 0x0000,
    0x0000, 0x0000, 0x0000, 0x0000, 0x0000, 0x0000, 0x0000, 0x0000, 0x0000, 0x0000, 0x0000, 0x0000, 0x0000, 0x0000, 0x0000, 0x0000,
    0x0000, 0x0000, 0x0000, 0x0000, 0x0000, 0x0000, 0x0000, 0x0000, 0x0000, 0x0000, 0x0000, 0x0000, 0x0000, 0x0000, 0x0000, 0x0000,
    0x0000, 0x0000, 0x0000, 0x0000, 0x0000, 0x0000, 0x0000, 0x0000, 0x0000, 0x0000, 0x0000, 0x0000, 0x0000, 0x0000, 0x0000, 0x0000,
    0x0000, 0x0000, 0x0000, 0x0000, 0x0000, 0x0000, 0x0000, 0x0000, 0x0000, 0x0000, 0x0000, 0x0000, 0x0000, 0x0000, 0x0000, 0x0000,
    0x0000, 0x0000, 0x0000, 0x0000, 0x0000, 0x0000, 0x0000, 0x0000, 0x0000, 0x0000, 0x0000, 0x0000, 0x0000, 0x0000, 0x0000, 0x0000,
    0x0000, 0x0000, 0x0000, 0x0000, 0x0000, 0x0000, 0x0000, 0x0000, 0x0000, 0x0000, 0x0000, 0x0000, 0x0000, 0x0000, 0x0000, 0x0000,
    0x0000, 0x0000, 0x0000, 0x0000, 0x0000, 0x0000, 0x0000, 0x0000, 0x0000, 0x0000, 0x0000, 0x0000, 0x0000, 0x0000, 0x0000, 0x0000,
    0x0000, 0x0000, 0x0000, 0x0000, 0x0000, 0x0000, 0x0000, 0x0000, 0x0000, 0x0000, 0x6B4D, 0xE6FC, 0xE6FC, 0xE6FC, 0xE6FC, 0xE6FC,
    0xE6FC, 0xAD55, 0x0000, 0x0000, 0x0000, 0x0000, 0x0000, 0x0000, 0x0000, 0x0000, 0x0000, 0x0000, 0x0000, 0x0000, 0x0000, 0x0000,
    0x0000, 0x0000, 0x0000, 0x0000, 0x0000, 0x0000, 0x0000, 0x0000, 0x0000, 0x0000, 0x0000, 0x0000, 0x0000, 0x0000, 0x0000, 0x0000,
    0x0000, 0x0000, 0x0000, 0x0000, 0x0000, 0x0000, 0x0000, 0x0000, 0x0000, 0x0000, 0x0000, 0x0000, 0x0000, 0x0000, 0x0000, 0x0000,
    0x0000, 0x0000, 0x0000, 0x0000, 0x0000, 0x0000, 0x0000, 0x0000, 0x0000, 0x0000, 0x0000, 0x0000, 0x0000, 0x0000, 0x0000, 0x0000,
    0x0000, 0x0000, 0x0000, 0x0000, 0x0000, 0x0000, 0x0000, 0x0000, 0x0000, 0x0000, 0x0000, 0x0000, 0x0000, 0x0000, 0x0000, 0x0000,
    0x0000, 0x0000, 0x0000, 0x0000, 0x0000, 0x0000, 0x0000, 0x0000, 0x0000, 0x0000, 0x0000, 0x0000, 0x0000, 0x0000, 0x0000, 0x0000,
    0x0000, 0x0000, 0x0000, 0x0000, 0x0000, 0x0000, 0x0000, 0x0000, 0x0000, 0x0000, 0x0000, 0x0000, 0x0000, 0x0000, 0x0000, 0x0000,
    0x0000, 0x0000, 0x0000, 0x0000, 0x0000, 0x0000, 0x0000, 0x0000, 0x0000, 0x0000, 0x0000, 0x0000, 0x0000, 0x0000, 0x0000, 0x0000,
    0x0000, 0x0000, 0x0000, 0x0000, 0x0000, 0x0000, 0x0000, 0x0000, 0x0000, 0x0000, 0x0000, 0x0000, 0x0000, 0x0000, 0x0000, 0x0000,
    0x0000, 0x0000, 0x0000, 0x0000, 0x0000, 0x0000, 0x0000, 0x0000, 0x0000, 0x0000, 0x0000, 0x0000, 0x0000, 0x0000, 0x0000, 0x0000,
    0x0000, 0x0000, 0x0000, 0x0000, 0x0000, 0x0000, 0x0000, 0x0000, 0x0000, 0x0000, 0x0000, 0x0000, 0x0000, 0x0000, 0x0000, 0x0000,
    0x0000, 0x0000, 0x0000, 0x0000, 0x0000, 0x0000, 0x0000, 0x0000, 0x0000, 0x0000, 0x0000, 0x0000, 0x0000, 0x0000, 0x0000, 0x0000,
    0x0000, 0x0000, 0x0000, 0x0000, 0x0000, 0x0000, 0x0000, 0x0000, 0x0000, 0x0000, 0x0000, 0x0000, 0x0000, 0x0000, 0x0000, 0x0000,
    0x0000, 0x0000, 0x0000, 0x0000, 0x0000, 0x0000, 0x0000, 0x0000, 0x0000, 0x0000, 0x0000, 0x0000, 0x0000, 0x0000, 0x0000, 0x0000,
    0x0000, 0x0000, 0x0000, 0x0000, 0x0000, 0x0000, 0x0000, 0x0000, 0x0000, 0x0000, 0x0000, 0x0000, 0x0000, 0x0000, 0x0000, 0x0000,
    0x0000, 0x0000, 0x0000, 0x0000, 0x0000, 0x0000, 0x0000, 0x0000, 0x0000, 0x0000, 0x0000, 0x0000, 0x0000, 0x0000, 0x0000, 0x0000,
    0x0000, 0x0000, 0x0000, 0x0000, 0x0000, 0x0000, 0x0000, 0x0000, 0x0000, 0x0000, 0x0000, 0x0000, 0x0000, 0x0000, 0x0000, 0x0000,
    0x0000, 0x0000, 0x0000, 0x0000, 0x0000, 0x0000, 0x0000, 0x0000, 0x0000, 0x0000, 0x0000, 0x0000, 0x0000, 0x0000, 0x0000, 0x0000,
    0x0000, 0x0000, 0x0000, 0x0000, 0x0000, 0x0000, 0x0000, 0xD659, 0xE6FC, 0xE6FC, 0xE6FC, 0xE6FC, 0xD659, 0x2965, 0x0000, 0x0000,
    0x0000, 0x0000, 0x0000, 0x0000, 0x0000, 0x0000, 0x0000, 0x0000, 0x0000, 0x0000, 0x0000, 0x0000, 0x0000, 0x0000, 0x0000, 0x0000,
    0x0000, 0x0000, 0x0000, 0x0000, 0x0000, 0x0000, 0x0000, 0x0000, 0x0000, 0x0000, 0x0000, 0x0000, 0x0000, 0x0000, 0x0000, 0x0000,
    0x0000, 0x0000, 0x0000, 0x0000, 0x0000, 0x0000, 0x0000, 0x0000, 0x0000, 0x0000, 0x0000, 0x0000, 0x0000, 0x0000, 0x0000, 0x0000,
    0x0000, 0x0000, 0x0000, 0x0000, 0x0000, 0x0000, 0x0000, 0x0000, 0x0000, 0x0000, 0x0000, 0x0000, 0x0000, 0x0000, 0x0000, 0x0000,
    0x0000, 0x0000, 0x0000, 0x0000, 0x0000, 0x0000, 0x0000, 0x0000, 0x0000, 0x0000, 0x0000, 0x0000, 0x0000, 0x0000, 0x0000, 0x0000,
    0x0000, 0x0000, 0x0000, 0x0000, 0x0000, 0x0000, 0x0000, 0x0000, 0x0000, 0x0000, 0x0000, 0x0000, 0x0000, 0x0000, 0x0000, 0x0000,
    0x0000, 0x0000, 0x0000, 0x0000, 0x0000, 0x0000, 0x0000, 0x0000, 0x0000, 0x0000, 0x0000, 0x0000, 0x0000, 0x0000, 0x0000, 0x0000,
    0x0000, 0x0000, 0x0000, 0x0000, 0x0000, 0x0000, 0x0000, 0x0000, 0x0000, 0x0000, 0x0000, 0x0000, 0x0000, 0x0000, 0x0000, 0x0000,
    0x0000, 0x0000, 0x0000, 0x0000, 0x0000, 0x0000, 0x0000, 0x0000, 0x0000, 0x0000, 0x0000, 0x0000, 0x0000, 0x0000, 0x0000, 0x0000,
    0x0000, 0x0000, 0x0000, 0x0000, 0x0000, 0x0000, 0x0000, 0x0000, 0x0000, 0x0000, 0x0000, 0x0000, 0x0000, 0x0000, 0x0000, 0x0000,
    0x0000, 0x0000, 0x0000, 0x0000, 0x0000, 0x0000, 0x0000, 0x0000, 0x0000, 0x0000, 0x0000, 0x0000, 0x0000, 0x0000, 0x0000, 0x0000,
    0x0000, 0x0000, 0x0000, 0x0000, 0x0000, 0x0000, 0x0000, 0x0000, 0x0000, 0x0000, 0x0000, 0x0000, 0x0000, 0x0000, 0x0000, 0x0000,
    0x0000, 0x0000, 0x0000, 0x0000, 0x0000, 0x0000, 0x0000, 0x0000, 0x0000, 0x0000, 0x0000, 0x0000, 0x0000, 0x0000, 0x0000, 0x0000,
    0x0000, 0x0000, 0x0000, 0x0000, 0x0000, 0x0000, 0x0000, 0x0000, 0x0000, 0x0000, 0x0000, 0x0000, 0x0000, 0x0000, 0x0000, 0x0000,
    0x0000, 0x0000, 0x0000, 0x0000, 0x0000, 0x0000, 0x0000, 0x0000, 0x0000, 0x0000, 0x0000, 0x0000, 0x0000, 0x0000, 0x0000, 0x0000,
    0x0000, 0x0000, 0x0000, 0x0000, 0x0000, 0x0000, 0x0000, 0x0000, 0x0000, 0x0000, 0x0000, 0x0000, 0x0000, 0x0000, 0x0000, 0x0000,
    0x0000, 0x0000, 0x0000, 0x0000, 0x0000, 0x0000, 0x0000, 0x0000, 0x0000, 0x0000, 0x0000, 0x0000, 0x0000, 0x0000, 0x0000, 0x0000,
    0x0000, 0x0000, 0x0000, 0x0000, 0x0000, 0x0000, 0x0000, 0x0000, 0x0000, 0x0000, 0x0000, 0x0000, 0x0000, 0x0000, 0x0000, 0x0000,
    0x0000, 0x0000, 0x0000, 0x2965, 0xE6FC, 0xE6FC, 0xE6FC, 0xE6FC, 0x6B4D, 0x0000, 0x0000, 0x0000, 0x0000, 0x0000, 0x0000, 0x0000,
    0x0000, 0x0000, 0x0000, 0x0000, 0x0000, 0x0000, 0x0000, 0x0000, 0x0000, 0x0000, 0x0000, 0x0000, 0x0000, 0x0000, 0x0000, 0x0000,
    0x0000, 0x0000, 0x0000, 0x0000, 0x0000, 0x0000, 0x0000, 0x0000, 0x0000, 0x0000, 0x0000, 0x0000, 0x0000, 0x0000, 0x0000, 0x0000,
    0x0000, 0x0000, 0x0000, 0x0000, 0x0000, 0x0000, 0x0000, 0x0000, 0x0000, 0x0000, 0x0000, 0x0000, 0x0000, 0x0000, 0x0000, 0x0000,
    0x0000, 0x0000, 0x0000, 0x0000, 0x0000, 0x0000, 0x0000, 0x0000, 0x0000, 0x0000, 0x0000, 0x0000, 0x0000, 0x0000, 0x0000, 0x0000,
    0x0000, 0x0000, 0x0000, 0x0000, 0x0000, 0x0000, 0x0000, 0x0000, 0x0000, 0x0000, 0x0000, 0x0000, 0x0000, 0x0000, 0x0000, 0x0000,
    0x0000, 0x0000, 0x0000, 0x0000, 0x0000, 0x0000, 0x0000, 0x0000, 0x0000, 0x0000, 0x0000, 0x0000, 0x0000, 0x0000, 0x0000, 0x0000,
    0x0000, 0x0000, 0x0000, 0x0000, 0x0000, 0x0000, 0x0000, 0x0000, 0x0000, 0x0000, 0x0000, 0x0000, 0x0000, 0x0000, 0x0000, 0x0000,
    0x0000, 0x0000, 0x0000, 0x0000, 0x0000, 0x0000, 0x0000, 0x0000, 0x0000, 0x0000, 0x0000, 0x0000, 0x0000, 0x0000, 0x0000, 0x0000,
    0x0000, 0x0000, 0x0000, 0x0000, 0x0000, 0x0000, 0x0000, 0x0000, 0x0000, 0x0000, 0x0000, 0x0000, 0x0000, 0x0000, 0x0000, 0x0000,
    0x0000, 0x0000, 0x0000, 0x0000, 0x0000, 0x0000, 0x0000, 0x0000, 0x0000, 0x0000, 0x0000, 0x0000, 0x0000, 0x0000, 0x0000, 0x0000,
    0x0000, 0x0000, 0x0000, 0x0000, 0x0000, 0x0000, 0x0000, 0x0000, 0x0000, 0x0000, 0x0000, 0x0000, 0x0000, 0x0000, 0x0000, 0x0000,
    0x0000, 0x0000, 0x0000, 0x0000, 0x0000, 0x0000, 0x0000, 0x0000, 0x0000, 0x0000, 0x0000, 0x0000, 0x0000, 0x0000, 0x0000, 0x0000,
    0x0000, 0x0000, 0x0000, 0x0000, 0x0000, 0x0000, 0x0000, 0x0000, 0x0000, 0x0000, 0x0000, 0x0000, 0x0000, 0x0000, 0x0000, 0x0000,
    0x0000, 0x0000, 0x0000, 0x0000, 0x0000, 0x0000, 0x0000, 0x0000, 0x0000, 0x0000, 0x0000, 0x0000, 0x0000, 0x0000, 0x0000, 0x0000,
    0x0000, 0x0000, 0x0000, 0x0000, 0x0000, 0x0000, 0x0000, 0x0000, 0x0000, 0x0000, 0x0000, 0x0000, 0x0000, 0x0000, 0x0000, 0x0000,
    0x0000, 0x0000, 0x0000, 0x0000, 0x0000, 0x0000, 0x0000, 0x0000, 0x0000, 0x0000, 0x0000, 0x0000, 0x0000, 0x0000, 0x0000, 0x0000,
    0x0000, 0x0000, 0x0000, 0x0000, 0x0000, 0x0000, 0x0000, 0x0000, 0x0000, 0x0000, 0x0000, 0x0000, 0x0000, 0x0000, 0x0000, 0x0000,
    0x0000, 0x0000, 0x0000, 0x0000, 0x0000, 0x0000, 0x0000, 0x0000, 0x0000, 0x0000, 0x0000, 0x0000, 0x0000, 0x0000, 0x0000, 0x0000,
    0x7BEF, 0xE6FC, 0xE6FC, 0xAD55, 0x0000, 0x0000, 0x0000, 0x0000, 0x0000, 0x0000, 0x0000, 0x0000, 0x0000, 0x0000, 0x0000, 0x0000,
    0x0000, 0x0000, 0x0000, 0x0000, 0x0000, 0x0000, 0x0000, 0x0000, 0x0000, 0x0000, 0x0000, 0x0000, 0x0000, 0x0000, 0x0000, 0x0000,
    0x0000, 0x0000, 0x0000, 0x0000, 0x0000, 0x0000, 0x0000, 0x0000, 0x0000, 0x0000, 0x0000, 0x0000, 0x0000, 0x0000, 0x0000, 0x0000,
    0x0000, 0x0000, 0x0000, 0x0000, 0x0000, 0x0000, 0x0000, 0x0000, 0x0000, 0x0000, 0x0000, 0x0000, 0x0000, 0x0000, 0x0000, 0x0000,
    0x0000, 0x0000, 0x0000, 0x0000, 0x0000, 0x0000, 0x0000, 0x0000, 0x0000, 0x0000, 0x0000, 0x0000, 0x0000, 0x0000, 0x0000, 0x0000,
    0x0000, 0x0000, 0x0000, 0x0000, 0x0000, 0x0000, 0x0000, 0x0000, 0x0000, 0x0000, 0x0000, 0x0000, 0x0000, 0x0000, 0x0000, 0x0000,
    0x0000, 0x0000, 0x0000, 0x0000, 0x0000, 0x0000, 0x0000, 0x0000, 0x0000, 0x0000, 0x0000, 0x0000, 0x0000, 0x0000, 0x0000, 0x0000,
    0x0000, 0x0000, 0x0000, 0x0000, 0x0000, 0x0000, 0x0000, 0x0000, 0x0000, 0x0000, 0x0000, 0x0000, 0x0000, 0x0000, 0x0000, 0x0000,
    0x0000, 0x0000, 0x0000, 0x0000, 0x0000, 0x0000, 0x0000, 0x0000, 0x0000, 0x0000, 0x0000, 0x0000, 0x0000, 0x0000, 0x0000, 0x0000,
    0x0000, 0x0000, 0x0000, 0x0000, 0x0000, 0x0000, 0x0000, 0x0000, 0x0000, 0x0000, 0x0000, 0x0000, 0x0000, 0x0000, 0x0000, 0x0000,
    0x0000, 0x0000, 0x0000, 0x0000, 0x0000, 0x0000, 0x0000, 0x0000, 0x0000, 0x0000, 0x0000, 0x0000, 0x0000, 0x0000, 0x0000, 0x0000,
    0x0000, 0x0000, 0x0000, 0x0000, 0x0000, 0x0000, 0x0000, 0x0000, 0x0000, 0x0000, 0x0000, 0x0000, 0x0000, 0x0000, 0x0000, 0x0000,
    0x0000, 0x0000, 0x0000, 0x0000, 0x0000, 0x0000, 0x0000, 0x0000, 0x0000, 0x0000, 0x0000, 0x0000, 0x0000, 0x0000, 0x0000, 0x0000,
    0x0000, 0x0000, 0x0000, 0x0000, 0x0000, 0x0000, 0x0000, 0x0000, 0x0000, 0x0000, 0x0000, 0x0000, 0x0000, 0x0000, 0x0000, 0x0000,
    0x0000, 0x0000, 0x0000, 0x0000, 0x0000, 0x0000, 0x0000, 0x0000, 0x0000, 0x0000, 0x0000, 0x0000, 0x0000, 0x0000, 0x0000, 0x0000,
    0x0000, 0x0000, 0x0000, 0x0000, 0x0000, 0x0000, 0x0000, 0x0000, 0x0000, 0x0000, 0x0000, 0x0000, 0x0000, 0x0000, 0x0000, 0x0000,
    0x0000, 0x0000, 0x0000, 0x0000, 0x0000, 0x0000, 0x0000, 0x0000, 0x0000, 0x0000, 0x0000, 0x0000, 0x0000, 0x0000, 0x0000, 0x0000,
    0x0000, 0x0000, 0x0000, 0x0000, 0x0000, 0x0000, 0x0000, 0x0000, 0x0000, 0x0000, 0x0000, 0x0000, 0x0000, 0x0000, 0x0000, 0x0000,
    0x0000, 0x0000, 0x0000, 0x0000, 0x0000, 0x0000, 0x0000, 0x0000, 0x0000, 0x0000, 0x0000, 0x0000, 0x0000, 0xD659, 0xE6FC, 0x2965,
    0x0000, 0x0000, 0x0000, 0x0000, 0x0000, 0x0000, 0x0000, 0x0000, 0x0000, 0x0000, 0x0000, 0x0000, 0x0000, 0x0000, 0x0000, 0x0000,
    0x0000, 0x0000, 0x0000, 0x0000, 0x0000, 0x0000, 0x0000, 0x0000, 0x0000, 0x0000, 0x0000, 0x0000, 0x0000, 0x0000, 0x0000, 0x0000,
    0x0000, 0x0000, 0x0000, 0x0000, 0x0000, 0x0000, 0x0000, 0x0000, 0x0000, 0x0000, 0x0000, 0x0000, 0x0000, 0x0000, 0x0000, 0x0000,
    0x0000, 0x0000, 0x0000, 0x0000, 0x0000, 0x0000, 0x0000, 0x0000, 0x0000, 0x0000, 0x0000, 0x0000, 0x0000, 0x0000, 0x0000, 0x0000,
    0x0000, 0x0000, 0x0000, 0x0000, 0x0000, 0x0000, 0x0000, 0x0000, 0x0000, 0x0000, 0x0000, 0x0000, 0x0000, 0x0000, 0x0000, 0x0000,
    0x0000, 0x0000, 0x0000, 0x0000, 0x0000, 0x0000, 0x0000, 0x0000, 0x0000, 0x0000, 0x0000, 0x0000, 0x0000, 0x0000, 0x0000, 0x0000,
    0x0000, 0x0000, 0x0000, 0x0000, 0x0000, 0x0000, 0x0000, 0x0000, 0x0000, 0x0000, 0x0000, 0x0000, 0x0000, 0x0000, 0x0000, 0x0000,
    0x0000, 0x0000, 0x0000, 0x0000, 0x0000, 0x0000, 0x0000, 0x0000, 0x0000, 0x0000, 0x0000, 0x0000, 0x0000, 0x0000, 0x0000, 0x0000,
    0x0000, 0x0000, 0x0000, 0x0000, 0x0000, 0x0000, 0x0000, 0x0000, 0x0000, 0x0000, 0x0000, 0x0000, 0x0000, 0x0000, 0x0000, 0x0000,
    0x0000, 0x0000, 0x0000, 0x0000, 0x0000, 0x0000, 0x0000, 0x0000, 0x0000, 0x0000, 0x0000, 0x0000, 0x0000, 0x0000, 0x0000, 0x0000,
    0x0000, 0x0000, 0x0000, 0x0000, 0x0000, 0x0000, 0x0000, 0x0000, 0x0000, 0x0000, 0x0000, 0x0000, 0x0000, 0x0000, 0x0000, 0x0000,
    0x0000, 0x0000, 0x0000, 0x0000, 0x0000, 0x0000, 0x0000, 0x0000, 0x0000, 0x0000, 0x0000, 0x0000, 0x0000, 0x0000, 0x0000, 0x0000,
    0x0000, 0x0000, 0x0000, 0x0000, 0x0000, 0x0000, 0x0000, 0x0000, 0x0000, 0x0000, 0x0000, 0x0000, 0x0000, 0x0000, 0x0000, 0x0000,
    0x0000, 0x0000, 0x0000, 0x0000, 0x0000, 0x0000, 0x0000, 0x0000, 0x0000, 0x0000, 0x0000, 0x0000, 0x0000, 0x0000, 0x0000, 0x0000,
    0x0000, 0x0000, 0x0000, 0x0000, 0x0000, 0x0000, 0x0000, 0x0000, 0x0000, 0x0000, 0x0000, 0x0000, 0x0000, 0x0000, 0x0000, 0x0000,
    0x0000, 0x0000, 0x0000, 0x0000, 0x0000, 0x0000, 0x0000, 0x0000, 0x0000, 0x0000, 0x0000, 0x0000, 0x0000, 0x0000, 0x0000, 0x0000,
    0x0000, 0x0000, 0x0000, 0x0000, 0x0000, 0x0000, 0x0000, 0x0000, 0x0000, 0x0000, 0x0000, 0x0000, 0x0000, 0x0000, 0x0000, 0x0000,
    0x0000, 0x0000, 0x0000, 0x0000, 0x0000, 0x0000, 0x0000, 0x0000, 0x0000, 0x0000, 0x0000, 0x0000, 0x0000, 0x0000, 0x0000, 0x0000,
    0x0000, 0x0000, 0x0000, 0x0000, 0x0000, 0x0000, 0x0000, 0x0000, 0x0000, 0x2965, 0x6B4D, 0x0000, 0x0000, 0x0000, 0x0000, 0x0000,
    0x0000, 0x0000, 0x0000, 0x0000, 0x0000, 0x0000, 0x0000, 0x0000, 0x0000, 0x0000, 0x0000, 0x0000, 0x0000, 0x0000, 0x0000, 0x0000,
    0x0000, 0x0000, 0x0000, 0x0000, 0x0000, 0x0000, 0x0000, 0x0000, 0x0000, 0x0000, 0x0000, 0x0000, 0x0000, 0x0000, 0x0000, 0x0000,
    0x0000, 0x0000, 0x0000, 0x0000, 0x0000, 0x0000, 0x0000, 0x0000, 0x0000, 0x0000, 0x0000, 0x0000, 0x0000, 0x0000, 0x0000, 0x0000,
    0x0000, 0x0000, 0x0000, 0x0000, 0x0000, 0x0000, 0x0000, 0x0000, 0x0000, 0x0000, 0x0000, 0x0000, 0x0000, 0x0000, 0x0000, 0x0000,
    0x0000, 0x0000, 0x0000, 0x0000, 0x0000, 0x0000, 0x0000, 0x0000, 0x0000, 0x0000, 0x0000, 0x0000, 0x0000, 0x0000, 0x0000, 0x0000,
    0x0000, 0x0000, 0x0000, 0x0000, 0x0000, 0x0000, 0x0000, 0x0000, 0x0000, 0x0000, 0x0000, 0x0000, 0x0000, 0x0000, 0x0000, 0x0000,
    0x0000, 0x0000, 0x0000, 0x0000, 0x0000, 0x0000, 0x0000, 0x0000, 0x0000, 0x0000, 0x0000, 0x0000, 0x0000, 0x0000, 0x0000, 0x0000,
    0x0000, 0x0000, 0x0000, 0x0000, 0x0000, 0x0000, 0x0000, 0x0000, 0x0000, 0x0000, 0x0000, 0x0000, 0x0000, 0x0000, 0x0000, 0x0000,
    0x0000, 0x0000, 0x0000, 0x0000, 0x0000, 0x0000, 0x0000, 0x0000, 0x0000, 0x0000, 0x0000, 0x0000, 0x0000, 0x0000, 0x0000, 0x0000,
    0x0000, 0x0000, 0x0000, 0x0000, 0x0000, 0x0000, 0x0000, 0x0000, 0x0000, 0x0000, 0x0000, 0x0000, 0x0000, 0x0000, 0x0000, 0x0000,
    0x0000, 0x0000, 0x0000, 0x0000, 0x0000, 0x0000, 0x0000, 0x0000, 0x0000, 0x0000, 0x0000, 0x0000, 0x0000, 0x0000, 0x0000, 0x0000,
    0x0000, 0x0000, 0x0000, 0x0000, 0x0000, 0x0000, 0x0000, 0x0000, 0x0000, 0x0000, 0x0000, 0x0000, 0x0000, 0x0000, 0x0000, 0x0000,
    0x0000, 0x0000, 0x0000, 0x0000, 0x0000, 0x0000, 0x0000, 0x0000, 0x0000, 0x0000, 0x0000, 0x0000, 0x0000, 0x0000, 0x0000, 0x0000,
    0x0000, 0x0000, 0x0000, 0x0000, 0x0000, 0x0000, 0x0000, 0x0000, 0x0000, 0x0000, 0x0000, 0x0000, 0x0000, 0x0000, 0x0000, 0x0000,
    0x0000, 0x0000, 0x0000, 0x0000, 0x0000, 0x0000, 0x0000, 0x0000, 0x0000, 0x0000, 0x0000, 0x0000, 0x0000, 0x0000, 0x0000, 0x0000,
    0x0000, 0x0000, 0x0000, 0x0000, 0x0000, 0x0000, 0x0000, 0x0000, 0x0000, 0x0000, 0x0000, 0x0000, 0x0000, 0x0000, 0x0000, 0x0000,
    0x0000, 0x0000, 0x0000, 0x0000, 0x0000, 0x0000, 0x0000, 0x0000, 0x0000, 0x0000, 0x0000, 0x0000, 0x0000, 0x0000, 0x0000, 0x0000,
    0x0000, 0x0000, 0x0000, 0x0000, 0x0000, 0x0000, 0x0000, 0x0000, 0x0000, 0x0000, 0x0000, 0x0000, 0x0000, 0x0000, 0x0000, 0x0000,
    0x0000, 0x0000, 0x0000, 0x0000, 0x0000, 0x0000, 0x0000, 0x0000, 0x0000, 0x0000, 0x0000, 0x0000, 0x0000, 0x0000, 0x0000, 0x0000,
    0x0000, 0x0000, 0x0000, 0x0000, 0x0000, 0x0000, 0x0000, 0x0000, 0x0000, 0x0000, 0x0000, 0x0000, 0x0000, 0x0000, 0x0000, 0x0000,
    0x0000, 0x0000, 0x0000, 0x0000, 0x0000, 0x0000, 0x0000, 0x0000, 0x0000, 0x0000, 0x0000, 0x0000, 0x0000, 0x0000, 0x0000, 0x0000,
    0x0000, 0x0000, 0x0000, 0x0000, 0x0000, 0x0000, 0x0000, 0x0000, 0x0000, 0x0000, 0x0000, 0x0000, 0x0000, 0x0000, 0x0000, 0x0000,
    0x0000, 0x0000, 0x0000, 0x0000, 0x0000, 0x0000, 0x0000, 0x0000, 0x0000, 0x0000, 0x0000, 0x0000, 0x0000, 0x0000, 0x0000, 0x0000,
    0x0000, 0x0000, 0x0000, 0x0000, 0x0000, 0x0000, 0x0000, 0x0000, 0x0000, 0x0000, 0x0000, 0x0000, 0x0000, 0x0000, 0x0000, 0x0000,
    0x0000, 0x0000, 0x0000, 0x0000, 0x0000, 0x0000, 0x0000, 0x0000, 0x0000, 0x0000, 0x0000, 0x0000, 0x0000, 0x0000, 0x0000, 0x0000,
    0x0000, 0x0000, 0x0000, 0x0000, 0x0000, 0x0000, 0x0000, 0x0000, 0x0000, 0x0000, 0x0000, 0x0000, 0x0000, 0x0000, 0x0000, 0x0000,
    0x0000, 0x0000, 0x0000, 0x0000, 0x0000, 0x0000, 0x0000, 0x0000, 0x0000, 0x0000, 0x0000, 0x0000, 0x0000, 0x0000, 0x0000, 0x0000,
    0x0000, 0x0000, 0x0000, 0x0000, 0x0000, 0x0000, 0x0000, 0x0000, 0x0000, 0x0000, 0x0000, 0x0000, 0x0000, 0x0000, 0x0000, 0x0000,
    0x0000, 0x0000, 0x0000, 0x0000, 0x0000, 0x0000, 0x0000, 0x0000, 0x0000, 0x0000, 0x0000, 0x0000, 0x0000, 0x0000, 0x0000, 0x0000,
    0x0000, 0x0000, 0x0000, 0x0000, 0x0000, 0x0000, 0x0000, 0x0000, 0x0000, 0x0000, 0x0000, 0x0000, 0x0000, 0x0000, 0x0000, 0x0000,
    0x0000, 0x0000, 0x0000, 0x0000, 0x0000, 0x0000, 0x0000, 0x0000, 0x0000, 0x0000, 0x0000, 0x0000, 0x0000, 0x0000, 0x0000, 0x0000,
    0x0000, 0x0000, 0x0000, 0x0000, 0x0000, 0x0000, 0x0000, 0x0000, 0x0000, 0x0000, 0x0000, 0x0000, 0x0000, 0x0000, 0x0000, 0x0000,
    0x0000, 0x0000, 0x0000, 0x0000, 0x0000, 0x0000, 0x0000, 0x0000, 0x0000, 0x0000, 0x0000, 0x0000, 0x0000, 0x0000, 0x0000, 0x0000,
    0x0000, 0x0000, 0x0000, 0x0000, 0x0000, 0x0000, 0x0000, 0x0000, 0x0000, 0x0000, 0x0000, 0x0000, 0x0000, 0x0000, 0x0000, 0x0000,
    0x0000, 0x0000, 0x0000, 0x0000, 0x0000, 0x0000, 0x0000, 0x0000, 0x0000, 0x0000, 0x0000, 0x0000, 0x0000, 0x0000, 0x0000, 0x0000,
    0x0000, 0x0000, 0x0000, 0x0000, 0x0000, 0x0000, 0x0000, 0x0000, 0x0000, 0x0000, 0x0000, 0x0000, 0x0000, 0x0000, 0x0000, 0x0000,
    0x0000, 0x0000, 0x0000, 0x0000, 0x0000, 0x0000, 0x0000, 0x0000, 0x0000, 0x0000, 0x0000, 0x0000, 0x0000, 0x0000, 0x0000, 0x0000,
    0x0000, 0x0000, 0x0000, 0x0000, 0x0000, 0x0000, 0x0000, 0x0000, 0x0000, 0x0000, 0x0000, 0x0000, 0x0000, 0x0000, 0x0000, 0x0000,
    0x0000, 0x0000, 0x0000, 0x0000, 0x0000, 0x0000, 0x0000, 0x0000, 0x0000, 0x0000, 0x0000, 0x0000, 0x0000, 0x0000, 0x0000, 0x0000,
    0x0000, 0x0000, 0x0000, 0x0000, 0x0000, 0x0000, 0x0000, 0x0000, 0x0000, 0x0000, 0x0000, 0x0000, 0x0000, 0x0000, 0x0000, 0x0000,
    0x0000, 0x0000, 0x0000, 0x0000, 0x0000, 0x0000, 0x0000, 0x0000, 0x0000, 0x0000, 0x0000, 0x0000, 0x0000, 0x0000, 0x0000, 0x0000,
    0x0000, 0x0000, 0x0000, 0x0000, 0x0000, 0x0000, 0x0000, 0x0000, 0x0000, 0x0000, 0x0000, 0x0000, 0x0000, 0x0000, 0x0000, 0x0000,
    0x0000, 0x0000, 0x0000, 0x0000, 0x0000, 0x0000, 0x0000, 0x0000, 0x0000, 0x0000, 0x0000, 0x0000, 0x0000, 0x0000, 0x0000, 0x0000,
    0x0000, 0x0000, 0x0000, 0x0000, 0x0000, 0x0000, 0x0000, 0x0000, 0x0000, 0x0000, 0x0000, 0x0000, 0x0000, 0x0000, 0x0000, 0x0000,
    0x0000, 0x0000, 0x0000, 0x0000, 0x0000, 0x0000, 0x0000, 0x0000, 0x0000, 0x0000, 0x0000, 0x0000, 0x0000, 0x0000, 0x0000, 0x0000,
    0x0000, 0x0000, 0x0000, 0x0000, 0x0000, 0x0000, 0x0000, 0x0000, 0x0000, 0x0000, 0x0000, 0x0000, 0x0000, 0x0000, 0x0000, 0x0000,
    0x0000, 0x0000, 0x0000, 0x0000, 0x0000, 0x0000, 0x0000, 0x0000, 0x0000, 0x0000, 0x0000, 0x0000, 0x0000, 0x0000, 0x0000, 0x0000,
    0x0000, 0x0000, 0x0000, 0x0000, 0x0000, 0x0000, 0x0000, 0x0000, 0x0000, 0x0000, 0x0000, 0x0000, 0x0000, 0x0000, 0x0000, 0x0000,
    0x0000, 0x0000, 0x0000, 0x0000, 0x0000, 0x0000, 0x0000, 0x0000, 0x0000, 0x0000, 0x0000, 0x0000, 0x0000, 0x0000, 0x0000, 0x0000,
    0x0000, 0x0000, 0x0000, 0x0000, 0x0000, 0x0000, 0x0000, 0x0000, 0x0000, 0x0000, 0x0000, 0x0000, 0x0000, 0x0000, 0x0000, 0x0000,
    0x0000, 0x0000, 0x0000, 0x0000, 0x0000, 0x0000, 0x0000, 0x0000, 0x0000, 0x0000, 0x0000, 0x0000, 0x0000, 0x0000, 0x0000, 0x0000,
    0x0000, 0x0000, 0x0000, 0x0000, 0x0000, 0x0000, 0x0000, 0x0000, 0x0000, 0x0000, 0x0000, 0x0000, 0x0000, 0x0000, 0x0000, 0x0000,
    0x0000, 0x0000, 0x0000, 0x0000, 0x0000, 0x0000, 0x0000, 0x0000, 0x0000, 0x0000, 0x0000, 0x0000, 0x0000, 0x0000, 0x0000, 0x0000,
    0x0000, 0x0000, 0x0000, 0x0000, 0x0000, 0x0000, 0x0000, 0x0000, 0x0000, 0x0000, 0x0000, 0x0000, 0x0000, 0x0000, 0x0000, 0x0000,
    0x0000, 0x0000, 0x0000, 0x0000, 0x0000, 0x0000, 0x0000, 0x0000, 0x0000, 0x0000, 0x0000, 0x0000, 0x0000, 0x0000, 0x0000, 0x0000,
    0x0000, 0x0000, 0x0000, 0x0000, 0x0000, 0x0000, 0x0000, 0x0000, 0x0000, 0x0000, 0x0000, 0x0000, 0x0000, 0x0000, 0x0000, 0x0000,
    0x0000, 0x0000, 0x0000, 0x0000, 0x0000, 0x0000, 0x0000, 0x0000, 0x0000, 0x0000, 0x0000, 0x0000, 0x0000, 0x0000, 0x0000, 0x0000,
    0x0000, 0x0000, 0x0000, 0x0000, 0x0000, 0x0000, 0x0000, 0x0000, 0x0000, 0x0000, 0x0000, 0x0000, 0x0000, 0x0000, 0x0000, 0x0000,
    0x0000, 0x0000, 0x0000, 0x0000, 0x0000, 0x0000, 0x0000, 0x0000, 0x0000, 0x0000, 0x0000, 0x0000, 0x0000, 0x0000, 0x0000, 0x0000,
    0x0000, 0x0000, 0x0000, 0x0000, 0x0000, 0x0000, 0x0000, 0x0000, 0x0000, 0x0000, 0x0000, 0x0000, 0x0000, 0x0000, 0x0000, 0x0000,
    0x0000, 0x0000, 0x0000, 0x0000, 0x0000, 0x0000, 0x0000, 0x0000, 0x0000, 0x0000, 0x0000, 0x0000, 0x0000, 0x0000, 0x0000, 0x0000,
    0x0000, 0x0000, 0x0000, 0x0000, 0x0000, 0x0000, 0x0000, 0x0000, 0x0000, 0x0000, 0x0000, 0x0000, 0x0000, 0x0000, 0x0000, 0x0000,
    0x0000, 0x0000, 0x0000, 0x0000, 0x0000, 0x0000, 0x0000, 0x0000, 0x0000, 0x0000, 0x0000, 0x0000, 0x0000, 0x0000, 0x0000, 0x0000,
    0x0000, 0x0000, 0x0000, 0x0000, 0x0000, 0x0000, 0x0000, 0x0000, 0x0000, 0x0000, 0x0000, 0x0000, 0x0000, 0x0000, 0x0000, 0x0000,
    0x0000, 0x0000, 0x0000, 0x0000, 0x0000, 0x0000, 0x0000, 0x0000, 0x0000, 0x0000, 0x0000, 0x0000, 0x0000, 0x0000, 0x0000, 0x0000,
    0x0000, 0x0000, 0x0000, 0x0000, 0x0000, 0x0000, 0x0000, 0x0000, 0x0000, 0x0000, 0x0000, 0x0000, 0x0000, 0x0000, 0x0000, 0x0000,
    0x0000, 0x0000, 0x0000, 0x0000, 0x0000, 0x0000, 0x0000, 0x0000, 0x0000, 0x0000, 0x0000, 0x0000, 0x0000, 0x0000, 0x0000, 0x0000,
    0x0000, 0x0000, 0x0000, 0x0000, 0x0000, 0x0000, 0x0000, 0x0000, 0x0000, 0x0000, 0x0000, 0x0000, 0x0000, 0x0000, 0x0000, 0x0000,
    0x0000, 0x0000, 0x0000, 0x0000, 0x0000, 0x0000, 0x0000, 0x0000, 0x0000, 0x0000, 0x0000, 0x0000, 0x0000, 0x0000, 0x0000, 0x0000,
    0x0000, 0x0000, 0x0000, 0x0000, 0x0000, 0x0000, 0x0000, 0x0000, 0x0000, 0x0000, 0x0000, 0x0000, 0x0000, 0x0000, 0x0000, 0x0000,
    0x0000, 0x0000, 0x0000, 0x0000, 0x0000, 0x0000, 0x0000, 0x0000, 0x0000, 0x0000, 0x0000, 0x0000, 0x0000, 0x0000, 0x0000, 0x0000,
    0x0000, 0x0000, 0x0000, 0x0000, 0x0000, 0x0000, 0x0000, 0x0000, 0x0000, 0x0000, 0x0000, 0x0000, 0x0000, 0x0000, 0x0000, 0x0000,
    0x0000, 0x0000, 0x0000, 0x0000, 0x0000, 0x0000, 0x0000, 0x0000, 0x0000, 0x0000, 0x0000, 0x0000, 0x0000, 0x0000, 0x0000, 0x0000,
    0x0000, 0x0000, 0x0000, 0x0000, 0x0000, 0x0000, 0x0000, 0x0000, 0x0000, 0x0000, 0x0000, 0x0000, 0x0000, 0x0000, 0x0000, 0x0000,
    0x0000, 0x0000, 0x0000, 0x0000, 0x0000, 0x0000, 0x0000, 0x0000, 0x0000, 0x0000, 0x0000, 0x0000, 0x0000, 0x0000, 0x0000, 0x0000,
    0x0000, 0x0000, 0x0000, 0x0000, 0x0000, 0x0000, 0x0000, 0x0000, 0x0000, 0x0000, 0x0000, 0x0000, 0x0000, 0x0000, 0x0000, 0x0000,
    0x0000, 0x0000, 0x0000, 0x0000, 0x0000, 0x0000, 0x0000, 0x0000, 0x0000, 0x0000, 0x0000, 0x0000, 0x0000, 0x0000, 0x0000, 0x0000,
    0x0000, 0x0000, 0x0000, 0x0000, 0x0000, 0x0000, 0x0000, 0x0000, 0x0000, 0x0000, 0x0000, 0x0000, 0x0000, 0x0000, 0x0000, 0x0000,
    0x0000, 0x0000, 0x0000, 0x0000, 0x0000, 0x0000, 0x0000, 0x0000, 0x0000, 0x0000, 0x0000, 0x0000, 0x0000, 0x0000, 0x0000, 0x0000,
    0x0000, 0x0000, 0x0000, 0x0000, 0x0000, 0x0000, 0x0000, 0x0000, 0x0000, 0x0000, 0x0000, 0x0000, 0x0000, 0x0000, 0x0000, 0x0000,
    0x0000, 0x0000, 0x0000, 0x0000, 0x0000, 0x0000, 0x0000, 0x0000, 0x0000, 0x0000, 0x0000, 0x0000, 0x0000, 0x0000, 0x0000, 0x0000,
    0x0000, 0x0000, 0x0000, 0x0000, 0x0000, 0x0000, 0x0000, 0x0000, 0x0000, 0x0000, 0x0000, 0x0000, 0x0000, 0x0000, 0x0000, 0x0000,
    0x0000, 0x0000, 0x0000, 0x0000, 0x0000, 0x0000, 0x0000, 0x0000, 0x0000, 0x0000, 0x0000, 0x0000, 0x0000, 0x0000, 0x0000, 0x0000,
    0x0000, 0x0000, 0x0000, 0x0000, 0x0000, 0x0000, 0x0000, 0x0000, 0x0000, 0x0000, 0x0000, 0x0000, 0x0000, 0x0000, 0x0000, 0x0000,
    0x0000, 0x0000, 0x0000, 0x0000, 0x0000, 0x0000, 0x0000, 0x0000, 0x0000, 0x0000, 0x0000, 0x0000, 0x0000, 0x0000, 0x0000, 0x0000,
    0x0000, 0x0000, 0x0000, 0x0000, 0x0000, 0x0000, 0x0000, 0x0000, 0x0000, 0x0000, 0x0000, 0x0000, 0x0000, 0x0000, 0x0000, 0x0000,
    0x0000, 0x0000, 0x0000, 0x0000, 0x0000, 0x0000, 0x0000, 0x0000, 0x0000, 0x0000, 0x0000, 0x0000, 0x0000, 0x0000, 0x0000, 0x0000,
    0x0000, 0x0000, 0x0000, 0x0000, 0x0000, 0x0000, 0x0000, 0x0000, 0x0000, 0x0000, 0x0000, 0x0000, 0x0000, 0x0000, 0x0000, 0x0000,
    0x0000, 0x0000, 0x0000, 0x0000, 0x0000, 0x0000, 0x0000, 0x0000, 0x0000, 0x0000, 0x0000, 0x0000, 0x0000, 0x0000, 0x0000, 0x0000,
    0x0000, 0x0000, 0x0000, 0x0000, 0x0000, 0x0000, 0x0000, 0x0000, 0x0000, 0x0000, 0x0000, 0x0000, 0x0000, 0x0000, 0x0000, 0x0000,
    0x0000, 0x0000, 0x0000, 0x0000, 0x0000, 0x0000, 0x0000, 0x0000, 0x0000, 0x0000, 0x0000, 0x0000, 0x0000, 0x0000, 0x0000, 0x0000,
    0x0000, 0x0000, 0x0000, 0x0000, 0x0000, 0x0000, 0x0000, 0x0000, 0x0000, 0x0000, 0x0000, 0x0000, 0x0000, 0x0000, 0x0000, 0x0000,
    0x0000, 0x0000, 0x0000, 0x0000, 0x0000, 0x0000, 0x0000, 0x0000, 0x0000, 0x0000, 0x0000, 0x0000, 0x0000, 0x0000, 0x0000, 0x0000,
    0x0000, 0x0000, 0x0000, 0x0000, 0x0000, 0x0000, 0x0000, 0x0000, 0x0000, 0x0000, 0x0000, 0x0000, 0x0000, 0x0000, 0x0000, 0x0000,
    0x0000, 0x0000, 0x0000, 0x0000, 0x0000, 0x0000, 0x0000, 0x0000, 0x0000, 0x0000, 0x0000, 0x0000, 0x0000, 0x0000, 0x0000, 0x0000,
    0x0000, 0x0000, 0x0000, 0x0000, 0x0000, 0x0000, 0x0000, 0x0000, 0x0000, 0x0000, 0x0000, 0x0000, 0x0000, 0x0000, 0x0000, 0x0000,
    0x0000, 0x0000, 0x0000, 0x0000, 0x0000, 0x0000, 0x0000, 0x0000, 0x0000, 0x0000, 0x0000, 0x0000, 0x0000, 0x0000, 0x0000, 0x0000,
    0x0000, 0x0000, 0x0000, 0x0000, 0x0000, 0x0000, 0x0000, 0x0000, 0x0000, 0x0000, 0x0000, 0x0000, 0x0000, 0x0000, 0x0000, 0x0000,
    0x0000, 0x0000, 0x0000, 0x0000, 0x0000, 0x0000, 0x0000, 0x0000, 0x0000, 0x0000, 0x0000, 0x0000, 0x0000, 0x0000, 0x0000, 0x0000,
    0x0000, 0x0000, 0x0000, 0x0000, 0x0000, 0x0000, 0x0000, 0x0000, 0x0000, 0x0000, 0x0000, 0x0000, 0x0000, 0x0000, 0x0000, 0x0000,
    0x0000, 0x0000, 0x0000, 0x0000, 0x0000, 0x0000, 0x0000, 0x0000, 0x0000, 0x0000, 0x0000, 0x0000, 0x0000, 0x0000, 0x0000, 0x0000,
    0x0000, 0x0000, 0x0000, 0x0000, 0x0000, 0x0000, 0x0000, 0x0000, 0x0000, 0x0000, 0x0000, 0x0000, 0x0000, 0x0000, 0x0000, 0x0000,
    0x0000, 0x0000, 0x0000, 0x0000, 0x0000, 0x0000, 0x0000, 0x0000, 0x0000, 0x0000, 0x0000, 0x0000, 0x0000, 0x0000, 0x0000, 0x0000,
    0x0000, 0x0000, 0x0000, 0x0000, 0x0000, 0x0000, 0x0000, 0x0000, 0x0000, 0x0000, 0x0000, 0x0000, 0x0000, 0x0000, 0x0000, 0x0000,
    0x0000, 0x0000, 0x0000, 0x0000, 0x0000, 0x0000, 0x0000, 0x0000, 0x0000, 0x0000, 0x0000, 0x0000, 0x0000, 0x0000, 0x0000, 0x0000,
    0x0000, 0x0000, 0x0000, 0x0000, 0x0000, 0x0000, 0x0000, 0x0000, 0x0000, 0x0000, 0x0000, 0x0000, 0x0000, 0x0000, 0x0000, 0x0000,
    0x0000, 0x0000, 0x0000, 0x0000, 0x0000, 0x0000, 0x0000, 0x0000, 0x0000, 0x0000, 0x0000, 0x0000, 0x0000, 0x0000, 0x0000, 0x0000,
    0x0000, 0x0000, 0x0000, 0x0000, 0x0000, 0x0000, 0x0000, 0x0000, 0x0000, 0x0000, 0x0000, 0x0000, 0x0000, 0x0000, 0x0000, 0x0000,
    0x0000, 0x0000, 0x0000, 0x0000, 0x0000, 0x0000, 0x0000, 0x0000, 0x0000, 0x0000, 0x0000, 0x0000, 0x0000, 0x0000, 0x0000, 0x0000,
    0x0000, 0x0000, 0x0000, 0x0000, 0x0000, 0x0000, 0x0000, 0x0000, 0x0000, 0x0000, 0x0000, 0x0000, 0x0000, 0x0000, 0x0000, 0x0000,
    0x0000, 0x0000, 0x0000, 0x0000, 0x0000, 0x0000, 0x0000, 0x0000, 0x0000, 0x0000, 0x0000, 0x0000, 0x0000, 0x0000, 0x0000, 0x0000,
    0x0000, 0x0000, 0x0000, 0x0000, 0x0000, 0x0000, 0x0000, 0x0000, 0x0000, 0x0000, 0x0000, 0x0000, 0x0000, 0x0000, 0x0000, 0x0000,
    0x0000, 0x0000, 0x0000, 0x0000, 0x0000, 0x0000, 0x0000, 0x0000, 0x0000, 0x0000, 0x0000, 0x0000, 0x0000, 0x0000, 0x0000, 0x0000,
    0x0000, 0x0000, 0x0000, 0x0000, 0x0000, 0x0000, 0x0000, 0x0000, 0x0000, 0x0000, 0x0000, 0x0000, 0x0000, 0x0000, 0x0000, 0x0000,
    0x0000, 0x0000, 0x0000, 0x0000, 0x0000, 0x0000, 0x0000, 0x0000, 0x0000, 0x0000, 0x0000, 0x0000, 0x0000, 0x0000, 0x0000, 0x0000,
    0x0000, 0x0000, 0x0000, 0x0000, 0x0000, 0x0000, 0x0000, 0x0000, 0x0000, 0x0000, 0x0000, 0x0000, 0x0000, 0x0000, 0x0000, 0x0000,
    0x0000, 0x0000, 0x0000, 0x0000, 0x0000, 0x0000, 0x0000, 0x0000, 0x0000, 0x0000, 0x0000, 0x0000, 0x0000, 0x0000, 0x0000, 0x0000,
    0x0000, 0x0000, 0x0000, 0x0000, 0x0000, 0x0000, 0x0000, 0x0000, 0x0000, 0x0000, 0x0000, 0x0000, 0x0000, 0x0000, 0x0000, 0x0000,
    0x0000, 0x0000, 0x0000, 0x0000, 0x0000, 0x0000, 0x0000, 0x0000, 0x0000, 0x0000, 0x0000, 0x0000, 0x0000, 0x0000, 0x0000, 0x0000,
    0x0000, 0x0000, 0x0000, 0x0000, 0x0000, 0x0000, 0x0000, 0x0000, 0x0000, 0x0000, 0x0000, 0x0000, 0x0000, 0x0000, 0x0000, 0x0000,
    0x0000, 0x0000, 0x0000, 0x0000, 0x0000, 0x0000, 0x0000, 0x0000, 0x0000, 0x0000, 0x0000, 0x0000, 0x0000, 0x0000, 0x0000, 0x0000,
    0x0000, 0x0000, 0x0000, 0x0000, 0x0000, 0x0000, 0x0000, 0x0000, 0x0000, 0x0000, 0x0000, 0x0000, 0x0000, 0x0000, 0x0000, 0x0000,
    0x0000, 0x0000, 0x0000, 0x0000, 0x0000, 0x0000, 0x0000, 0x0000, 0x0000, 0x0000, 0x0000, 0x0000, 0x0000, 0x0000, 0x0000, 0x0000,
    0x0000, 0x0000, 0x0000, 0x0000, 0x0000, 0x0000, 0x0000, 0x0000, 0x0000, 0x0000, 0x0000, 0x0000, 0x0000, 0x0000, 0x0000, 0x0000,
    0x0000, 0x0000, 0x0000, 0x0000, 0x0000, 0x0000, 0x0000, 0x0000, 0x0000, 0x0000, 0x0000, 0x0000, 0x0000, 0x0000, 0x0000, 0x0000,
    0x0000, 0x0000, 0x0000, 0x0000, 0x0000, 0x0000, 0x0000, 0x0000, 0x0000, 0x0000, 0x0000, 0x0000, 0x0000, 0x0000, 0x0000, 0x0000,
    0x0000, 0x0000, 0x0000, 0x0000, 0x0000, 0x0000, 0x0000, 0x0000, 0x0000, 0x0000, 0x0000, 0x0000, 0x0000, 0x0000, 0x0000, 0x0000,
    0x0000, 0x0000, 0x0000, 0x0000, 0x0000, 0x0000, 0x0000, 0x0000, 0x0000, 0x0000, 0x0000, 0x0000, 0x0000, 0x0000, 0x0000, 0x0000,
    0x0000, 0x0000, 0x0000, 0x0000, 0x0000, 0x0000, 0x0000, 0x0000, 0x0000, 0x0000, 0x0000, 0x0000, 0x0000, 0x0000, 0x0000, 0x0000,
    0x0000, 0x0000, 0x0000, 0x0000, 0x0000, 0x0000, 0x0000, 0x0000, 0x0000, 0x0000, 0x0000, 0x0000, 0x0000, 0x0000, 0x0000, 0x0000,
    0x0000, 0x0000, 0x0000, 0x0000, 0x0000, 0x0000, 0x0000, 0x0000, 0x0000, 0x0000, 0x0000, 0x0000, 0x0000, 0x0000, 0x0000, 0x0000,
    0x0000, 0x0000, 0x0000, 0x0000, 0x0000, 0x0000, 0x0000, 0x0000, 0x0000, 0x0000, 0x0000, 0x0000, 0x0000, 0x0000, 0x0000, 0x0000,
    0x0000, 0x0000, 0x0000, 0x0000, 0x0000, 0x0000, 0x0000, 0x0000, 0x0000, 0x0000, 0x0000, 0x0000, 0x0000, 0x0000, 0x0000, 0x0000,
    0x0000, 0x0000, 0x0000, 0x0000, 0x0000, 0x0000, 0x0000, 0x0000, 0x0000, 0x0000, 0x0000, 0x0000, 0x0000, 0x0000, 0x0000, 0x0000,
    0x0000, 0x0000, 0x0000, 0x0000, 0x0000, 0x0000, 0x0000, 0x0000, 0x0000, 0x0000, 0x0000, 0x0000, 0x0000, 0x0000, 0x0000, 0x0000,
    0x0000, 0x0000, 0x0000, 0x0000, 0x0000, 0x0000, 0x0000, 0x0000, 0x0000, 0x0000, 0x0000, 0x0000, 0x0000, 0x0000, 0x0000, 0x0000,
    0x0000, 0x0000, 0x0000, 0x0000, 0x0000, 0x0000, 0x0000, 0x0000, 0x0000, 0x0000, 0x0000, 0x0000, 0x0000, 0x0000, 0x0000, 0x0000,
    0x0000, 0x0000, 0x0000, 0x0000, 0x0000, 0x0000, 0x0000, 0x0000, 0x0000, 0x0000, 0x0000, 0x0000, 0x0000, 0x0000, 0x0000, 0x0000,
    0x0000, 0x0000, 0x0000, 0x0000, 0x0000, 0x0000, 0x0000, 0x0000, 0x0000, 0x0000, 0x0000, 0x0000, 0x0000, 0x0000, 0x0000, 0x0000,
    0x0000, 0x0000, 0x0000, 0x0000, 0x0000, 0x0000, 0x0000, 0x0000, 0x0000, 0x0000, 0x0000, 0x0000, 0x0000, 0x0000, 0x0000, 0x0000,
    0x0000, 0x0000, 0x0000, 0x0000, 0x0000, 0x0000, 0x0000, 0x0000, 0x0000, 0x0000, 0x0000, 0x0000, 0x0000, 0x0000, 0x0000, 0x0000,
    0x0000, 0x0000, 0x0000, 0x0000, 0x0000, 0x0000, 0x0000, 0x0000, 0x0000, 0x0000, 0x0000, 0x0000, 0x0000, 0x0000, 0x0000, 0x0000,
    0x0000, 0x0000, 0x0000, 0x0000, 0x0000, 0x0000, 0x0000, 0x0000, 0x0000, 0x0000, 0x0000, 0x0000, 0x0000, 0x0000, 0x0000, 0x0000,
    0x0000, 0x0000, 0x0000, 0x0000, 0x0000, 0x0000, 0x0000, 0x0000, 0x0000, 0x0000, 0x0000, 0x0000, 0x0000, 0x0000, 0x0000, 0x0000,
    0x0000, 0x0000, 0x0000, 0x0000, 0x0000, 0x0000, 0x0000, 0x0000, 0x0000, 0x0000, 0x0000, 0x0000, 0x0000, 0x0000, 0x0000, 0x0000,
    0x0000, 0x0000, 0x0000, 0x0000, 0x0000, 0x0000, 0x0000, 0x0000, 0x0000, 0x0000, 0x0000, 0x0000, 0x0000, 0x0000, 0x0000, 0x0000,
    0x0000, 0x0000, 0x0000, 0x0000, 0x0000, 0x0000, 0x0000, 0x0000, 0x0000, 0x0000, 0x0000, 0x0000, 0x0000, 0x0000, 0x0000, 0x0000,
    0x0000, 0x0000, 0x0000, 0x0000, 0x0000, 0x0000, 0x0000, 0x0000, 0x0000, 0x0000, 0x0000, 0x0000, 0x0000, 0x0000, 0x0000, 0x0000,
    0x0000, 0x0000, 0x0000, 0x0000, 0x0000, 0x0000, 0x0000, 0x0000, 0x0000, 0x0000, 0x0000, 0x0000, 0x0000, 0x0000, 0x0000, 0x0000,
    0x0000, 0x0000, 0x0000, 0x0000, 0x0000, 0x0000, 0x0000, 0x0000, 0x0000, 0x0000, 0x0000, 0x0000, 0x0000, 0x0000, 0x0000, 0x0000,
    0x0000, 0x0000, 0x0000, 0x0000, 0x0000, 0x0000, 0x0000, 0x0000, 0x0000, 0x0000, 0x0000, 0x0000, 0x0000, 0x0000, 0x0000, 0x0000,
    0x0000, 0x0000, 0x0000, 0x0000, 0x0000, 0x0000, 0x0000, 0x0000, 0x0000, 0x0000, 0x0000, 0x0000, 0x0000, 0x0000, 0x0000, 0x0000,
    0x0000, 0x0000, 0x0000, 0x0000, 0x0000, 0x0000, 0x0000, 0x0000, 0x0000, 0x0000, 0x0000, 0x0000, 0x0000, 0x0000, 0x0000, 0x0000,
    0x0000, 0x0000, 0x0000, 0x0000, 0x0000, 0x0000, 0x0000, 0x0000, 0x0000, 0x0000, 0x0000, 0x0000, 0x0000, 0x0000, 0x0000, 0x0000,
    0x0000, 0x0000, 0x0000, 0x0000, 0x0000, 0x0000, 0x0000, 0x0000, 0x0000, 0x0000, 0x0000, 0x0000, 0x0000, 0x0000, 0x0000, 0x0000,
    0x0000, 0x0000, 0x0000, 0x0000, 0x0000, 0x0000, 0x0000, 0x0000, 0x0000, 0x0000, 0x0000, 0x0000, 0x0000, 0x0000, 0x0000, 0x0000,
    0x0000, 0x0000, 0x0000, 0x0000, 0x0000, 0x0000, 0x0000, 0x0000, 0x0000, 0x0000, 0x0000, 0x0000, 0x0000, 0x0000, 0x0000, 0x0000,
    0x0000, 0x0000, 0x0000, 0x0000, 0x0000, 0x0000, 0x0000, 0x0000, 0x0000, 0x0000, 0x0000, 0x0000, 0x0000, 0x0000, 0x0000, 0x0000,
    0x0000, 0x0000, 0x0000, 0x0000, 0x0000, 0x0000, 0x0000, 0x0000, 0x0000, 0x0000, 0x0000, 0x0000, 0x0000, 0x0000, 0x0000, 0x0000,
    0x0000, 0x0000, 0x0000, 0x0000, 0x0000, 0x0000, 0x0000, 0x0000, 0x0000, 0x0000, 0x0000, 0x0000, 0x0000, 0x0000, 0x0000, 0x0000,
    0x0000, 0x0000, 0x0000, 0x0000, 0x0000, 0x0000, 0x0000, 0x0000, 0x0000, 0x0000, 0x0000, 0x0000, 0x0000, 0x0000, 0x0000, 0x0000,
    0x0000, 0x0000, 0x0000, 0x0000, 0x0000, 0x0000, 0x0000, 0x0000, 0x0000, 0x0000, 0x0000, 0x0000, 0x0000, 0x0000, 0x0000, 0x0000,
    0x0000, 0x0000, 0x0000, 0x0000, 0x0000, 0x0000, 0x0000, 0x0000, 0x0000, 0x0000, 0x0000, 0x0000, 0x0000, 0x0000, 0x0000, 0x0000,
    0x0000, 0x0000, 0x0000, 0x0000, 0x0000, 0x0000, 0x0000, 0x0000, 0x0000, 0x0000, 0x0000, 0x0000, 0x0000, 0x0000, 0x0000, 0x0000,
    0x0000, 0x0000, 0x0000, 0x0000, 0x0000, 0x0000, 0x0000, 0x0000, 0x0000, 0x0000, 0x0000, 0x0000, 0x0000, 0x0000, 0x0000, 0x0000,
    0x0000, 0x0000, 0x0000, 0x0000, 0x0000, 0x0000, 0x0000, 0x0000, 0x0000, 0x0000, 0x0000, 0x0000, 0x0000, 0x0000, 0x0000, 0x0000,
    0x0000, 0x0000, 0x0000, 0x0000, 0x0000, 0x0000, 0x0000, 0x0000, 0x0000, 0x0000, 0x0000, 0x0000, 0x0000, 0x0000, 0x0000, 0x0000,
    0x0000, 0x0000, 0x0000, 0x0000, 0x0000, 0x0000, 0x0000, 0x0000, 0x0000, 0x0000, 0x0000, 0x0000, 0x0000, 0x0000, 0x0000, 0x0000,
    0x0000, 0x0000, 0x0000, 0x0000, 0x0000, 0x0000, 0x0000, 0x0000, 0x0000, 0x0000, 0x0000, 0x0000, 0x0000, 0x0000, 0x0000, 0x0000,
    0x0000, 0x0000, 0x0000, 0x0000, 0x0000, 0x0000, 0x0000, 0x0000, 0x0000, 0x0000, 0x0000, 0x0000, 0x0000, 0x0000, 0x0000, 0x0000,
    0x0000, 0x0000, 0x0000, 0x0000, 0x0000, 0x0000, 0x0000, 0x0000, 0x0000, 0x0000, 0x0000, 0x0000, 0x0000, 0x0000, 0x0000, 0x0000,
    0x0000, 0x0000, 0x0000, 0x0000, 0x0000, 0x0000, 0x0000, 0x0000, 0x0000, 0x0000, 0x0000, 0x0000, 0x0000, 0x0000, 0x0000, 0x0000,
    0x0000, 0x0000, 0x0000, 0x0000, 0x0000, 0x0000, 0x0000, 0x0000, 0x0000, 0x0000, 0x0000, 0x0000, 0x0000, 0x0000, 0x0000, 0x0000,
    0x0000, 0x0000, 0x0000, 0x0000, 0x0000, 0x0000, 0x0000, 0x0000, 0x0000, 0x0000, 0x0000, 0x0000, 0x0000, 0x0000, 0x0000, 0x0000,
    0x0000, 0x0000, 0x0000, 0x0000, 0x0000, 0x0000, 0x0000, 0x0000, 0x0000, 0x0000, 0x0000, 0x0000, 0x0000, 0x0000, 0x0000, 0x0000,
    0x0000, 0x0000, 0x0000, 0x0000, 0x0000, 0x0000, 0x0000, 0x0000, 0x0000, 0x0000, 0x0000, 0x0000, 0x0000, 0x0000, 0x0000, 0x0000,
    0x0000, 0x0000, 0x0000, 0x0000, 0x0000, 0x0000, 0x0000, 0x0000, 0x0000, 0x0000, 0x0000, 0x0000, 0x0000, 0x0000, 0x0000, 0x0000,
    0x0000, 0x0000, 0x0000, 0x0000, 0x0000, 0x0000, 0x0000, 0x0000, 0x0000, 0x0000, 0x0000, 0x0000, 0x0000, 0x0000, 0x0000, 0x0000,
    0x0000, 0x0000, 0x0000, 0x0000, 0x0000, 0x0000, 0x0000, 0x0000, 0x0000, 0x0000, 0x0000, 0x0000, 0x0000, 0x0000, 0x0000, 0x0000,
    0x0000, 0x0000, 0x0000, 0x0000, 0x0000, 0x0000, 0x0000, 0x0000, 0x0000, 0x0000, 0x0000, 0x0000, 0x0000, 0x0000, 0x0000, 0x0000,
    0x0000, 0x0000, 0x0000, 0x0000, 0x0000, 0x0000, 0x0000, 0x0000, 0x0000, 0x0000, 0x0000, 0x0000, 0x0000, 0x0000, 0x0000, 0x0000,
    0x0000, 0x0000, 0x0000, 0x0000, 0x0000, 0x0000, 0x0000, 0x0000, 0x0000, 0x0000, 0x0000, 0x0000, 0x0000, 0x0000, 0x0000, 0x0000,
    0x0000, 0x0000, 0x0000, 0x0000, 0x0000, 0x0000, 0x0000, 0x0000, 0x0000, 0x0000, 0x0000, 0x0000, 0x0000, 0x0000, 0x0000, 0x0000,
    0x0000, 0x0000, 0x0000, 0x0000, 0x0000, 0x0000, 0x0000, 0x0000, 0x0000, 0x0000, 0x0000, 0x0000, 0x0000, 0x0000, 0x0000, 0x0000,
    0x0000, 0x0000, 0x0000, 0x0000, 0x0000, 0x0000, 0x0000, 0x0000, 0x0000, 0x0000, 0x0000, 0x0000, 0x0000, 0x0000, 0x0000, 0x0000,
    0x0000, 0x0000, 0x0000, 0x0000, 0x0000, 0x0000, 0x0000, 0x0000, 0x0000, 0x0000, 0x0000, 0x0000, 0x0000, 0x0000, 0x0000, 0x0000,
    0x0000, 0x0000, 0x0000, 0x0000, 0x0000, 0x0000, 0x0000, 0x0000, 0x0000, 0x0000, 0x0000, 0x0000, 0x0000, 0x0000, 0x0000, 0x0000,
    0x0000, 0x0000, 0x0000, 0x0000, 0x0000, 0x0000, 0x0000, 0x0000, 0x0000, 0x0000, 0x0000, 0x0000, 0x0000, 0x0000, 0x0000, 0x0000,
    0x0000, 0x0000, 0x0000, 0x0000, 0x0000, 0x0000, 0x0000, 0x0000, 0x0000, 0x0000, 0x0000, 0x0000, 0x0000, 0x0000, 0x0000, 0x0000,
    0x0000, 0x0000, 0x0000, 0x0000, 0x0000, 0x0000, 0x0000, 0x0000, 0x0000, 0x0000, 0x0000, 0x0000, 0x0000, 0x0000, 0x0000, 0x0000,
    0x0000, 0x0000, 0x0000, 0x0000, 0x0000, 0x0000, 0x0000, 0x0000, 0x0000, 0x0000, 0x0000, 0x0000, 0x0000, 0x0000, 0x0000, 0x0000,
    0x0000, 0x0000, 0x0000, 0x0000, 0x0000, 0x0000, 0x0000, 0x0000, 0x0000, 0x0000, 0x0000, 0x0000, 0x0000, 0x0000, 0x0000, 0x0000,
    0x0000, 0x0000, 0x0000, 0x0000, 0x0000, 0x0000, 0x0000, 0x0000, 0x0000, 0x0000, 0x0000, 0x0000, 0x0000, 0x0000, 0x0000, 0x0000,
    0x0000, 0x0000, 0x0000, 0x0000, 0x0000, 0x0000, 0x0000, 0x0000, 0x0000, 0x0000, 0x0000, 0x0000, 0x0000, 0x0000, 0x0000, 0x0000,
    0x0000, 0x0000, 0x0000, 0x0000, 0x0000, 0x0000, 0x0000, 0x0000, 0x0000, 0x0000, 0x0000, 0x0000, 0x0000, 0x0000, 0x0000, 0x0000,
    0x0000, 0x0000, 0x0000, 0x0000, 0x0000, 0x0000, 0x0000, 0x0000, 0x0000, 0x0000, 0x0000, 0x0000, 0x0000, 0x0000, 0x0000, 0x0000,
    0x0000, 0x0000, 0x0000, 0x0000, 0x0000, 0x0000, 0x0000, 0x0000, 0x0000, 0x0000, 0x0000, 0x0000, 0x0000, 0x0000, 0x0000, 0x0000,
    0x0000, 0x0000, 0x0000, 0x0000, 0x0000, 0x0000, 0x0000, 0x0000, 0x0000, 0x0000, 0x0000, 0x0000, 0x0000, 0x0000, 0x0000, 0x0000,
    0x0000, 0x0000, 0x0000, 0x0000, 0x0000, 0x0000, 0x0000, 0x0000, 0x0000, 0x0000, 0x0000, 0x0000, 0x0000, 0x0000, 0x0000, 0x0000,
    0x0000, 0x0000, 0x0000, 0x0000, 0x0000, 0x0000, 0x0000, 0x0000, 0x0000, 0x0000, 0x0000, 0x0000, 0x0000, 0x0000, 0x0000, 0x0000,
    0x0000, 0x0000, 0x0000, 0x0000, 0x0000, 0x0000, 0x0000, 0x0000, 0x0000, 0x0000, 0x0000, 0x0000, 0x0000, 0x0000, 0x0000, 0x0000,
    0x0000, 0x0000, 0x0000, 0x0000, 0x0000, 0x0000, 0x0000, 0x0000, 0x0000, 0x0000, 0x0000, 0x0000, 0x0000, 0x0000, 0x0000, 0x0000,
    0x0000, 0x0000, 0x0000, 0x0000, 0x0000, 0x0000, 0x0000, 0x0000, 0x0000, 0x0000, 0x0000, 0x0000, 0x0000, 0x0000, 0x0000, 0x0000,
    0x0000, 0x0000, 0x0000, 0x0000, 0x0000, 0x0000, 0x0000, 0x0000, 0x0000, 0x0000, 0x0000, 0x0000, 0x0000, 0x0000, 0x0000, 0x0000,
    0x0000, 0x0000, 0x0000, 0x0000, 0x0000, 0x0000, 0x0000, 0x0000, 0x0000, 0x0000, 0x0000, 0x0000, 0x0000, 0x0000, 0x0000, 0x0000,
    0x0000, 0x0000, 0x0000, 0x0000, 0x0000, 0x0000, 0x0000, 0x0000, 0x0000, 0x0000, 0x0000, 0x0000, 0x0000, 0x0000, 0x0000, 0x0000,
    0x0000, 0x0000, 0x0000, 0x0000, 0x0000, 0x0000, 0x0000, 0x0000, 0x0000, 0x0000, 0x0000, 0x0000, 0x0000, 0x0000, 0x0000, 0x0000,
    0x0000, 0x0000, 0x0000, 0x0000, 0x0000, 0x0000, 0x0000, 0x0000, 0x0000, 0x0000, 0x0000, 0x0000, 0x0000, 0x0000, 0x0000, 0x0000,
    0x0000, 0x0000, 0x0000, 0x0000, 0x0000, 0x0000, 0x0000, 0x0000, 0x0000, 0x0000, 0x0000, 0x0000, 0x0000, 0x0000, 0x0000, 0x0000,
    0x0000, 0x0000, 0x0000, 0x0000, 0x0000, 0x0000, 0x0000, 0x0000, 0x0000, 0x0000, 0x0000, 0x0000, 0x0000, 0x0000, 0x0000, 0x0000,
    0x0000, 0x0000, 0x0000, 0x0000, 0x0000, 0x0000, 0x0000, 0x0000, 0x0000, 0x0000, 0x0000, 0x0000, 0x0000, 0x0000, 0x0000, 0x0000,
    0x0000, 0x0000, 0x0000, 0x0000, 0x0000, 0x0000, 0x0000, 0x0000, 0x0000, 0x0000, 0x0000, 0x0000, 0x0000, 0x0000, 0x0000, 0x0000,
    0x0000, 0x0000, 0x0000, 0x0000, 0x0000, 0x0000, 0x0000, 0x0000, 0x0000, 0x0000, 0x0000, 0x0000, 0x0000, 0x0000, 0x0000, 0x0000,
    0x0000, 0x0000, 0x0000, 0x0000, 0x0000, 0x0000, 0x0000, 0x0000, 0x0000, 0x0000, 0x0000, 0x0000, 0x0000, 0x0000, 0x0000, 0x0000,
    0x0000, 0x0000, 0x0000, 0x0000, 0x0000, 0x0000, 0x0000, 0x0000, 0x0000, 0x0000, 0x0000, 0x0000, 0x0000, 0x0000, 0x0000, 0x0000,
    0x0000, 0x0000, 0x0000, 0x0000, 0x0000, 0x0000, 0x0000, 0x0000, 0x0000, 0x0000, 0x0000, 0x0000, 0x0000, 0x0000, 0x0000, 0x0000,
    0x0000, 0x0000, 0x0000, 0x0000, 0x0000, 0x0000, 0x0000, 0x0000, 0x0000, 0x0000, 0x0000, 0x0000, 0x0000, 0x0000, 0x0000, 0x0000,
    0x0000, 0x0000, 0x0000, 0x0000, 0x0000, 0x0000, 0x0000, 0x0000, 0x0000, 0x0000, 0x0000, 0x0000, 0x0000, 0x0000, 0x0000, 0x0000,
    0x0000, 0x0000, 0x0000, 0x0000, 0x0000, 0x0000, 0x0000, 0x0000, 0x0000, 0x0000, 0x0000, 0x0000, 0x0000, 0x0000, 0x0000, 0x0000,
    0x0000, 0x0000, 0x0000, 0x0000, 0x0000, 0x0000, 0x0000, 0x0000, 0x0000, 0x0000, 0x0000, 0x0000, 0x0000, 0x0000, 0x0000, 0x0000,
    0x0000, 0x0000, 0x0000, 0x0000, 0x0000, 0x0000, 0x0000, 0x0000, 0x0000, 0x0000, 0x0000, 0x0000, 0x0000, 0x0000, 0x0000, 0x0000,
    0x0000, 0x0000, 0x0000, 0x0000, 0x0000, 0x0000, 0x0000, 0x0000, 0x0000, 0x0000, 0x0000, 0x0000, 0x0000, 0x0000, 0x0000, 0x0000,
    0x0000, 0x0000, 0x0000, 0x0000, 0x0000, 0x0000, 0x0000, 0x0000, 0x0000, 0x0000, 0x0000, 0x0000, 0x0000, 0x0000, 0x0000, 0x0000,
    0x0000, 0x0000, 0x0000, 0x0000, 0x0000, 0x0000, 0x0000, 0x0000, 0x0000, 0x0000, 0x0000, 0x0000, 0x0000, 0x0000, 0x0000, 0x0000,
    0x0000, 0x0000, 0x0000, 0x0000, 0x0000, 0x0000, 0x0000, 0x0000, 0x0000, 0x0000, 0x0000, 0x0000, 0x0000, 0x0000, 0x0000, 0x0000,
    0x0000, 0x0000, 0x0000, 0x0000, 0x0000, 0x0000, 0x0000, 0x0000, 0x0000, 0x0000, 0x0000, 0x0000, 0x0000, 0x0000, 0x0000, 0x0000,
    0x0000, 0x0000, 0x0000, 0x0000, 0x0000, 0x0000, 0x0000, 0x0000, 0x0000, 0x0000, 0x0000, 0x0000, 0x0000, 0x0000, 0x0000, 0x0000,
    0x0000, 0x0000, 0x0000, 0x0000, 0x0000, 0x0000, 0x0000, 0x0000, 0x0000, 0x0000, 0x0000, 0x0000, 0x0000, 0x0000, 0x0000, 0x0000,
    0x0000, 0x0000, 0x0000, 0x0000, 0x0000, 0x0000, 0x0000, 0x0000, 0x0000, 0x0000, 0x0000, 0x0000, 0x0000, 0x0000, 0x0000, 0x0000,
    0x0000, 0x0000, 0x0000, 0x0000, 0x0000, 0x0000, 0x0000, 0x0000, 0x0000, 0x0000, 0x0000, 0x0000, 0x0000, 0x0000, 0x0000, 0x0000,
    0x0000, 0x0000, 0x0000, 0x0000, 0x0000, 0x0000, 0x0000, 0x0000, 0x0000, 0x0000, 0x0000, 0x0000, 0x0000, 0x0000, 0x0000, 0x0000,
    0x0000, 0x0000, 0x0000, 0x0000, 0x0000, 0x0000, 0x0000, 0x0000, 0x0000, 0x0000, 0x0000, 0x0000, 0x0000, 0x0000, 0x0000, 0x0000,
    0x0000, 0x0000, 0x0000, 0x0000, 0x0000, 0x0000, 0x0000, 0x0000, 0x0000, 0x0000, 0x0000, 0x0000, 0x0000, 0x0000, 0x0000, 0x0000,
    0x0000, 0x0000, 0x0000, 0x0000, 0x0000, 0x0000, 0x0000, 0x0000, 0x0000, 0x0000, 0x0000, 0x0000, 0x0000, 0x0000, 0x0000, 0x0000,
    0x0000, 0x0000, 0x0000, 0x0000, 0x0000, 0x0000, 0x0000, 0x0000, 0x0000, 0x0000, 0x0000, 0x0000, 0x0000, 0x0000, 0x0000, 0x0000,
    0x0000, 0x0000, 0x0000, 0x0000, 0x0000, 0x0000, 0x0000, 0x0000, 0x0000, 0x0000, 0x0000, 0x0000, 0x0000, 0x0000, 0x0000, 0x0000,
    0x0000, 0x0000, 0x0000, 0x0000, 0x0000, 0x0000, 0x0000, 0x0000, 0x0000, 0x0000, 0x0000, 0x0000, 0x0000, 0x0000, 0x0000, 0x0000,
    0x0000, 0x0000, 0x0000, 0x0000, 0x0000, 0x0000, 0x0000, 0x0000, 0x0000, 0x0000, 0x0000, 0x0000, 0x0000, 0x0000, 0x0000, 0x0000,
    0x0000, 0x0000, 0x0000, 0x0000, 0x0000, 0x0000, 0x0000, 0x0000, 0x0000, 0x0000, 0x0000, 0x0000, 0x0000, 0x0000, 0x0000, 0x0000,
    0x0000, 0x0000, 0x0000, 0x0000, 0x0000, 0x0000, 0x0000, 0x0000, 0x0000, 0x0000, 0x0000, 0x0000, 0x0000, 0x0000, 0x0000, 0x0000,
    0x0000, 0x0000, 0x0000, 0x0000, 0x0000, 0x0000, 0x0000, 0x0000, 0x0000, 0x0000, 0x0000, 0x0000, 0x0000, 0x0000, 0x0000, 0x0000,
    0x0000, 0x0000, 0x0000, 0x0000, 0x0000, 0x0000, 0x0000, 0x0000, 0x0000, 0x0000, 0x0000, 0x0000, 0x0000, 0x0000, 0x0000, 0x0000,
    0x0000, 0x0000, 0x0000, 0x0000, 0x0000, 0x0000, 0x0000, 0x0000, 0x0000, 0x0000, 0x0000, 0x0000, 0x0000, 0x0000, 0x0000, 0x0000,
    0x0000, 0x0000, 0x0000, 0x0000, 0x0000, 0x0000, 0x0000, 0x0000, 0x0000, 0x0000, 0x0000, 0x0000, 0x0000, 0x0000, 0x0000, 0x0000,
    0x0000, 0x0000, 0x0000, 0x0000, 0x0000, 0x0000, 0x0000, 0x0000, 0x0000, 0x0000, 0x0000, 0x0000, 0x0000, 0x0000, 0x0000, 0x0000,
    0x0000, 0x0000, 0x0000, 0x0000, 0x0000, 0x0000, 0x0000, 0x0000, 0x0000, 0x0000, 0x0000, 0x0000, 0x0000, 0x0000, 0x0000, 0x0000,
    0x0000, 0x0000, 0x0000, 0x0000, 0x0000, 0x0000, 0x0000, 0x0000, 0x0000, 0x0000, 0x0000, 0x0000, 0x0000, 0x0000, 0x0000, 0x0000,
    0x0000, 0x0000, 0x0000, 0x0000, 0x0000, 0x0000, 0x0000, 0x0000, 0x0000, 0x0000, 0x0000, 0x0000, 0x0000, 0x0000, 0x0000, 0x0000,
    0x0000, 0x0000, 0x0000, 0x0000, 0x0000, 0x0000, 0x0000, 0x0000, 0x0000, 0x0000, 0x0000, 0x0000, 0x0000, 0x0000, 0x0000, 0x0000,
    0x0000, 0x0000, 0x0000, 0x0000, 0x0000, 0x0000, 0x0000, 0x0000, 0x0000, 0x0000, 0x0000, 0x0000, 0x0000, 0x0000, 0x0000, 0x0000,
    0x0000, 0x0000, 0x0000, 0x0000, 0x0000, 0x0000, 0x0000, 0x0000, 0x0000, 0x0000, 0x0000, 0x0000, 0x0000, 0x0000, 0x0000, 0x0000,
    0x0000, 0x0000, 0x0000, 0x0000, 0x0000, 0x0000, 0x0000, 0x0000, 0x0000, 0x0000, 0x0000, 0x0000, 0x0000, 0x0000, 0x0000, 0x0000,
    0x0000, 0x0000, 0x0000, 0x0000, 0x0000, 0x0000, 0x0000, 0x0000, 0x0000, 0x0000, 0x0000, 0x0000, 0x0000, 0x0000, 0x0000, 0x0000,
    0x0000, 0x0000, 0x0000, 0x0000, 0x0000, 0x0000, 0x0000, 0x0000, 0x0000, 0x0000, 0x0000, 0x0000, 0x0000, 0x0000, 0x0000, 0x0000,
    0x0000, 0x0000, 0x0000, 0x0000, 0x0000, 0x0000, 0x0000, 0x0000, 0x0000, 0x0000, 0x0000, 0x0000, 0x0000, 0x0000, 0x0000, 0x0000,
    0x0000, 0x0000, 0x0000, 0x0000, 0x0000, 0x0000, 0x0000, 0x0000, 0x0000, 0x0000, 0x0000, 0x0000, 0x0000, 0x0000, 0x0000, 0x0000,
    0x0000, 0x0000, 0x0000, 0x0000, 0x0000, 0x0000, 0x0000, 0x0000, 0x0000, 0x0000, 0x0000, 0x0000, 0x0000, 0x0000, 0x0000, 0x0000,
    0x0000, 0x0000, 0x0000, 0x0000, 0x0000, 0x0000, 0x0000, 0x0000, 0x0000, 0x0000, 0x0000, 0x0000, 0x0000, 0x0000, 0x0000, 0x0000,
    0x0000, 0x0000, 0x0000, 0x0000, 0x0000, 0x0000, 0x0000, 0x0000, 0x0000, 0x0000, 0x0000, 0x0000, 0x0000, 0x0000, 0x0000, 0x0000,
    0x0000, 0x0000, 0x0000, 0x0000, 0x0000, 0x0000, 0x0000, 0x0000, 0x0000, 0x0000, 0x0000, 0x0000, 0x0000, 0x0000, 0x0000, 0x0000,
    0x0000, 0x0000, 0x0000, 0x0000, 0x0000, 0x0000, 0x0000, 0x0000, 0x0000, 0x0000, 0x0000, 0x0000, 0x0000, 0x0000, 0x0000, 0x0000,
    0x0000, 0x0000, 0x0000, 0x0000, 0x0000, 0x0000, 0x0000, 0x0000, 0x0000, 0x0000, 0x0000, 0x0000, 0x0000, 0x0000, 0x0000, 0x0000,
    0x0000, 0x0000, 0x0000, 0x0000, 0x0000, 0x0000, 0x0000, 0x0000, 0x0000, 0x0000, 0x0000, 0x0000, 0x0000, 0x0000, 0x0000, 0x0000,
    0x0000, 0x0000, 0x0000, 0x0000, 0x0000, 0x0000, 0x0000, 0x0000, 0x0000, 0x0000, 0x0000, 0x0000, 0x0000, 0x0000, 0x0000, 0x0000,
    0x0000, 0x0000, 0x0000, 0x0000, 0x0000, 0x0000, 0x0000, 0x0000, 0x0000, 0x0000, 0x0000, 0x0000, 0x0000, 0x0000, 0x0000, 0x0000,
    0x0000, 0x0000, 0x0000, 0x0000, 0x0000, 0x0000, 0x0000, 0x0000, 0x0000, 0x0000, 0x0000, 0x0000, 0x0000, 0x0000, 0x0000, 0x0000,
    0x0000, 0x0000, 0x0000, 0x0000, 0x0000, 0x0000, 0x0000, 0x0000, 0x0000, 0x0000, 0x0000, 0x0000, 0x0000, 0x0000, 0x0000, 0x0000,
    0x0000, 0x0000, 0x0000, 0x0000, 0x0000, 0x0000, 0x0000, 0x0000, 0x0000, 0x0000, 0x0000, 0x0000, 0x0000, 0x0000, 0x0000, 0x0000,
    0x0000, 0x0000, 0x0000, 0x0000, 0x0000, 0x0000, 0x0000, 0x0000, 0x0000, 0x0000, 0x0000, 0x0000, 0x0000, 0x0000, 0x0000, 0x0000,
    0x0000, 0x0000, 0x0000, 0x0000, 0x0000, 0x0000, 0x0000, 0x0000, 0x0000, 0x0000, 0x0000, 0x0000, 0x0000, 0x0000, 0x0000, 0x0000,
    0x0000, 0x0000, 0x0000, 0x0000, 0x0000, 0x0000, 0x0000, 0x0000, 0x0000, 0x0000, 0x0000, 0x0000, 0x0000, 0x0000, 0x0000, 0x0000,
    0x0000, 0x0000, 0x0000, 0x0000, 0x0000, 0x0000, 0x0000, 0x0000, 0xAD55, 0xE6FC, 0xE6FC, 0xE6FC, 0xE6FC, 0xE6FC, 0xE6FC, 0xE6FC,
    0xE6FC, 0xE6FC, 0xE6FC, 0xE6FC, 0xE6FC, 0x4A49, 0x0000, 0x0000, 0x0000, 0x0000, 0x0000, 0x0000, 0x0000, 0x0000, 0x0000, 0x0000,
    0x0000, 0x0000, 0x0000, 0x0000, 0x0000, 0x0000, 0x0000, 0x0000, 0x0000, 0x0000, 0x0000, 0x0000, 0x0000, 0x0000, 0x0000, 0x0000,
    0x0000, 0x0000, 0xD659, 0xE6FC, 0xE6FC, 0xE6FC, 0xE6FC, 0xE6FC, 0xE6FC, 0xE6FC, 0xE6FC, 0xE6FC, 0xE6FC, 0xE6FC, 0x2965, 0x0000,
    0x0000, 0x0000, 0x6B4D, 0xE6FC, 0xE6FC, 0xE6FC, 0xE6FC, 0xE6FC, 0xE6FC, 0xE6FC, 0xE6FC, 0xE6FC, 0xE6FC, 0xE6FC, 0xE6FC, 0xE6FC,
    0xE6FC, 0xE6FC, 0xE6FC, 0xE6FC, 0xE6FC, 0xE6FC, 0xE6FC, 0xE6FC, 0xE6FC, 0xE6FC, 0xE6FC, 0xE6FC, 0xE6FC, 0xE6FC, 0xE6FC, 0xE6FC,
    0xE6FC, 0xE6FC, 0xE6FC, 0xE6FC, 0xE6FC, 0xE6FC, 0xE6FC, 0xAD55, 0x0000, 0x0000, 0x0000, 0x0000, 0x0000, 0x0000, 0x0000, 0x0000,
    0x0000, 0xE6FC, 0xE6FC, 0xE6FC, 0xE6FC, 0xE6FC, 0xE6FC, 0xE6FC, 0xE6FC, 0xE6FC, 0xE6FC, 0xE6FC, 0xE6FC, 0x0000, 0x0000, 0x0000,
    0x0000, 0x0000, 0x0000, 0x0000, 0x0000, 0x0000, 0x0000, 0x0000, 0x0000, 0x0000, 0x0000, 0x0000, 0x0000, 0x0000, 0x0000, 0x0000,
    0x0000, 0x0000, 0x0000, 0x0000, 0x0000, 0x0000, 0x0000, 0x0000, 0x0000, 0x0000, 0x0000, 0xAD55, 0xE6FC, 0xE6FC, 0xE6FC, 0xE6FC,
    0xE6FC, 0xE6FC, 0xE6FC, 0xE6FC, 0xE6FC, 0xE6FC, 0xE6FC, 0x2965, 0x0000, 0x0000, 0x0000, 0x0000, 0x0000, 0x0000, 0x0000, 0x0000,
    0x0000, 0x0000, 0x0000, 0x0000, 0x0000, 0x0000, 0x0000, 0x0000, 0x0000, 0x0000, 0x0000, 0x0000, 0x0000, 0x0000, 0x0000, 0x0000,
    0x0000, 0x0000, 0x0000, 0x0000, 0xAD55, 0xE6FC, 0xE6FC, 0xE6FC, 0xE6FC, 0xE6FC, 0xE6FC, 0xE6FC, 0xE6FC, 0xE6FC, 0xE6FC, 0xE6FC,
    0x0000, 0x0000, 0x0000, 0x0000, 0x0000, 0x0000, 0x0000, 0x0000, 0x0000, 0x0000, 0x0000, 0x0000, 0x0000, 0x0000, 0x0000, 0x0000,
    0x0000, 0x0000, 0x0000, 0x0000, 0x0000, 0xAD55, 0xE6FC, 0xE6FC, 0xE6FC, 0xE6FC, 0xE6FC, 0xE6FC, 0xE6FC, 0xE6FC, 0xE6FC, 0xE6FC,
    0xE6FC, 0x0000, 0x0000, 0x0000, 0x0000, 0x0000, 0x0000, 0x0000, 0x0000, 0x0000, 0x2965, 0xE6FC, 0xE6FC, 0xE6FC, 0xE6FC, 0xE6FC,
    0xE6FC, 0xE6FC, 0xE6FC, 0xE6FC, 0xE6FC, 0xAD55, 0x0000, 0x0000, 0x0000, 0x0000, 0x0000, 0x0000, 0x0000, 0x0000, 0x0000, 0x0000,
    0x0000, 0x0000, 0x0000, 0x0000, 0x0000, 0x0000, 0x0000, 0x0000, 0x0000, 0x0000, 0x0000, 0x0000, 0x0000, 0x0000, 0x0000, 0x0000,
    0x0000, 0x0000, 0x0000, 0x0000, 0x0000, 0x0000, 0x0000, 0x0000, 0x6B4D, 0xE6FC, 0xE6FC, 0xE6FC, 0xE6FC, 0xE6FC, 0xE6FC, 0xE6FC,
    0xE6FC, 0xE6FC, 0xE6FC, 0xAD55, 0x4A49, 0xE6FC, 0xE6FC, 0xE6FC, 0xE6FC, 0xE6FC, 0xE6FC, 0xE6FC, 0xE6FC, 0xE6FC, 0xE6FC, 0xE6FC,
    0xE6FC, 0xAD55, 0x0000, 0x0000, 0x0000, 0x0000, 0x0000, 0x0000, 0x0000, 0x0000, 0x0000, 0x0000, 0x0000, 0x0000, 0x0000, 0x0000,
    0x0000, 0x0000, 0x0000, 0x0000, 0x0000, 0x0000, 0x0000, 0x0000, 0x0000, 0x0000, 0x0000, 0x0000, 0x0000, 0x6B4D, 0xE6FC, 0xE6FC,
    0xE6FC, 0xE6FC, 0xE6FC, 0xE6FC, 0xE6FC, 0xE6FC, 0xE6FC, 0xE6FC, 0xE6FC, 0x8C51, 0x0000, 0x0000, 0x0000, 0x0000, 0x6B4D, 0xE6FC,
    0xE6FC, 0xE6FC, 0xE6FC, 0xE6FC, 0xE6FC, 0xE6FC, 0xE6FC, 0xE6FC, 0xE6FC, 0xE6FC, 0xE6FC, 0xE6FC, 0xE6FC, 0xE6FC, 0xE6FC, 0xE6FC,
    0xE6FC, 0xE6FC, 0xE6FC, 0xE6FC, 0xE6FC, 0xE6FC, 0xE6FC, 0xE6FC, 0xE6FC, 0xE6FC, 0xE6FC, 0xE6FC, 0xE6FC, 0xE6FC, 0xE6FC, 0xE6FC,
    0xE6FC, 0xE6FC, 0xE6FC, 0xAD55, 0x0000, 0x0000, 0x0000, 0x0000, 0x0000, 0x0000, 0x0000, 0x0000, 0x0000, 0xE6FC, 0xE6FC, 0xE6FC,
    0xE6FC, 0xE6FC, 0xE6FC, 0xE6FC, 0xE6FC, 0xE6FC, 0xE6FC, 0xE6FC, 0xE6FC, 0x0000, 0x0000, 0x0000, 0x0000, 0x0000, 0x0000, 0x0000,
    0x0000, 0x0000, 0x0000, 0x0000, 0x0000, 0x0000, 0x0000, 0x0000, 0x0000, 0x0000, 0x0000, 0x0000, 0x0000, 0x0000, 0x0000, 0x0000,
    0x0000, 0x0000, 0x0000, 0x0000, 0x0000, 0x0000, 0x0000, 0xAD55, 0xE6FC, 0xE6FC, 0xE6FC, 0xE6FC, 0xE6FC, 0xE6FC, 0xE6FC, 0xE6FC,
    0xE6FC, 0xE6FC, 0xE6FC, 0x2965, 0x0000, 0x0000, 0x0000, 0x0000, 0x0000, 0x0000, 0x0000, 0x0000, 0x0000, 0x0000, 0x0000, 0x0000,
    0x0000, 0x0000, 0x0000, 0x0000, 0x0000, 0x0000, 0x0000, 0x0000, 0x0000, 0x0000, 0x0000, 0x0000, 0x0000, 0x0000, 0x0000, 0x0000,
    0xAD55, 0xE6FC, 0xE6FC, 0xE6FC, 0xE6FC, 0xE6FC, 0xE6FC, 0xE6FC, 0xE6FC, 0xE6FC, 0xE6FC, 0xE6FC, 0x0000, 0x0000, 0x0000, 0x0000,
    0x0000, 0x0000, 0x0000, 0x0000, 0x0000, 0x0000, 0x0000, 0x0000, 0x0000, 0x0000, 0x0000, 0x0000, 0x0000, 0x0000, 0x0000, 0x0000,
    0x0000, 0xAD55, 0xE6FC, 0xE6FC, 0xE6FC, 0xE6FC, 0xE6FC, 0xE6FC, 0xE6FC, 0xE6FC, 0xE6FC, 0xE6FC, 0xE6FC, 0x0000, 0x0000, 0x0000,
    0x0000, 0x0000, 0x0000, 0x0000, 0x0000, 0x0000, 0x2965, 0xE6FC, 0xE6FC, 0xE6FC, 0xE6FC, 0xE6FC, 0xE6FC, 0xE6FC, 0xE6FC, 0xE6FC,
    0xE6FC, 0xE6FC, 0x6B4D, 0x0000, 0x0000, 0x0000, 0x0000, 0x0000, 0x0000, 0x0000, 0x0000, 0x0000, 0x0000, 0x0000, 0x0000, 0x0000,
    0x0000, 0x0000, 0x0000, 0x0000, 0x0000, 0x0000, 0x0000, 0x0000, 0x0000, 0x0000, 0x0000, 0x0000, 0x0000, 0x0000, 0x0000, 0x0000,
    0x0000, 0x0000, 0x0000, 0x0000, 0xD659, 0xE6FC, 0xE6FC, 0xE6FC, 0xE6FC, 0xE6FC, 0xE6FC, 0xE6FC, 0xE6FC, 0xE6FC, 0xE6FC, 0xAD55,
    0x0000, 0xD659, 0xE6FC, 0xE6FC, 0xE6FC, 0xE6FC, 0xE6FC, 0xE6FC, 0xE6FC, 0xE6FC, 0xE6FC, 0xE6FC, 0xE6FC, 0xE6FC, 0x2965, 0x0000,
    0x0000, 0x0000, 0x0000, 0x0000, 0x0000, 0x0000, 0x0000, 0x0000, 0x0000, 0x0000, 0x0000, 0x0000, 0x0000, 0x0000, 0x0000, 0x0000,
    0x0000, 0x0000, 0x0000, 0x0000, 0x0000, 0x0000, 0x0000, 0x0000, 0x0000, 0xD659, 0xE6FC, 0xE6FC, 0xE6FC, 0xE6FC, 0xE6FC, 0xE6FC,
    0xE6FC, 0xE6FC, 0xE6FC, 0xE6FC, 0xE6FC, 0x2965, 0x0000, 0x0000, 0x0000, 0x0000, 0x6B4D, 0xE6FC, 0xE6FC, 0xE6FC, 0xE6FC, 0xE6FC,
    0xE6FC, 0xE6FC, 0xE6FC, 0xE6FC, 0xE6FC, 0xE6FC, 0xE6FC, 0xE6FC, 0xE6FC, 0xE6FC, 0xE6FC, 0xE6FC, 0xE6FC, 0xE6FC, 0xE6FC, 0xE6FC,
    0xE6FC, 0xE6FC, 0xE6FC, 0xE6FC, 0xE6FC, 0xE6FC, 0xE6FC, 0xE6FC, 0xE6FC, 0xE6FC, 0xE6FC, 0xE6FC, 0xE6FC, 0xE6FC, 0xE6FC, 0xAD55,
    0x0000, 0x0000, 0x0000, 0x0000, 0x0000, 0x0000, 0x0000, 0x0000, 0x0000, 0xE6FC, 0xE6FC, 0xE6FC, 0xE6FC, 0xE6FC, 0xE6FC, 0xE6FC,
    0xE6FC, 0xE6FC, 0xE6FC, 0xE6FC, 0xE6FC, 0x0000, 0x0000, 0x0000, 0x0000, 0x0000, 0x0000, 0x0000, 0x0000, 0x0000, 0x0000, 0x0000,
    0x0000, 0x0000, 0x0000, 0x0000, 0x0000, 0x0000, 0x0000, 0x0000, 0x0000, 0x0000, 0x0000, 0x0000, 0x0000, 0x0000, 0x0000, 0x0000,
    0x0000, 0x0000, 0x0000, 0xAD55, 0xE6FC, 0xE6FC, 0xE6FC, 0xE6FC, 0xE6FC, 0xE6FC, 0xE6FC, 0xE6FC, 0xE6FC, 0xE6FC, 0xE6FC, 0x2965,
    0x0000, 0x0000, 0x0000, 0x0000, 0x0000, 0x0000, 0x0000, 0x0000, 0x0000, 0x0000, 0x0000, 0x0000, 0x0000, 0x0000, 0x0000, 0x0000,
    0x0000, 0x0000, 0x0000, 0x0000, 0x0000, 0x0000, 0x0000, 0x0000, 0x0000, 0x0000, 0x0000, 0x0000, 0xAD55, 0xE6FC, 0xE6FC, 0xE6FC,
    0xE6FC, 0xE6FC, 0xE6FC, 0xE6FC, 0xE6FC, 0xE6FC, 0xE6FC, 0xE6FC, 0x0000, 0x0000, 0x0000, 0x0000, 0x0000, 0x0000, 0x0000, 0x0000,
    0x0000, 0x0000, 0x0000, 0x0000, 0x0000, 0x0000, 0x0000, 0x0000, 0x0000, 0x0000, 0x0000, 0x0000, 0x0000, 0xAD55, 0xE6FC, 0xE6FC,
    0xE6FC, 0xE6FC, 0xE6FC, 0xE6FC, 0xE6FC, 0xE6FC, 0xE6FC, 0xE6FC, 0xE6FC, 0x0000, 0x0000, 0x0000, 0x0000, 0x0000, 0x0000, 0x0000,
    0x0000, 0x0000, 0x2965, 0xE6FC, 0xE6FC, 0xE6FC, 0xE6FC, 0xE6FC, 0xE6FC, 0xE6FC, 0xE6FC, 0xE6FC, 0xE6FC, 0xE6FC, 0xD659, 0x0000,
    0x0000, 0x0000, 0x0000, 0x0000, 0x0000, 0x0000, 0x0000, 0x0000, 0x0000, 0x0000, 0x0000, 0x0000, 0x0000, 0x0000, 0x0000, 0x0000,
    0x0000, 0x0000, 0x0000, 0x0000, 0x0000, 0x0000, 0x0000, 0x0000, 0x0000, 0x0000, 0x0000, 0x0000, 0x0000, 0x0000, 0x0000, 0x9CD3,
    0xE6FC, 0xE6FC, 0xE6FC, 0xE6FC, 0xE6FC, 0xE6FC, 0xE6FC, 0xE6FC, 0xE6FC, 0xE6FC, 0xE6FC, 0xAD55, 0x0000, 0x4A49, 0xE6FC, 0xE6FC,
    0xE6FC, 0xE6FC, 0xE6FC, 0xE6FC, 0xE6FC, 0xE6FC, 0xE6FC, 0xE6FC, 0xE6FC, 0xE6FC, 0x8C51, 0x0000, 0x0000, 0x0000, 0x0000, 0x0000,
    0x0000, 0x0000, 0x0000, 0x0000, 0x0000, 0x0000, 0x0000, 0x0000, 0x0000, 0x0000, 0x0000, 0x0000, 0x0000, 0x0000, 0x0000, 0x0000,
    0x0000, 0x0000, 0x0000, 0x0000, 0x4A49, 0xE6FC, 0xE6FC, 0xE6FC, 0xE6FC, 0xE6FC, 0xE6FC, 0xE6FC, 0xE6FC, 0xE6FC, 0xE6FC, 0xE6FC,
    0xAD55, 0x0000, 0x0000, 0x0000, 0x0000, 0x0000, 0x6B4D, 0xE6FC, 0xE6FC, 0xE6FC, 0xE6FC, 0xE6FC, 0xE6FC, 0xE6FC, 0xE6FC, 0xE6FC,
    0xE6FC, 0xE6FC, 0xE6FC, 0xE6FC, 0xE6FC, 0xE6FC, 0xE6FC, 0xE6FC, 0xE6FC, 0xE6FC, 0xE6FC, 0xE6FC, 0xE6FC, 0xE6FC, 0xE6FC, 0xE6FC,
    0xE6FC, 0xE6FC, 0xE6FC, 0xE6FC, 0xE6FC, 0xE6FC, 0xE6FC, 0xE6FC, 0xE6FC, 0xE6FC, 0xE6FC, 0xAD55, 0x0000, 0x0000, 0x0000, 0x0000,
    0x0000, 0x0000, 0x0000, 0x0000, 0x0000, 0xE6FC, 0xE6FC, 0xE6FC, 0xE6FC, 0xE6FC, 0xE6FC, 0xE6FC, 0xE6FC, 0xE6FC, 0xE6FC, 0xE6FC,
    0xE6FC, 0x0000, 0x0000, 0x0000, 0x0000, 0x0000, 0x0000, 0x0000, 0x0000, 0x0000, 0x0000, 0x0000, 0x0000, 0x0000, 0x0000, 0x0000,
    0x0000, 0x0000, 0x0000, 0x0000, 0x0000, 0x0000, 0x0000, 0x0000, 0x0000, 0x0000, 0x0000, 0x0000, 0x0000, 0x0000, 0x0000, 0xAD55,
    0xE6FC, 0xE6FC, 0xE6FC, 0xE6FC, 0xE6FC, 0xE6FC, 0xE6FC, 0xE6FC, 0xE6FC, 0xE6FC, 0xE6FC, 0x2965, 0x0000, 0x0000, 0x0000, 0x0000,
    0x0000, 0x0000, 0x0000, 0x0000, 0x0000, 0x0000, 0x0000, 0x0000, 0x0000, 0x0000, 0x0000, 0x0000, 0x0000, 0x0000, 0x0000, 0x0000,
    0x0000, 0x0000, 0x0000, 0x0000, 0x0000, 0x0000, 0x0000, 0x0000, 0xAD55, 0xE6FC, 0xE6FC, 0xE6FC, 0xE6FC, 0xE6FC, 0xE6FC, 0xE6FC,
    0xE6FC, 0xE6FC, 0xE6FC, 0xE6FC, 0x0000, 0x0000, 0x0000, 0x0000, 0x0000, 0x0000, 0x0000, 0x0000, 0x0000, 0x0000, 0x0000, 0x0000,
    0x0000, 0x0000, 0x0000, 0x0000, 0x0000, 0x0000, 0x0000, 0x0000, 0x0000, 0xAD55, 0xE6FC, 0xE6FC, 0xE6FC, 0xE6FC, 0xE6FC, 0xE6FC,
    0xE6FC, 0xE6FC, 0xE6FC, 0xE6FC, 0xE6FC, 0x0000, 0x0000, 0x0000, 0x0000, 0x0000, 0x0000, 0x0000, 0x0000, 0x0000, 0x2965, 0xE6FC,
    0xE6FC, 0xE6FC, 0xE6FC, 0xE6FC, 0xE6FC, 0xE6FC, 0xE6FC, 0xE6FC, 0xE6FC, 0xE6FC, 0xE6FC, 0x9CD3, 0x0000, 0x0000, 0x0000, 0x0000,
    0x0000, 0x0000, 0x0000, 0x0000, 0x0000, 0x0000, 0x0000, 0x0000, 0x0000, 0x0000, 0x0000, 0x0000, 0x0000, 0x0000, 0x0000, 0x0000,
    0x0000, 0x0000, 0x0000, 0x0000, 0x0000, 0x0000, 0x0000, 0x0000, 0x0000, 0x0000, 0x2965, 0xE6FC, 0xE6FC, 0xE6FC, 0xE6FC, 0xE6FC,
    0xE6FC, 0xE6FC, 0xE6FC, 0xE6FC, 0xE6FC, 0xE6FC, 0xE6FC, 0xAD55, 0x0000, 0x0000, 0xD659, 0xE6FC, 0xE6FC, 0xE6FC, 0xE6FC, 0xE6FC,
    0xE6FC, 0xE6FC, 0xE6FC, 0xE6FC, 0xE6FC, 0xE6FC, 0xE6FC, 0x2965, 0x0000, 0x0000, 0x0000, 0x0000, 0x0000, 0x0000, 0x0000, 0x0000,
    0x0000, 0x0000, 0x0000, 0x0000, 0x0000, 0x0000, 0x0000, 0x0000, 0x0000, 0x0000, 0x0000, 0x0000, 0x0000, 0x0000, 0x0000, 0x0000,
    0xD659, 0xE6FC, 0xE6FC, 0xE6FC, 0xE6FC, 0xE6FC, 0xE6FC, 0xE6FC, 0xE6FC, 0xE6FC, 0xE6FC, 0xE6FC, 0x4A49, 0x0000, 0x0000, 0x0000,
    0x0000, 0x0000, 0x6B4D, 0xE6FC, 0xE6FC, 0xE6FC, 0xE6FC, 0xE6FC, 0xE6FC, 0xE6FC, 0xE6FC, 0xE6FC, 0xE6FC, 0xE6FC, 0xE6FC, 0xE6FC,
    0xE6FC, 0xE6FC, 0xE6FC, 0xE6FC, 0xE6FC, 0xE6FC, 0xE6FC, 0xE6FC, 0xE6FC, 0xE6FC, 0xE6FC, 0xE6FC, 0xE6FC, 0xE6FC, 0xE6FC, 0xE6FC,
    0xE6FC, 0xE6FC, 0xE6FC, 0xE6FC, 0xE6FC, 0xE6FC, 0xE6FC, 0xAD55, 0x0000, 0x0000, 0x0000, 0x0000, 0x0000, 0x0000, 0x0000, 0x0000,
    0x0000, 0xE6FC, 0xE6FC, 0xE6FC, 0xE6FC, 0xE6FC, 0xE6FC, 0xE6FC, 0xE6FC, 0xE6FC, 0xE6FC, 0xE6FC, 0xE6FC, 0x0000, 0x0000, 0x0000,
    0x0000, 0x0000, 0x0000, 0x0000, 0x0000, 0x0000, 0x0000, 0x0000, 0x0000, 0x0000, 0x0000, 0x0000, 0x0000, 0x0000, 0x0000, 0x0000,
    0x0000, 0x0000, 0x0000, 0x0000, 0x0000, 0x0000, 0x0000, 0x0000, 0x0000, 0x0000, 0x0000, 0xAD55, 0xE6FC, 0xE6FC, 0xE6FC, 0xE6FC,
    0xE6FC, 0xE6FC, 0xE6FC, 0xE6FC, 0xE6FC, 0xE6FC, 0xE6FC, 0x2965, 0x0000, 0x0000, 0x0000, 0x0000, 0x0000, 0x0000, 0x0000, 0x0000,
    0x0000, 0x0000, 0x0000, 0x0000, 0x0000, 0x0000, 0x0000, 0x0000, 0x0000, 0x0000, 0x0000, 0x0000, 0x0000, 0x0000, 0x0000, 0x0000,
    0x0000, 0x0000, 0x0000, 0x0000, 0xAD55, 0xE6FC, 0xE6FC, 0xE6FC, 0xE6FC, 0xE6FC, 0xE6FC, 0xE6FC, 0xE6FC, 0xE6FC, 0xE6FC, 0xE6FC,
    0x0000, 0x0000, 0x0000, 0x0000, 0x0000, 0x0000, 0x0000, 0x0000, 0x0000, 0x0000, 0x0000, 0x0000, 0x0000, 0x0000, 0x0000, 0x0000,
    0x0000, 0x0000, 0x0000, 0x0000, 0x0000, 0xAD55, 0xE6FC, 0xE6FC, 0xE6FC, 0xE6FC, 0xE6FC, 0xE6FC, 0xE6FC, 0xE6FC, 0xE6FC, 0xE6FC,
    0xE6FC, 0x0000, 0x0000, 0x0000, 0x0000, 0x0000, 0x0000, 0x0000, 0x0000, 0x0000, 0x2965, 0xE6FC, 0xE6FC, 0xE6FC, 0xE6FC, 0xE6FC,
    0xE6FC, 0xE6FC, 0xE6FC, 0xE6FC, 0xE6FC, 0xE6FC, 0xE6FC, 0xE6FC, 0x2965, 0x0000, 0x0000, 0x0000, 0x0000, 0x0000, 0x0000, 0x0000,
    0x0000, 0x0000, 0x0000, 0x0000, 0x0000, 0x0000, 0x0000, 0x0000, 0x0000, 0x0000, 0x0000, 0x0000, 0x0000, 0x0000, 0x0000, 0x0000,
    0x0000, 0x0000, 0x0000, 0x0000, 0x0000, 0x0000, 0xD659, 0xE6FC, 0xE6FC, 0xE6FC, 0xE6FC, 0xE6FC, 0xE6FC, 0xE6FC, 0xE6FC, 0xE6FC,
    0xE6FC, 0xE6FC, 0xE6FC, 0xAD55, 0x0000, 0x0000, 0x6B4D, 0xE6FC, 0xE6FC, 0xE6FC, 0xE6FC, 0xE6FC, 0xE6FC, 0xE6FC, 0xE6FC, 0xE6FC,
    0xE6FC, 0xE6FC, 0xE6FC, 0x6B4D, 0x0000, 0x0000, 0x0000, 0x0000, 0x0000, 0x0000, 0x0000, 0x0000, 0x0000, 0x0000, 0x0000, 0x0000,
    0x0000, 0x0000, 0x0000, 0x0000, 0x0000, 0x0000, 0x0000, 0x0000, 0x0000, 0x0000, 0x0000, 0x2965, 0xE6FC, 0xE6FC, 0xE6FC, 0xE6FC,
    0xE6FC, 0xE6FC, 0xE6FC, 0xE6FC, 0xE6FC, 0xE6FC, 0xE6FC, 0xD659, 0x0000, 0x0000, 0x0000, 0x0000, 0x0000, 0x0000, 0x6B4D, 0xE6FC,
    0xE6FC, 0xE6FC, 0xE6FC, 0xE6FC, 0xE6FC, 0xE6FC, 0xE6FC, 0xE6FC, 0xE6FC, 0xE6FC, 0xE6FC, 0xE6FC, 0xE6FC, 0xE6FC, 0xE6FC, 0xE6FC,
    0xE6FC, 0xE6FC, 0xE6FC, 0xE6FC, 0xE6FC, 0xE6FC, 0xE6FC, 0xE6FC, 0xE6FC, 0xE6FC, 0xE6FC, 0xE6FC, 0xE6FC, 0xE6FC, 0xE6FC, 0xE6FC,
    0xE6FC, 0xE6FC, 0xE6FC, 0xAD55, 0x0000, 0x0000, 0x0000, 0x0000, 0x0000, 0x0000, 0x0000, 0x0000, 0x0000, 0xE6FC, 0xE6FC, 0xE6FC,
    0xE6FC, 0xE6FC, 0xE6FC, 0xE6FC, 0xE6FC, 0xE6FC, 0xE6FC, 0xE6FC, 0xE6FC, 0x0000, 0x0000, 0x0000, 0x0000, 0x0000, 0x0000, 0x0000,
    0x0000, 0x0000, 0x0000, 0x0000, 0x0000, 0x0000, 0x0000, 0x0000, 0x0000, 0x0000, 0x0000, 0x0000, 0x0000, 0x0000, 0x0000, 0x0000,
    0x0000, 0x0000, 0x0000, 0x0000, 0x0000, 0x0000, 0x0000, 0xAD55, 0xE6FC, 0xE6FC, 0xE6FC, 0xE6FC, 0xE6FC, 0xE6FC, 0xE6FC, 0xE6FC,
    0xE6FC, 0xE6FC, 0xE6FC, 0x2965, 0x0000, 0x0000, 0x0000, 0x0000, 0x0000, 0x0000, 0x0000, 0x0000, 0x0000, 0x0000, 0x0000, 0x0000,
    0x0000, 0x0000, 0x0000, 0x0000, 0x0000, 0x0000, 0x0000, 0x0000, 0x0000, 0x0000, 0x0000, 0x0000, 0x0000, 0x0000, 0x0000, 0x0000,
    0xAD55, 0xE6FC, 0xE6FC, 0xE6FC, 0xE6FC, 0xE6FC, 0xE6FC, 0xE6FC, 0xE6FC, 0xE6FC, 0xE6FC, 0xE6FC, 0x0000, 0x0000, 0x0000, 0x0000,
    0x0000, 0x0000, 0x0000, 0x0000, 0x0000, 0x0000, 0x0000, 0x0000, 0x0000, 0x0000, 0x0000, 0x0000, 0x0000, 0x0000, 0x0000, 0x0000,
    0x0000, 0xAD55, 0xE6FC, 0xE6FC, 0xE6FC, 0xE6FC, 0xE6FC, 0xE6FC, 0xE6FC, 0xE6FC, 0xE6FC, 0xE6FC, 0xE6FC, 0x0000, 0x0000, 0x0000,
    0x0000, 0x0000, 0x0000, 0x0000, 0x0000, 0x0000, 0x2965, 0xE6FC, 0xE6FC, 0xE6FC, 0xE6FC, 0xE6FC, 0xE6FC, 0xE6FC, 0xE6FC, 0xE6FC,
    0xE6FC, 0xE6FC, 0xE6FC, 0xE6FC, 0xD659, 0x0000, 0x0000, 0x0000, 0x0000, 0x0000, 0x0000, 0x0000, 0x0000, 0x0000, 0x0000, 0x0000,
    0x0000, 0x0000, 0x0000, 0x0000, 0x0000, 0x0000, 0x0000, 0x0000, 0x0000, 0x0000, 0x0000, 0x0000, 0x0000, 0x0000, 0x0000, 0x0000,
    0x0000, 0x6B4D, 0xE6FC, 0xE6FC, 0xE6FC, 0xE6FC, 0xE6FC, 0xE6FC, 0xE6FC, 0xE6FC, 0xE6FC, 0xE6FC, 0xE6FC, 0xE6FC, 0xE6FC, 0xAD55,
    0x0000, 0x0000, 0x0000, 0xE6FC, 0xE6FC, 0xE6FC, 0xE6FC, 0xE6FC, 0xE6FC, 0xE6FC, 0xE6FC, 0xE6FC, 0xE6FC, 0xE6FC, 0xE6FC, 0xD659,
    0x0000, 0x0000, 0x0000, 0x0000, 0x0000, 0x0000, 0x0000, 0x0000, 0x0000, 0x0000, 0x0000, 0x0000, 0x0000, 0x0000, 0x0000, 0x0000,
    0x0000, 0x0000, 0x0000, 0x0000, 0x0000, 0x0000, 0x0000, 0xAD55, 0xE6FC, 0xE6FC, 0xE6FC, 0xE6FC, 0xE6FC, 0xE6FC, 0xE6FC, 0xE6FC,
    0xE6FC, 0xE6FC, 0xE6FC, 0x4A49, 0x0000, 0x0000, 0x0000, 0x0000, 0x0000, 0x0000, 0x6B4D, 0xE6FC, 0xE6FC, 0xE6FC, 0xE6FC, 0xE6FC,
    0xE6FC, 0xE6FC, 0xE6FC, 0xE6FC, 0xE6FC, 0xE6FC, 0xE6FC, 0xE6FC, 0xE6FC, 0xE6FC, 0xE6FC, 0xE6FC, 0xE6FC, 0xE6FC, 0xE6FC, 0xE6FC,
    0xE6FC, 0xE6FC, 0xE6FC, 0xE6FC, 0xE6FC, 0xE6FC, 0xE6FC, 0xE6FC, 0xE6FC, 0xE6FC, 0xE6FC, 0xE6FC, 0xE6FC, 0xE6FC, 0xE6FC, 0xAD55,
    0x0000, 0x0000, 0x0000, 0x0000, 0x0000, 0x0000, 0x0000, 0x0000, 0x0000, 0xE6FC, 0xE6FC, 0xE6FC, 0xE6FC, 0xE6FC, 0xE6FC, 0xE6FC,
    0xE6FC, 0xE6FC, 0xE6FC, 0xE6FC, 0xE6FC, 0x0000, 0x0000, 0x0000, 0x0000, 0x0000, 0x0000, 0x0000, 0x0000, 0x0000, 0x0000, 0x0000,
    0x0000, 0x0000, 0x0000, 0x0000, 0x0000, 0x0000, 0x0000, 0x0000, 0x0000, 0x0000, 0x0000, 0x0000, 0x0000, 0x0000, 0x0000, 0x0000,
    0x0000, 0x0000, 0x0000, 0xAD55, 0xE6FC, 0xE6FC, 0xE6FC, 0xE6FC, 0xE6FC, 0xE6FC, 0xE6FC, 0xE6FC, 0xE6FC, 0xE6FC, 0xE6FC, 0x2965,
    0x0000, 0x0000, 0x0000, 0x0000, 0x0000, 0x0000, 0x0000, 0x0000, 0x0000, 0x0000, 0x0000, 0x0000, 0x0000, 0x0000, 0x0000, 0x0000,
    0x0000, 0x0000, 0x0000, 0x0000, 0x0000, 0x0000, 0x0000, 0x0000, 0x0000, 0x0000, 0x0000, 0x0000, 0xAD55, 0xE6FC, 0xE6FC, 0xE6FC,
    0xE6FC, 0xE6FC, 0xE6FC, 0xE6FC, 0xE6FC, 0xE6FC, 0xE6FC, 0xE6FC, 0x0000, 0x0000, 0x0000, 0x0000, 0x0000, 0x0000, 0x0000, 0x0000,
    0x0000, 0x0000, 0x0000, 0x0000, 0x0000, 0x0000, 0x0000, 0x0000, 0x0000, 0x0000, 0x0000, 0x0000, 0x0000, 0xAD55, 0xE6FC, 0xE6FC,
    0xE6FC, 0xE6FC, 0xE6FC, 0xE6FC, 0xE6FC, 0xE6FC, 0xE6FC, 0xE6FC, 0xE6FC, 0x0000, 0x0000, 0x0000, 0x0000, 0x0000, 0x0000, 0x0000,
    0x0000, 0x0000, 0x2965, 0xE6FC, 0xE6FC, 0xE6FC, 0xE6FC, 0xE6FC, 0xE6FC, 0xE6FC, 0xE6FC, 0xE6FC, 0xE6FC, 0xE6FC, 0xE6FC, 0xE6FC,
    0xE6FC, 0x7BEF, 0x0000, 0x0000, 0x0000, 0x0000, 0x0000, 0x0000, 0x0000, 0x0000, 0x0000, 0x0000, 0x0000, 0x0000, 0x0000, 0x0000,
    0x0000, 0x0000, 0x0000, 0x0000, 0x0000, 0x0000, 0x0000, 0x0000, 0x0000, 0x0000, 0x0000, 0x0000, 0x2965, 0xE6FC, 0xE6FC, 0xE6FC,
    0xE6FC, 0xE6FC, 0xE6FC, 0xE6FC, 0xE6FC, 0xE6FC, 0xE6FC, 0xE6FC, 0xE6FC, 0xE6FC, 0xE6FC, 0xAD55, 0x0000, 0x0000, 0x0000, 0x8C51,
    0xE6FC, 0xE6FC, 0xE6FC, 0xE6FC, 0xE6FC, 0xE6FC, 0xE6FC, 0xE6FC, 0xE6FC, 0xE6FC, 0xE6FC, 0xE6FC, 0x4A49, 0x0000, 0x0000, 0x0000,
    0x0000, 0x0000, 0x0000, 0x0000, 0x0000, 0x0000, 0x0000, 0x0000, 0x0000, 0x0000, 0x0000, 0x0000, 0x0000, 0x0000, 0x0000, 0x0000,
    0x0000, 0x0000, 0x2965, 0xE6FC, 0xE6FC, 0xE6FC, 0xE6FC, 0xE6FC, 0xE6FC, 0xE6FC, 0xE6FC, 0xE6FC, 0xE6FC, 0xE6FC, 0xD659, 0x0000,
    0x0000, 0x0000, 0x0000, 0x0000, 0x0000, 0x0000, 0x6B4D, 0xE6FC, 0xE6FC, 0xE6FC, 0xE6FC, 0xE6FC, 0xE6FC, 0xE6FC, 0xE6FC, 0xE6FC,
    0xE6FC, 0xE6FC, 0xE6FC, 0xE6FC, 0xE6FC, 0xE6FC, 0xE6FC, 0xE6FC, 0xE6FC, 0xE6FC, 0xE6FC, 0xE6FC, 0xE6FC, 0xE6FC, 0xE6FC, 0xE6FC,
    0xE6FC, 0xE6FC, 0xE6FC, 0xE6FC, 0xE6FC, 0xE6FC, 0xE6FC, 0xE6FC, 0xE6FC, 0xE6FC, 0xE6FC, 0xAD55, 0x0000, 0x0000, 0x0000, 0x0000,
    0x0000, 0x0000, 0x0000, 0x0000, 0x0000, 0xE6FC, 0xE6FC, 0xE6FC, 0xE6FC, 0xE6FC, 0xE6FC, 0xE6FC, 0xE6FC, 0xE6FC, 0xE6FC, 0xE6FC,
    0xE6FC, 0x0000, 0x0000, 0x0000, 0x0000, 0x0000, 0x0000, 0x0000, 0x0000, 0x0000, 0x0000, 0x0000, 0x0000, 0x0000, 0x0000, 0x0000,
    0x0000, 0x0000, 0x0000, 0x0000, 0x0000, 0x0000, 0x0000, 0x0000, 0x0000, 0x0000, 0x0000, 0x0000, 0x0000, 0x0000, 0x0000, 0xAD55,
    0xE6FC, 0xE6FC, 0xE6FC, 0xE6FC, 0xE6FC, 0xE6FC, 0xE6FC, 0xE6FC, 0xE6FC, 0xE6FC, 0xE6FC, 0x2965, 0x0000, 0x0000, 0x0000, 0x0000,
    0x0000, 0x0000, 0x0000, 0x0000, 0x0000, 0x0000, 0x0000, 0x0000, 0x0000, 0x0000, 0x0000, 0x0000, 0x0000, 0x0000, 0x0000, 0x0000,
    0x0000, 0x0000, 0x0000, 0x0000, 0x0000, 0x0000, 0x0000, 0x0000, 0xAD55, 0xE6FC, 0xE6FC, 0xE6FC, 0xE6FC, 0xE6FC, 0xE6FC, 0xE6FC,
    0xE6FC, 0xE6FC, 0xE6FC, 0xE6FC, 0x0000, 0x0000, 0x0000, 0x0000, 0x0000, 0x0000, 0x0000, 0x0000, 0x0000, 0x0000, 0x0000, 0x0000,
    0x0000, 0x0000, 0x0000, 0x0000, 0x0000, 0x0000, 0x0000, 0x0000, 0x0000, 0xAD55, 0xE6FC, 0xE6FC, 0xE6FC, 0xE6FC, 0xE6FC, 0xE6FC,
    0xE6FC, 0xE6FC, 0xE6FC, 0xE6FC, 0xE6FC, 0x0000, 0x0000, 0x0000, 0x0000, 0x0000, 0x0000, 0x0000, 0x0000, 0x0000, 0x2965, 0xE6FC,
    0xE6FC, 0xE6FC, 0xE6FC, 0xE6FC, 0xE6FC, 0xE6FC, 0xE6FC, 0xE6FC, 0xE6FC, 0xE6FC, 0xE6FC, 0xE6FC, 0xE6FC, 0xE6FC, 0x2965, 0x0000,
    0x0000, 0x0000, 0x0000, 0x0000, 0x0000, 0x0000, 0x0000, 0x0000, 0x0000, 0x0000, 0x0000, 0x0000, 0x0000, 0x0000, 0x0000, 0x0000,
    0x0000, 0x0000, 0x0000, 0x0000, 0x0000, 0x0000, 0x0000, 0x0000, 0xAD55, 0xE6FC, 0xE6FC, 0xE6FC, 0xE6FC, 0xE6FC, 0xE6FC, 0xE6FC,
    0xE6FC, 0xE6FC, 0xE6FC, 0xE6FC, 0xE6FC, 0xE6FC, 0xE6FC, 0xAD55, 0x0000, 0x0000, 0x0000, 0x2965, 0xE6FC, 0xE6FC, 0xE6FC, 0xE6FC,
    0xE6FC, 0xE6FC, 0xE6FC, 0xE6FC, 0xE6FC, 0xE6FC, 0xE6FC, 0xE6FC, 0xD659, 0x0000, 0x0000, 0x0000, 0x0000, 0x0000, 0x0000, 0x0000,
    0x0000, 0x0000, 0x0000, 0x0000, 0x0000, 0x0000, 0x0000, 0x0000, 0x0000, 0x0000, 0x0000, 0x0000, 0x0000, 0x0000, 0x8C51, 0xE6FC,
    0xE6FC, 0xE6FC, 0xE6FC, 0xE6FC, 0xE6FC, 0xE6FC, 0xE6FC, 0xE6FC, 0xE6FC, 0xE6FC, 0x6B4D, 0x0000, 0x0000, 0x0000, 0x0000, 0x0000,
    0x0000, 0x0000, 0x6B4D, 0xE6FC, 0xE6FC, 0xE6FC, 0xE6FC, 0xE6FC, 0xE6FC, 0xE6FC, 0xE6FC, 0xE6FC, 0xE6FC, 0xE6FC, 0xE6FC, 0xE6FC,
    0xE6FC, 0xE6FC, 0xE6FC, 0xE6FC, 0xE6FC, 0xE6FC, 0xE6FC, 0xE6FC, 0xE6FC, 0xE6FC, 0xE6FC, 0xE6FC, 0xE6FC, 0xE6FC, 0xE6FC, 0xE6FC,
    0xE6FC, 0xE6FC, 0xE6FC, 0xE6FC, 0xE6FC, 0xE6FC, 0xE6FC, 0xAD55, 0x0000, 0x0000, 0x0000, 0x0000, 0x0000, 0x0000, 0x0000, 0x0000,
    0x0000, 0xE6FC, 0xE6FC, 0xE6FC, 0xE6FC, 0xE6FC, 0xE6FC, 0xE6FC, 0xE6FC, 0xE6FC, 0xE6FC, 0xE6FC, 0xE6FC, 0x0000, 0x0000, 0x0000,
    0x0000, 0x0000, 0x0000, 0x0000, 0x0000, 0x0000, 0x0000, 0x0000, 0x0000, 0x0000, 0x0000, 0x0000, 0x0000, 0x0000, 0x0000, 0x0000,
    0x0000, 0x0000, 0x0000, 0x0000, 0x0000, 0x0000, 0x0000, 0x0000, 0x0000, 0x0000, 0x0000, 0xAD55, 0xE6FC, 0xE6FC, 0xE6FC, 0xE6FC,
    0xE6FC, 0xE6FC, 0xE6FC, 0xE6FC, 0xE6FC, 0xE6FC, 0xE6FC, 0x2965, 0x0000, 0x0000, 0x0000, 0x0000, 0x0000, 0x0000, 0x0000, 0x0000,
    0x0000, 0x0000, 0x0000, 0x0000, 0x0000, 0x0000, 0x0000, 0x0000, 0x0000, 0x0000, 0x0000, 0x0000, 0x0000, 0x0000, 0x0000, 0x0000,
    0x0000, 0x0000, 0x0000, 0x0000, 0xAD55, 0xE6FC, 0xE6FC, 0xE6FC, 0xE6FC, 0xE6FC, 0xE6FC, 0xE6FC, 0xE6FC, 0xE6FC, 0xE6FC, 0xE6FC,
    0x0000, 0x0000, 0x0000, 0x0000, 0x0000, 0x0000, 0x0000, 0x0000, 0x0000, 0x0000, 0x0000, 0x0000, 0x0000, 0x0000, 0x0000, 0x0000,
    0x0000, 0x0000, 0x0000, 0x0000, 0x0000, 0xAD55, 0xE6FC, 0xE6FC, 0xE6FC, 0xE6FC, 0xE6FC, 0xE6FC, 0xE6FC, 0xE6FC, 0xE6FC, 0xE6FC,
    0xE6FC, 0x0000, 0x0000, 0x0000, 0x0000, 0x0000, 0x0000, 0x0000, 0x0000, 0x0000, 0x2965, 0xE6FC, 0xE6FC, 0xE6FC, 0xE6FC, 0xE6FC,
    0xE6FC, 0xE6FC, 0xE6FC, 0xE6FC, 0xE6FC, 0xE6FC, 0xE6FC, 0xE6FC, 0xE6FC, 0xE6FC, 0xAD55, 0x0000, 0x0000, 0x0000, 0x0000, 0x0000,
    0x0000, 0x0000, 0x0000, 0x0000, 0x0000, 0x0000, 0x0000, 0x0000, 0x0000, 0x0000, 0x0000, 0x0000, 0x0000, 0x0000, 0x0000, 0x0000,
    0x0000, 0x0000, 0x0000, 0x4A49, 0xE6FC, 0xE6FC, 0xE6FC, 0xE6FC, 0xE6FC, 0xE6FC, 0xE6FC, 0xE6FC, 0xE6FC, 0xE6FC, 0xE6FC, 0xE6FC,
    0xE6FC, 0xE6FC, 0xE6FC, 0xAD55, 0x0000, 0x0000, 0x0000, 0x0000, 0x9CD3, 0xE6FC, 0xE6FC, 0xE6FC, 0xE6FC, 0xE6FC, 0xE6FC, 0xE6FC,
    0xE6FC, 0xE6FC, 0xE6FC, 0xE6FC, 0xE6FC, 0x4A49, 0x0000, 0x0000, 0x0000, 0x0000, 0x0000, 0x0000, 0x0000, 0x0000, 0x0000, 0x0000,
    0x0000, 0x0000, 0x0000, 0x0000, 0x0000, 0x0000, 0x0000, 0x0000, 0x0000, 0x2965, 0xE6FC, 0xE6FC, 0xE6FC, 0xE6FC, 0xE6FC, 0xE6FC,
    0xE6FC, 0xE6FC, 0xE6FC, 0xE6FC, 0xE6FC, 0xE6FC, 0x0000, 0x0000, 0x0000, 0x0000, 0x0000, 0x0000, 0x0000, 0x0000, 0x6B4D, 0xE6FC,
    0xE6FC, 0xE6FC, 0xE6FC, 0xE6FC, 0xE6FC, 0xE6FC, 0xE6FC, 0xE6FC, 0xE6FC, 0xE6FC, 0x6B4D, 0x2965, 0x2965, 0x2965, 0x2965, 0x2965,
    0x2965, 0x2965, 0x2965, 0x2965, 0x2965, 0x2965, 0x2965, 0x2965, 0x2965, 0x2965, 0x2965, 0x2965, 0x2965, 0x2965, 0x2965, 0x2965,
    0x2965, 0x2965, 0x2965, 0x2965, 0x0000, 0x0000, 0x0000, 0x0000, 0x0000, 0x0000, 0x0000, 0x0000, 0x0000, 0xE6FC, 0xE6FC, 0xE6FC,
    0xE6FC, 0xE6FC, 0xE6FC, 0xE6FC, 0xE6FC, 0xE6FC, 0xE6FC, 0xE6FC, 0xE6FC, 0x0000, 0x0000, 0x0000, 0x0000, 0x0000, 0x0000, 0x0000,
    0x0000, 0x0000, 0x0000, 0x0000, 0x0000, 0x0000, 0x0000, 0x0000, 0x0000, 0x0000, 0x0000, 0x0000, 0x0000, 0x0000, 0x0000, 0x0000,
    0x0000, 0x0000, 0x0000, 0x0000, 0x0000, 0x0000, 0x0000, 0xAD55, 0xE6FC, 0xE6FC, 0xE6FC, 0xE6FC, 0xE6FC, 0xE6FC, 0xE6FC, 0xE6FC,
    0xE6FC, 0xE6FC, 0xE6FC, 0x2965, 0x0000, 0x0000, 0x0000, 0x0000, 0x0000, 0x0000, 0x0000, 0x0000, 0x0000, 0x0000, 0x0000, 0x0000,
    0x0000, 0x0000, 0x0000, 0x0000, 0x0000, 0x0000, 0x0000, 0x0000, 0x0000, 0x0000, 0x0000, 0x0000, 0x0000, 0x0000, 0x0000, 0x0000,
    0xAD55, 0xE6FC, 0xE6FC, 0xE6FC, 0xE6FC, 0xE6FC, 0xE6FC, 0xE6FC, 0xE6FC, 0xE6FC, 0xE6FC, 0xE6FC, 0x0000, 0x0000, 0x0000, 0x0000,
    0x0000, 0x0000, 0x0000, 0x0000, 0x0000, 0x0000, 0x0000, 0x0000, 0x0000, 0x0000, 0x0000, 0x0000, 0x0000, 0x0000, 0x0000, 0x0000,
    0x0000, 0xAD55, 0xE6FC, 0xE6FC, 0xE6FC, 0xE6FC, 0xE6FC, 0xE6FC, 0xE6FC, 0xE6FC, 0xE6FC, 0xE6FC, 0xE6FC, 0x0000, 0x0000, 0x0000,
    0x0000, 0x0000, 0x0000, 0x0000, 0x0000, 0x0000, 0x2965, 0xE6FC, 0xE6FC, 0xE6FC, 0xE6FC, 0xE6FC, 0xE6FC, 0xE6FC, 0xE6FC, 0xE6FC,
    0xE6FC, 0xE6FC, 0xE6FC, 0xE6FC, 0xE6FC, 0xE6FC, 0xE6FC, 0x6B4D, 0x0000, 0x0000, 0x0000, 0x0000, 0x0000, 0x0000, 0x0000, 0x0000,
    0x0000, 0x0000, 0x0000, 0x0000, 0x0000, 0x0000, 0x0000, 0x0000, 0x0000, 0x0000, 0x0000, 0x0000, 0x0000, 0x0000, 0x0000, 0xD659,
    0xE6FC, 0xE6FC, 0xE6FC, 0xE6FC, 0xE6FC, 0xE6FC, 0xE6FC, 0xE6FC, 0xE6FC, 0xE6FC, 0xE6FC, 0xE6FC, 0xE6FC, 0xE6FC, 0xE6FC, 0xAD55,
    0x0000, 0x0000, 0x0000, 0x0000, 0x2965, 0xE6FC, 0xE6FC, 0xE6FC, 0xE6FC, 0xE6FC, 0xE6FC, 0xE6FC, 0xE6FC, 0xE6FC, 0xE6FC, 0xE6FC,
    0xE6FC, 0xAD55, 0x0000, 0x0000, 0x0000, 0x0000, 0x0000, 0x0000, 0x0000, 0x0000, 0x0000, 0x0000, 0x0000, 0x0000, 0x0000, 0x0000,
    0x0000, 0x0000, 0x0000, 0x0000, 0x0000, 0x8C51, 0xE6FC, 0xE6FC, 0xE6FC, 0xE6FC, 0xE6FC, 0xE6FC, 0xE6FC, 0xE6FC, 0xE6FC, 0xE6FC,
    0xE6FC, 0x8C51, 0x0000, 0x0000, 0x0000, 0x0000, 0x0000, 0x0000, 0x0000, 0x0000, 0x6B4D, 0xE6FC, 0xE6FC, 0xE6FC, 0xE6FC, 0xE6FC,
    0xE6FC, 0xE6FC, 0xE6FC, 0xE6FC, 0xE6FC, 0xE6FC, 0x2965, 0x0000, 0x0000, 0x0000, 0x0000, 0x0000, 0x0000, 0x0000, 0x0000, 0x0000,
    0x0000, 0x0000, 0x0000, 0x0000, 0x0000, 0x0000, 0x0000, 0x0000, 0x0000, 0x0000, 0x0000, 0x0000, 0x0000, 0x0000, 0x0000, 0x0000,
    0x0000, 0x0000, 0x0000, 0x0000, 0x0000, 0x0000, 0x0000, 0x0000, 0x0000, 0xE6FC, 0xE6FC, 0xE6FC, 0xE6FC, 0xE6FC, 0xE6FC, 0xE6FC,
    0xE6FC, 0xE6FC, 0xE6FC, 0xE6FC, 0xE6FC, 0x0000, 0x0000, 0x0000, 0x0000, 0x0000, 0x0000, 0x0000, 0x0000, 0x0000, 0x0000, 0x0000,
    0x0000, 0x0000, 0x0000, 0x0000, 0x0000, 0x0000, 0x0000, 0x0000, 0x0000, 0x0000, 0x0000, 0x0000, 0x0000, 0x0000, 0x0000, 0x0000,
    0x0000, 0x0000, 0x0000, 0xAD55, 0xE6FC, 0xE6FC, 0xE6FC, 0xE6FC, 0xE6FC, 0xE6FC, 0xE6FC, 0xE6FC, 0xE6FC, 0xE6FC, 0xE6FC, 0x2965,
    0x0000, 0x0000, 0x0000, 0x0000, 0x0000, 0x0000, 0x0000, 0x0000, 0x0000, 0x0000, 0x0000, 0x0000, 0x0000, 0x0000, 0x0000, 0x0000,
    0x0000, 0x0000, 0x0000, 0x0000, 0x0000, 0x0000, 0x0000, 0x0000, 0x0000, 0x0000, 0x0000, 0x0000, 0xAD55, 0xE6FC, 0xE6FC, 0xE6FC,
    0xE6FC, 0xE6FC, 0xE6FC, 0xE6FC, 0xE6FC, 0xE6FC, 0xE6FC, 0xE6FC, 0x0000, 0x0000, 0x0000, 0x0000, 0x0000, 0x0000, 0x0000, 0x0000,
    0x0000, 0x0000, 0x0000, 0x0000, 0x0000, 0x0000, 0x0000, 0x0000, 0x0000, 0x0000, 0x0000, 0x0000, 0x0000, 0xAD55, 0xE6FC, 0xE6FC,
    0xE6FC, 0xE6FC, 0xE6FC, 0xE6FC, 0xE6FC, 0xE6FC, 0xE6FC, 0xE6FC, 0xE6FC, 0x0000, 0x0000, 0x0000, 0x0000, 0x0000, 0x0000, 0x0000,
    0x0000, 0x0000, 0x2965, 0xE6FC, 0xE6FC, 0xE6FC, 0xE6FC, 0xE6FC, 0xE6FC, 0xE6FC, 0xE6FC, 0xE6FC, 0xE6FC, 0xE6FC, 0xE6FC, 0xE6FC,
    0xE6FC, 0xE6FC, 0xE6FC, 0xD659, 0x2965, 0x0000, 0x0000, 0x0000, 0x0000, 0x0000, 0x0000, 0x0000, 0x0000, 0x0000, 0x0000, 0x0000,
    0x0000, 0x0000, 0x0000, 0x0000, 0x0000, 0x0000, 0x0000, 0x0000, 0x0000, 0x0000, 0x8C51, 0xE6FC, 0xE6FC, 0xE6FC, 0xE6FC, 0xE6FC,
    0xE6FC, 0xE6FC, 0xE6FC, 0xE6FC, 0xE6FC, 0xE6FC, 0xE6FC, 0xE6FC, 0xE6FC, 0xE6FC, 0xE6FC, 0xAD55, 0x0000, 0x0000, 0x0000, 0x0000,
    0x0000, 0xAD55, 0xE6FC, 0xE6FC, 0xE6FC, 0xE6FC, 0xE6FC, 0xE6FC, 0xE6FC, 0xE6FC, 0xE6FC, 0xE6FC, 0xE6FC, 0xE6FC, 0x2965, 0x0000,
    0x0000, 0x0000, 0x0000, 0x0000, 0x0000, 0x0000, 0x0000, 0x0000, 0x0000, 0x0000, 0x0000, 0x0000, 0x0000, 0x0000, 0x0000, 0x0000,
    0x0000, 0xD659, 0xE6FC, 0xE6FC, 0xE6FC, 0xE6FC, 0xE6FC, 0xE6FC, 0xE6FC, 0xE6FC, 0xE6FC, 0xE6FC, 0xE6FC, 0x2965, 0x0000, 0x0000,
    0x0000, 0x0000, 0x0000, 0x0000, 0x0000, 0x0000, 0x6B4D, 0xE6FC, 0xE6FC, 0xE6FC, 0xE6FC, 0xE6FC, 0xE6FC, 0xE6FC, 0xE6FC, 0xE6FC,
    0xE6FC, 0xE6FC, 0x2965, 0x0000, 0x0000, 0x0000, 0x0000, 0x0000, 0x0000, 0x0000, 0x0000, 0x0000, 0x0000, 0x0000, 0x0000, 0x0000,
    0x0000, 0x0000, 0x0000, 0x0000, 0x0000, 0x0000, 0x0000, 0x0000, 0x0000, 0x0000, 0x0000, 0x0000, 0x0000, 0x0000, 0x0000, 0x0000,
    0x0000, 0x0000, 0x0000, 0x0000, 0x0000, 0xE6FC, 0xE6FC, 0xE6FC, 0xE6FC, 0xE6FC, 0xE6FC, 0xE6FC, 0xE6FC, 0xE6FC, 0xE6FC, 0xE6FC,
    0xE6FC, 0x0000, 0x0000, 0x0000, 0x0000, 0x0000, 0x0000, 0x0000, 0x0000, 0x0000, 0x0000, 0x0000, 0x0000, 0x0000, 0x0000, 0x0000,
    0x0000, 0x0000, 0x0000, 0x0000, 0x0000, 0x0000, 0x0000, 0x0000, 0x0000, 0x0000, 0x0000, 0x0000, 0x0000, 0x0000, 0x0000, 0xAD55,
    0xE6FC, 0xE6FC, 0xE6FC, 0xE6FC, 0xE6FC, 0xE6FC, 0xE6FC, 0xE6FC, 0xE6FC, 0xE6FC, 0xE6FC, 0x2965, 0x0000, 0x0000, 0x0000, 0x0000,
    0x0000, 0x0000, 0x0000, 0x0000, 0x0000, 0x0000, 0x0000, 0x0000, 0x0000, 0x0000, 0x0000, 0x0000, 0x0000, 0x0000, 0x0000, 0x0000,
    0x0000, 0x0000, 0x0000, 0x0000, 0x0000, 0x0000, 0x0000, 0x0000, 0xAD55, 0xE6FC, 0xE6FC, 0xE6FC, 0xE6FC, 0xE6FC, 0xE6FC, 0xE6FC,
    0xE6FC, 0xE6FC, 0xE6FC, 0xE6FC, 0x0000, 0x0000, 0x0000, 0x0000, 0x0000, 0x0000, 0x0000, 0x0000, 0x0000, 0x0000, 0x0000, 0x0000,
    0x0000, 0x0000, 0x0000, 0x0000, 0x0000, 0x0000, 0x0000, 0x0000, 0x0000, 0xAD55, 0xE6FC, 0xE6FC, 0xE6FC, 0xE6FC, 0xE6FC, 0xE6FC,
    0xE6FC, 0xE6FC, 0xE6FC, 0xE6FC, 0xE6FC, 0x0000, 0x0000, 0x0000, 0x0000, 0x0000, 0x0000, 0x0000, 0x0000, 0x0000, 0x2965, 0xE6FC,
    0xE6FC, 0xE6FC, 0xE6FC, 0xE6FC, 0xE6FC, 0xE6FC, 0xE6FC, 0xE6FC, 0xE6FC, 0xE6FC, 0xE6FC, 0xE6FC, 0xE6FC, 0xE6FC, 0xE6FC, 0xE6FC,
    0xAD55, 0x0000, 0x0000, 0x0000, 0x0000, 0x0000, 0x0000, 0x0000, 0x0000, 0x0000, 0x0000, 0x0000, 0x0000, 0x0000, 0x0000, 0x0000,
    0x0000, 0x0000, 0x0000, 0x0000, 0x0000, 0x2965, 0xE6FC, 0xE6FC, 0xE6FC, 0xE6FC, 0xE6FC, 0xE6FC, 0xE6FC, 0xE6FC, 0xE6FC, 0xE6FC,
    0xE6FC, 0xE6FC, 0xE6FC, 0xE6FC, 0xE6FC, 0xE6FC, 0xE6FC, 0xAD55, 0x0000, 0x0000, 0x0000, 0x0000, 0x0000, 0x4A49, 0xE6FC, 0xE6FC,
    0xE6FC, 0xE6FC, 0xE6FC, 0xE6FC, 0xE6FC, 0xE6FC, 0xE6FC, 0xE6FC, 0xE6FC, 0xE6FC, 0x8C51, 0x0000, 0x0000, 0x0000, 0x0000, 0x0000,
    0x0000, 0x0000, 0x0000, 0x0000, 0x0000, 0x0000, 0x0000, 0x0000, 0x0000, 0x0000, 0x0000, 0x0000, 0x6B4D, 0xE6FC, 0xE6FC, 0xE6FC,
    0xE6FC, 0xE6FC, 0xE6FC, 0xE6FC, 0xE6FC, 0xE6FC, 0xE6FC, 0xE6FC, 0xAD55, 0x0000, 0x0000, 0x0000, 0x0000, 0x0000, 0x0000, 0x0000,
    0x0000, 0x0000, 0x6B4D, 0xE6FC, 0xE6FC, 0xE6FC, 0xE6FC, 0xE6FC, 0xE6FC, 0xE6FC, 0xE6FC, 0xE6FC, 0xE6FC, 0xE6FC, 0x2965, 0x0000,
    0x0000, 0x0000, 0x0000, 0x0000, 0x0000, 0x0000, 0x0000, 0x0000, 0x0000, 0x0000, 0x0000, 0x0000, 0x0000, 0x0000, 0x0000, 0x0000,
    0x0000, 0x0000, 0x0000, 0x0000, 0x0000, 0x0000, 0x0000, 0x0000, 0x0000, 0x0000, 0x0000, 0x0000, 0x0000, 0x0000, 0x0000, 0x0000,
    0x0000, 0xE6FC, 0xE6FC, 0xE6FC, 0xE6FC, 0xE6FC, 0xE6FC, 0xE6FC, 0xE6FC, 0xE6FC, 0xE6FC, 0xE6FC, 0xE6FC, 0x0000, 0x0000, 0x0000,
    0x0000, 0x0000, 0x0000, 0x0000, 0x0000, 0x0000, 0x0000, 0x0000, 0x0000, 0x0000, 0x0000, 0x0000, 0x0000, 0x0000, 0x0000, 0x0000,
    0x0000, 0x0000, 0x0000, 0x0000, 0x0000, 0x0000, 0x0000, 0x0000, 0x0000, 0x0000, 0x0000, 0xAD55, 0xE6FC, 0xE6FC, 0xE6FC, 0xE6FC,
    0xE6FC, 0xE6FC, 0xE6FC, 0xE6FC, 0xE6FC, 0xE6FC, 0xE6FC, 0x2965, 0x0000, 0x0000, 0x0000, 0x0000, 0x0000, 0x0000, 0x0000, 0x0000,
    0x0000, 0x0000, 0x0000, 0x0000, 0x0000, 0x0000, 0x0000, 0x0000, 0x0000, 0x0000, 0x0000, 0x0000, 0x0000, 0x0000, 0x0000, 0x0000,
    0x0000, 0x0000, 0x0000, 0x0000, 0xAD55, 0xE6FC, 0xE6FC, 0xE6FC, 0xE6FC, 0xE6FC, 0xE6FC, 0xE6FC, 0xE6FC, 0xE6FC, 0xE6FC, 0xE6FC,
    0x0000, 0x0000, 0x0000, 0x0000, 0x0000, 0x0000, 0x0000, 0x0000, 0x0000, 0x0000, 0x0000, 0x0000, 0x0000, 0x0000, 0x0000, 0x0000,
    0x0000, 0x0000, 0x0000, 0x0000, 0x0000, 0xAD55, 0xE6FC, 0xE6FC, 0xE6FC, 0xE6FC, 0xE6FC, 0xE6FC, 0xE6FC, 0xE6FC, 0xE6FC, 0xE6FC,
    0xE6FC, 0x0000, 0x0000, 0x0000, 0x0000, 0x0000, 0x0000, 0x0000, 0x0000, 0x0000, 0x2965, 0xE6FC, 0xE6FC, 0xE6FC, 0xE6FC, 0xE6FC,
    0xE6FC, 0xE6FC, 0xE6FC, 0xE6FC, 0xE6FC, 0xE6FC, 0xE6FC, 0xE6FC, 0xE6FC, 0xE6FC, 0xE6FC, 0xE6FC, 0xE6FC, 0x4A49, 0x0000, 0x0000,
    0x0000, 0x0000, 0x0000, 0x0000, 0x0000, 0x0000, 0x0000, 0x0000, 0x0000, 0x0000, 0x0000, 0x0000, 0x0000, 0x0000, 0x0000, 0x0000,
    0x0000, 0xD659, 0xE6FC, 0xE6FC, 0xE6FC, 0xE6FC, 0xE6FC, 0xE6FC, 0xE6FC, 0xE6FC, 0xE6FC, 0xE6FC, 0xE6FC, 0xE6FC, 0xE6FC, 0xE6FC,
    0xE6FC, 0xE6FC, 0xE6FC, 0xAD55, 0x0000, 0x0000, 0x0000, 0x0000, 0x0000, 0x0000, 0xD659, 0xE6FC, 0xE6FC, 0xE6FC, 0xE6FC, 0xE6FC,
    0xE6FC, 0xE6FC, 0xE6FC, 0xE6FC, 0xE6FC, 0xE6FC, 0xE6FC, 0x2965, 0x0000, 0x0000, 0x0000, 0x0000, 0x0000, 0x0000, 0x0000, 0x0000,
    0x0000, 0x0000, 0x0000, 0x0000, 0x0000, 0x0000, 0x0000, 0x0000, 0xD659, 0xE6FC, 0xE6FC, 0xE6FC, 0xE6FC, 0xE6FC, 0xE6FC, 0xE6FC,
    0xE6FC, 0xE6FC, 0xE6FC, 0xE6FC, 0x2965, 0x0000, 0x0000, 0x0000, 0x0000, 0x0000, 0x0000, 0x0000, 0x0000, 0x0000, 0x6B4D, 0xE6FC,
    0xE6FC, 0xE6FC, 0xE6FC, 0xE6FC, 0xE6FC, 0xE6FC, 0xE6FC, 0xE6FC, 0xE6FC, 0xE6FC, 0x2965, 0x0000, 0x0000, 0x0000, 0x0000, 0x0000,
    0x0000, 0x0000, 0x0000, 0x0000, 0x0000, 0x0000, 0x0000, 0x0000, 0x0000, 0x0000, 0x0000, 0x0000, 0x0000, 0x0000, 0x0000, 0x0000,
    0x0000, 0x0000, 0x0000, 0x0000, 0x0000, 0x0000, 0x0000, 0x0000, 0x0000, 0x0000, 0x0000, 0x0000, 0x0000, 0xE6FC, 0xE6FC, 0xE6FC,
    0xE6FC, 0xE6FC, 0xE6FC, 0xE6FC, 0xE6FC, 0xE6FC, 0xE6FC, 0xE6FC, 0xE6FC, 0x0000, 0x0000, 0x0000, 0x0000, 0x0000, 0x0000, 0x0000,
    0x0000, 0x0000, 0x0000, 0x0000, 0x0000, 0x0000, 0x0000, 0x0000, 0x0000, 0x0000, 0x0000, 0x0000, 0x0000, 0x0000, 0x0000, 0x0000,
    0x0000, 0x0000, 0x0000, 0x0000, 0x0000, 0x0000, 0x0000, 0xAD55, 0xE6FC, 0xE6FC, 0xE6FC, 0xE6FC, 0xE6FC, 0xE6FC, 0xE6FC, 0xE6FC,
    0xE6FC, 0xE6FC, 0xE6FC, 0x2965, 0x0000, 0x0000, 0x0000, 0x0000, 0x0000, 0x0000, 0x0000, 0x0000, 0x0000, 0x0000, 0x0000, 0x0000,
    0x0000, 0x0000, 0x0000, 0x0000, 0x0000, 0x0000, 0x0000, 0x0000, 0x0000, 0x0000, 0x0000, 0x0000, 0x0000, 0x0000, 0x0000, 0x0000,
    0xAD55, 0xE6FC, 0xE6FC, 0xE6FC, 0xE6FC, 0xE6FC, 0xE6FC, 0xE6FC, 0xE6FC, 0xE6FC, 0xE6FC, 0xE6FC, 0x0000, 0x0000, 0x0000, 0x0000,
    0x0000, 0x0000, 0x0000, 0x0000, 0x0000, 0x0000, 0x0000, 0x0000, 0x0000, 0x0000, 0x0000, 0x0000, 0x0000, 0x0000, 0x0000, 0x0000,
    0x0000, 0xAD55, 0xE6FC, 0xE6FC, 0xE6FC, 0xE6FC, 0xE6FC, 0xE6FC, 0xE6FC, 0xE6FC, 0xE6FC, 0xE6FC, 0xE6FC, 0x0000, 0x0000, 0x0000,
    0x0000, 0x0000, 0x0000, 0x0000, 0x0000, 0x0000, 0x2965, 0xE6FC, 0xE6FC, 0xE6FC, 0xE6FC, 0xE6FC, 0xE6FC, 0xE6FC, 0xE6FC, 0xE6FC,
    0xE6FC, 0xE6FC, 0xE6FC, 0xE6FC, 0xE6FC, 0xE6FC, 0xE6FC, 0xE6FC, 0xE6FC, 0xD659, 0x0000, 0x0000, 0x0000, 0x0000, 0x0000, 0x0000,
    0x0000, 0x0000, 0x0000, 0x0000, 0x0000, 0x0000, 0x0000, 0x0000, 0x0000, 0x0000, 0x0000, 0x0000, 0x6B4D, 0xE6FC, 0xE6FC, 0xE6FC,
    0xE6FC, 0xE6FC, 0xE6FC, 0xE6FC, 0xE6FC, 0xE6FC, 0xE6FC, 0xE6FC, 0xE6FC, 0xE6FC, 0xE6FC, 0xE6FC, 0xE6FC, 0xE6FC, 0xE6FC, 0xAD55,
    0x0000, 0x0000, 0x0000, 0x0000, 0x0000, 0x0000, 0x4A49, 0xE6FC, 0xE6FC, 0xE6FC, 0xE6FC, 0xE6FC, 0xE6FC, 0xE6FC, 0xE6FC, 0xE6FC,
    0xE6FC, 0xE6FC, 0xE6FC, 0x7BEF, 0x0000, 0x0000, 0x0000, 0x0000, 0x0000, 0x0000, 0x0000, 0x0000, 0x0000, 0x0000, 0x0000, 0x0000,
    0x0000, 0x0000, 0x0000, 0x4A49, 0xE6FC, 0xE6FC, 0xE6FC, 0xE6FC, 0xE6FC, 0xE6FC, 0xE6FC, 0xE6FC, 0xE6FC, 0xE6FC, 0xE6FC, 0xAD55,
    0x0000, 0x0000, 0x0000, 0x0000, 0x0000, 0x0000, 0x0000, 0x0000, 0x0000, 0x0000, 0x6B4D, 0xE6FC, 0xE6FC, 0xE6FC, 0xE6FC, 0xE6FC,
    0xE6FC, 0xE6FC, 0xE6FC, 0xE6FC, 0xE6FC, 0xE6FC, 0x2965, 0x0000, 0x0000, 0x0000, 0x0000, 0x0000, 0x0000, 0x0000, 0x0000, 0x0000,
    0x0000, 0x0000, 0x0000, 0x0000, 0x0000, 0x0000, 0x0000, 0x0000, 0x0000, 0x0000, 0x0000, 0x0000, 0x0000, 0x0000, 0x0000, 0x0000,
    0x0000, 0x0000, 0x0000, 0x0000, 0x0000, 0x0000, 0x0000, 0x0000, 0x0000, 0xE6FC, 0xE6FC, 0xE6FC, 0xE6FC, 0xE6FC, 0xE6FC, 0xE6FC,
    0xE6FC, 0xE6FC, 0xE6FC, 0xE6FC, 0xE6FC, 0x0000, 0x0000, 0x0000, 0x0000, 0x0000, 0x0000, 0x0000, 0x0000, 0x0000, 0x0000, 0x0000,
    0x0000, 0x0000, 0x0000, 0x0000, 0x0000, 0x0000, 0x0000, 0x0000, 0x0000, 0x0000, 0x0000, 0x0000, 0x0000, 0x0000, 0x0000, 0x0000,
    0x0000, 0x0000, 0x0000, 0xAD55, 0xE6FC, 0xE6FC, 0xE6FC, 0xE6FC, 0xE6FC, 0xE6FC, 0xE6FC, 0xE6FC, 0xE6FC, 0xE6FC, 0xE6FC, 0x2965,
    0x0000, 0x0000, 0x0000, 0x0000, 0x0000, 0x0000, 0x0000, 0x0000, 0x0000, 0x0000, 0x0000, 0x0000, 0x0000, 0x0000, 0x0000, 0x0000,
    0x0000, 0x0000, 0x0000, 0x0000, 0x0000, 0x0000, 0x0000, 0x0000, 0x0000, 0x0000, 0x0000, 0x0000, 0xAD55, 0xE6FC, 0xE6FC, 0xE6FC,
    0xE6FC, 0xE6FC, 0xE6FC, 0xE6FC, 0xE6FC, 0xE6FC, 0xE6FC, 0xE6FC, 0x0000, 0x0000, 0x0000, 0x0000, 0x0000, 0x0000, 0x0000, 0x0000,
    0x0000, 0x0000, 0x0000, 0x0000, 0x0000, 0x0000, 0x0000, 0x0000, 0x0000, 0x0000, 0x0000, 0x0000, 0x0000, 0xAD55, 0xE6FC, 0xE6FC,
    0xE6FC, 0xE6FC, 0xE6FC, 0xE6FC, 0xE6FC, 0xE6FC, 0xE6FC, 0xE6FC, 0xE6FC, 0x0000, 0x0000, 0x0000, 0x0000, 0x0000, 0x0000, 0x0000,
    0x0000, 0x0000, 0x2965, 0xE6FC, 0xE6FC, 0xE6FC, 0xE6FC, 0xE6FC, 0xE6FC, 0xE6FC, 0xE6FC, 0xE6FC, 0xE6FC, 0xE6FC, 0xE6FC, 0xE6FC,
    0xE6FC, 0xE6FC, 0xE6FC, 0xE6FC, 0xE6FC, 0xE6FC, 0x7BEF, 0x0000, 0x0000, 0x0000, 0x0000, 0x0000, 0x0000, 0x0000, 0x0000, 0x0000,
    0x0000, 0x0000, 0x0000, 0x0000, 0x0000, 0x0000, 0x0000, 0x2965, 0xE6FC, 0xE6FC, 0xE6FC, 0xE6FC, 0xE6FC, 0xE6FC, 0xE6FC, 0xE6FC,
    0xE6FC, 0xE6FC, 0xE6FC, 0xE6FC, 0xE6FC, 0xE6FC, 0xE6FC, 0xE6FC, 0xE6FC, 0xE6FC, 0xE6FC, 0xAD55, 0x0000, 0x0000, 0x0000, 0x0000,
    0x0000, 0x0000, 0x0000, 0xD659, 0xE6FC, 0xE6FC, 0xE6FC, 0xE6FC, 0xE6FC, 0xE6FC, 0xE6FC, 0xE6FC, 0xE6FC, 0xE6FC, 0xE6FC, 0xD659,
    0x0000, 0x0000, 0x0000, 0x0000, 0x0000, 0x0000, 0x0000, 0x0000, 0x0000, 0x0000, 0x0000, 0x0000, 0x0000, 0x0000, 0x0000, 0xD659,
    0xE6FC, 0xE6FC, 0xE6FC, 0xE6FC, 0xE6FC, 0xE6FC, 0xE6FC, 0xE6FC, 0xE6FC, 0xE6FC, 0xE6FC, 0x4A49, 0x0000, 0x0000, 0x0000, 0x0000,
    0x0000, 0x0000, 0x0000, 0x0000, 0x0000, 0x0000, 0x6B4D, 0xE6FC, 0xE6FC, 0xE6FC, 0xE6FC, 0xE6FC, 0xE6FC, 0xE6FC, 0xE6FC, 0xE6FC,
    0xE6FC, 0xE6FC, 0x2965, 0x0000, 0x0000, 0x0000, 0x0000, 0x0000, 0x0000, 0x0000, 0x0000, 0x0000, 0x0000, 0x0000, 0x0000, 0x0000,
    0x0000, 0x0000, 0x0000, 0x0000, 0x0000, 0x0000, 0x0000, 0x0000, 0x0000, 0x0000, 0x0000, 0x0000, 0x0000, 0x0000, 0x0000, 0x0000,
    0x0000, 0x0000, 0x0000, 0x0000, 0x0000, 0xE6FC, 0xE6FC, 0xE6FC, 0xE6FC, 0xE6FC, 0xE6FC, 0xE6FC, 0xE6FC, 0xE6FC, 0xE6FC, 0xE6FC,
    0xE6FC, 0x0000, 0x0000, 0x0000, 0x0000, 0x0000, 0x0000, 0x0000, 0x0000, 0x0000, 0x0000, 0x0000, 0x0000, 0x0000, 0x0000, 0x0000,
    0x0000, 0x0000, 0x0000, 0x0000, 0x0000, 0x0000, 0x0000, 0x0000, 0x0000, 0x0000, 0x0000, 0x0000, 0x0000, 0x0000, 0x0000, 0xAD55,
    0xE6FC, 0xE6FC, 0xE6FC, 0xE6FC, 0xE6FC, 0xE6FC, 0xE6FC, 0xE6FC, 0xE6FC, 0xE6FC, 0xE6FC, 0x2965, 0x0000, 0x0000, 0x0000, 0x0000,
    0x0000, 0x0000, 0x0000, 0x0000, 0x0000, 0x0000, 0x0000, 0x0000, 0x0000, 0x0000, 0x0000, 0x0000, 0x0000, 0x0000, 0x0000, 0x0000,
    0x0000, 0x0000, 0x0000, 0x0000, 0x0000, 0x0000, 0x0000, 0x0000, 0xAD55, 0xE6FC, 0xE6FC, 0xE6FC, 0xE6FC, 0xE6FC, 0xE6FC, 0xE6FC,
    0xE6FC, 0xE6FC, 0xE6FC, 0xE6FC, 0x0000, 0x0000, 0x0000, 0x0000, 0x0000, 0x0000, 0x0000, 0x0000, 0x0000, 0x0000, 0x0000, 0x0000,
    0x0000, 0x0000, 0x0000, 0x0000, 0x0000, 0x0000, 0x0000, 0x0000, 0x0000, 0xAD55, 0xE6FC, 0xE6FC, 0xE6FC, 0xE6FC, 0xE6FC, 0xE6FC,
    0xE6FC, 0xE6FC, 0xE6FC, 0xE6FC, 0xE6FC, 0x0000, 0x0000, 0x0000, 0x0000, 0x0000, 0x0000, 0x0000, 0x0000, 0x0000, 0x2965, 0xE6FC,
    0xE6FC, 0xE6FC, 0xE6FC, 0xE6FC, 0xE6FC, 0xE6FC, 0xE6FC, 0xE6FC, 0xE6FC, 0xE6FC, 0xE6FC, 0xE6FC, 0xE6FC, 0xE6FC, 0xE6FC, 0xE6FC,
    0xE6FC, 0xE6FC, 0xE6FC, 0x2965, 0x0000, 0x0000, 0x0000, 0x0000, 0x0000, 0x0000, 0x0000, 0x0000, 0x0000, 0x0000, 0x0000, 0x0000,
    0x0000, 0x0000, 0x0000, 0xAD55, 0xE6FC, 0xE6FC, 0xE6FC, 0xE6FC, 0xE6FC, 0xE6FC, 0xE6FC, 0xE6FC, 0xE6FC, 0xE6FC, 0xE6FC, 0xE6FC,
    0xE6FC, 0xE6FC, 0xE6FC, 0xE6FC, 0xE6FC, 0xE6FC, 0xE6FC, 0xAD55, 0x0000, 0x0000, 0x0000, 0x0000, 0x0000, 0x0000, 0x0000, 0x6B4D,
    0xE6FC, 0xE6FC, 0xE6FC, 0xE6FC, 0xE6FC, 0xE6FC, 0xE6FC, 0xE6FC, 0xE6FC, 0xE6FC, 0xE6FC, 0xE6FC, 0x6B4D, 0x0000, 0x0000, 0x0000,
    0x0000, 0x0000, 0x0000, 0x0000, 0x0000, 0x0000, 0x0000, 0x0000, 0x0000, 0x0000, 0x4A49, 0xE6FC, 0xE6FC, 0xE6FC, 0xE6FC, 0xE6FC,
    0xE6FC, 0xE6FC, 0xE6FC, 0xE6FC, 0xE6FC, 0xE6FC, 0xD659, 0x0000, 0x0000, 0x0000, 0x0000, 0x0000, 0x0000, 0x0000, 0x0000, 0x0000,
    0x0000, 0x0000, 0x6B4D, 0xE6FC, 0xE6FC, 0xE6FC, 0xE6FC, 0xE6FC, 0xE6FC, 0xE6FC, 0xE6FC, 0xE6FC, 0xE6FC, 0xE6FC, 0x2965, 0x0000,
    0x0000, 0x0000, 0x0000, 0x0000, 0x0000, 0x0000, 0x0000, 0x0000, 0x0000, 0x0000, 0x0000, 0x0000, 0x0000, 0x0000, 0x0000, 0x0000,
    0x0000, 0x0000, 0x0000, 0x0000, 0x0000, 0x0000, 0x0000, 0x0000, 0x0000, 0x0000, 0x0000, 0x0000, 0x0000, 0x0000, 0x0000, 0x0000,
    0x0000, 0xE6FC, 0xE6FC, 0xE6FC, 0xE6FC, 0xE6FC, 0xE6FC, 0xE6FC, 0xE6FC, 0xE6FC, 0xE6FC, 0xE6FC, 0xE6FC, 0x0000, 0x0000, 0x0000,
    0x0000, 0x0000, 0x0000, 0x0000, 0x0000, 0x0000, 0x0000, 0x0000, 0x0000, 0x0000, 0x0000, 0x0000, 0x0000, 0x0000, 0x0000, 0x0000,
    0x0000, 0x0000, 0x0000, 0x0000, 0x0000, 0x0000, 0x0000, 0x0000, 0x0000, 0x0000, 0x0000, 0xAD55, 0xE6FC, 0xE6FC, 0xE6FC, 0xE6FC,
    0xE6FC, 0xE6FC, 0xE6FC, 0xE6FC, 0xE6FC, 0xE6FC, 0xE6FC, 0x2965, 0x0000, 0x0000, 0x0000, 0x0000, 0x0000, 0x0000, 0x0000, 0x0000,
    0x0000, 0x0000, 0x0000, 0x0000, 0x0000, 0x0000, 0x0000, 0x0000, 0x0000, 0x0000, 0x0000, 0x0000, 0x0000, 0x0000, 0x0000, 0x0000,
    0x0000, 0x0000, 0x0000, 0x0000, 0xAD55, 0xE6FC, 0xE6FC, 0xE6FC, 0xE6FC, 0xE6FC, 0xE6FC, 0xE6FC, 0xE6FC, 0xE6FC, 0xE6FC, 0xE6FC,
    0x0000, 0x0000, 0x0000, 0x0000, 0x0000, 0x0000, 0x0000, 0x0000, 0x0000, 0x0000, 0x0000, 0x0000, 0x0000, 0x0000, 0x0000, 0x0000,
    0x0000, 0x0000, 0x0000, 0x0000, 0x0000, 0xAD55, 0xE6FC, 0xE6FC, 0xE6FC, 0xE6FC, 0xE6FC, 0xE6FC, 0xE6FC, 0xE6FC, 0xE6FC, 0xE6FC,
    0xE6FC, 0x0000, 0x0000, 0x0000, 0x0000, 0x0000, 0x0000, 0x0000, 0x0000, 0x0000, 0x2965, 0xE6FC, 0xE6FC, 0xE6FC, 0xE6FC, 0xE6FC,
    0xE6FC, 0xE6FC, 0xE6FC, 0xE6FC, 0xE6FC, 0xE6FC, 0xE6FC, 0xE6FC, 0xE6FC, 0xE6FC, 0xE6FC, 0xE6FC, 0xE6FC, 0xE6FC, 0xE6FC, 0xD659,
    0x0000, 0x0000, 0x0000, 0x0000, 0x0000, 0x0000, 0x0000, 0x0000, 0x0000, 0x0000, 0x0000, 0x0000, 0x0000, 0x0000, 0x4A49, 0xE6FC,
    0xE6FC, 0xE6FC, 0xE6FC, 0xE6FC, 0xE6FC, 0xE6FC, 0xE6FC, 0xE6FC, 0xE6FC, 0xE6FC, 0xE6FC, 0xE6FC, 0xE6FC, 0xE6FC, 0xE6FC, 0xE6FC,
    0xE6FC, 0xE6FC, 0xE6FC, 0xAD55, 0x0000, 0x0000, 0x0000, 0x0000, 0x0000, 0x0000, 0x0000, 0x0000, 0xD659, 0xE6FC, 0xE6FC, 0xE6FC,
    0xE6FC, 0xE6FC, 0xE6FC, 0xE6FC, 0xE6FC, 0xE6FC, 0xE6FC, 0xE6FC, 0xD659, 0x0000, 0x0000, 0x0000, 0x0000, 0x0000, 0x0000, 0x0000,
    0x0000, 0x0000, 0x0000, 0x0000, 0x0000, 0x0000, 0xAD55, 0xE6FC, 0xE6FC, 0xE6FC, 0xE6FC, 0xE6FC, 0xE6FC, 0xE6FC, 0xE6FC, 0xE6FC,
    0xE6FC, 0xE6FC, 0x6B4D, 0x0000, 0x0000, 0x0000, 0x0000, 0x0000, 0x0000, 0x0000, 0x0000, 0x0000, 0x0000, 0x0000, 0x6B4D, 0xE6FC,
    0xE6FC, 0xE6FC, 0xE6FC, 0xE6FC, 0xE6FC, 0xE6FC, 0xE6FC, 0xE6FC, 0xE6FC, 0xE6FC, 0x2965, 0x0000, 0x0000, 0x0000, 0x0000, 0x0000,
    0x0000, 0x0000, 0x0000, 0x0000, 0x0000, 0x0000, 0x0000, 0x0000, 0x0000, 0x0000, 0x0000, 0x0000, 0x0000, 0x0000, 0x0000, 0x0000,
    0x0000, 0x0000, 0x0000, 0x0000, 0x0000, 0x0000, 0x0000, 0x0000, 0x0000, 0x0000, 0x0000, 0x0000, 0x0000, 0xE6FC, 0xE6FC, 0xE6FC,
    0xE6FC, 0xE6FC, 0xE6FC, 0xE6FC, 0xE6FC, 0xE6FC, 0xE6FC, 0xE6FC, 0xE6FC, 0x0000, 0x0000, 0x0000, 0x0000, 0x0000, 0x0000, 0x0000,
    0x0000, 0x0000, 0x0000, 0x0000, 0x0000, 0x0000, 0x0000, 0x0000, 0x0000, 0x0000, 0x0000, 0x0000, 0x0000, 0x0000, 0x0000, 0x0000,
    0x0000, 0x0000, 0x0000, 0x0000, 0x0000, 0x0000, 0x0000, 0xAD55, 0xE6FC, 0xE6FC, 0xE6FC, 0xE6FC, 0xE6FC, 0xE6FC, 0xE6FC, 0xE6FC,
    0xE6FC, 0xE6FC, 0xE6FC, 0x2965, 0x0000, 0x0000, 0x0000, 0x0000, 0x0000, 0x0000, 0x0000, 0x0000, 0x0000, 0x0000, 0x0000, 0x0000,
    0x0000, 0x0000, 0x0000, 0x0000, 0x0000, 0x0000, 0x0000, 0x0000, 0x0000, 0x0000, 0x0000, 0x0000, 0x0000, 0x0000, 0x0000, 0x0000,
    0xAD55, 0xE6FC, 0xE6FC, 0xE6FC, 0xE6FC, 0xE6FC, 0xE6FC, 0xE6FC, 0xE6FC, 0xE6FC, 0xE6FC, 0xE6FC, 0x0000, 0x0000, 0x0000, 0x0000,
    0x0000, 0x0000, 0x0000, 0x0000, 0x0000, 0x0000, 0x0000, 0x0000, 0x0000, 0x0000, 0x0000, 0x0000, 0x0000, 0x0000, 0x0000, 0x0000,
    0x0000, 0xAD55, 0xE6FC, 0xE6FC, 0xE6FC, 0xE6FC, 0xE6FC, 0xE6FC, 0xE6FC, 0xE6FC, 0xE6FC, 0xE6FC, 0xE6FC, 0x0000, 0x0000, 0x0000,
    0x0000, 0x0000, 0x0000, 0x0000, 0x0000, 0x0000, 0x2965, 0xE6FC, 0xE6FC, 0xE6FC, 0xE6FC, 0xE6FC, 0xE6FC, 0xE6FC, 0xE6FC, 0xE6FC,
    0xE6FC, 0xE6FC, 0xE6FC, 0xE6FC, 0xE6FC, 0xE6FC, 0xE6FC, 0xE6FC, 0xE6FC, 0xE6FC, 0xE6FC, 0xE6FC, 0x6B4D, 0x0000, 0x0000, 0x0000,
    0x0000, 0x0000, 0x0000, 0x0000, 0x0000, 0x0000, 0x0000, 0x0000, 0x0000, 0x0000, 0xD659, 0xE6FC, 0xE6FC, 0xE6FC, 0xE6FC, 0xE6FC,
    0xE6FC, 0xE6FC, 0xE6FC, 0xE6FC, 0xE6FC, 0xE6FC, 0xE6FC, 0xE6FC, 0xE6FC, 0xE6FC, 0xE6FC, 0xE6FC, 0xE6FC, 0xE6FC, 0xE6FC, 0xAD55,
    0x0000, 0x0000, 0x0000, 0x0000, 0x0000, 0x0000, 0x0000, 0x0000, 0x8C51, 0xE6FC, 0xE6FC, 0xE6FC, 0xE6FC, 0xE6FC, 0xE6FC, 0xE6FC,
    0xE6FC, 0xE6FC, 0xE6FC, 0xE6FC, 0xE6FC, 0x4A49, 0x0000, 0x0000, 0x0000, 0x0000, 0x0000, 0x0000, 0x0000, 0x0000, 0x0000, 0x0000,
    0x0000, 0x2965, 0xE6FC, 0xE6FC, 0xE6FC, 0xE6FC, 0xE6FC, 0xE6FC, 0xE6FC, 0xE6FC, 0xE6FC, 0xE6FC, 0xE6FC, 0xD659, 0x0000, 0x0000,
    0x0000, 0x0000, 0x0000, 0x0000, 0x0000, 0x0000, 0x0000, 0x0000, 0x0000, 0x0000, 0x6B4D, 0xE6FC, 0xE6FC, 0xE6FC, 0xE6FC, 0xE6FC,
    0xE6FC, 0xE6FC, 0xE6FC, 0xE6FC, 0xE6FC, 0xE6FC, 0xE6FC, 0xE6FC, 0xE6FC, 0xE6FC, 0xE6FC, 0xE6FC, 0xE6FC, 0xE6FC, 0xE6FC, 0xE6FC,
    0xE6FC, 0xE6FC, 0xE6FC, 0xE6FC, 0xE6FC, 0xE6FC, 0xE6FC, 0xE6FC, 0xE6FC, 0xE6FC, 0xE6FC, 0xE6FC, 0xE6FC, 0x0000, 0x0000, 0x0000,
    0x0000, 0x0000, 0x0000, 0x0000, 0x0000, 0x0000, 0x0000, 0x0000, 0x0000, 0xE6FC, 0xE6FC, 0xE6FC, 0xE6FC, 0xE6FC, 0xE6FC, 0xE6FC,
    0xE6FC, 0xE6FC, 0xE6FC, 0xE6FC, 0xE6FC, 0x0000, 0x0000, 0x0000, 0x0000, 0x0000, 0x0000, 0x0000, 0x0000, 0x0000, 0x0000, 0x0000,
    0x0000, 0x0000, 0x0000, 0x0000, 0x0000, 0x0000, 0x0000, 0x0000, 0x0000, 0x0000, 0x0000, 0x0000, 0x0000, 0x0000, 0x0000, 0x0000,
    0x0000, 0x0000, 0x0000, 0xAD55, 0xE6FC, 0xE6FC, 0xE6FC, 0xE6FC, 0xE6FC, 0xE6FC, 0xE6FC, 0xE6FC, 0xE6FC, 0xE6FC, 0xE6FC, 0x2965,
    0x0000, 0x0000, 0x0000, 0x0000, 0x0000, 0x0000, 0x0000, 0x0000, 0x0000, 0x0000, 0x0000, 0x0000, 0x0000, 0x0000, 0x0000, 0x0000,
    0x0000, 0x0000, 0x0000, 0x0000, 0x0000, 0x0000, 0x0000, 0x0000, 0x0000, 0x0000, 0x0000, 0x0000, 0xAD55, 0xE6FC, 0xE6FC, 0xE6FC,
    0xE6FC, 0xE6FC, 0xE6FC, 0xE6FC, 0xE6FC, 0xE6FC, 0xE6FC, 0xE6FC, 0x0000, 0x0000, 0x0000, 0x0000, 0x0000, 0x0000, 0x0000, 0x0000,
    0x0000, 0x0000, 0x0000, 0x0000, 0x0000, 0x0000, 0x0000, 0x0000, 0x0000, 0x0000, 0x0000, 0x0000, 0x0000, 0xAD55, 0xE6FC, 0xE6FC,
    0xE6FC, 0xE6FC, 0xE6FC, 0xE6FC, 0xE6FC, 0xE6FC, 0xE6FC, 0xE6FC, 0xE6FC, 0x0000, 0x0000, 0x0000, 0x0000, 0x0000, 0x0000, 0x0000,
    0x0000, 0x0000, 0x2965, 0xE6FC, 0xE6FC, 0xE6FC, 0xE6FC, 0xE6FC, 0xE6FC, 0xE6FC, 0xE6FC, 0xE6FC, 0xE6FC, 0xE6FC, 0xE6FC, 0xE6FC,
    0xE6FC, 0xE6FC, 0xE6FC, 0xE6FC, 0xE6FC, 0xE6FC, 0xE6FC, 0xE6FC, 0xE6FC, 0x2965, 0x0000, 0x0000, 0x0000, 0x0000, 0x0000, 0x0000,
    0x0000, 0x0000, 0x0000, 0x0000, 0x0000, 0x8C51, 0xE6FC, 0xE6FC, 0xE6FC, 0xE6FC, 0xE6FC, 0xE6FC, 0xE6FC, 0xE6FC, 0xE6FC, 0xE6FC,
    0xE6FC, 0xE6FC, 0xE6FC, 0xE6FC, 0xE6FC, 0xE6FC, 0xE6FC, 0xE6FC, 0xE6FC, 0xE6FC, 0xE6FC, 0xAD55, 0x0000, 0x0000, 0x0000, 0x0000,
    0x0000, 0x0000, 0x0000, 0x0000, 0x2965, 0xE6FC, 0xE6FC, 0xE6FC, 0xE6FC, 0xE6FC, 0xE6FC, 0xE6FC, 0xE6FC, 0xE6FC, 0xE6FC, 0xE6FC,
    0xE6FC, 0xAD55, 0x0000, 0x0000, 0x0000, 0x0000, 0x0000, 0x0000, 0x0000, 0x0000, 0x0000, 0x0000, 0x0000, 0x8C51, 0xE6FC, 0xE6FC,
    0xE6FC, 0xE6FC, 0xE6FC, 0xE6FC, 0xE6FC, 0xE6FC, 0xE6FC, 0xE6FC, 0xE6FC, 0x7BEF, 0x0000, 0x0000, 0x0000, 0x0000, 0x0000, 0x0000,
    0x0000, 0x0000, 0x0000, 0x0000, 0x0000, 0x0000, 0x6B4D, 0xE6FC, 0xE6FC, 0xE6FC, 0xE6FC, 0xE6FC, 0xE6FC, 0xE6FC, 0xE6FC, 0xE6FC,
    0xE6FC, 0xE6FC, 0xE6FC, 0xE6FC, 0xE6FC, 0xE6FC, 0xE6FC, 0xE6FC, 0xE6FC, 0xE6FC, 0xE6FC, 0xE6FC, 0xE6FC, 0xE6FC, 0xE6FC, 0xE6FC,
    0xE6FC, 0xE6FC, 0xE6FC, 0xE6FC, 0xE6FC, 0xE6FC, 0xE6FC, 0xE6FC, 0xE6FC, 0x0000, 0x0000, 0x0000, 0x0000, 0x0000, 0x0000, 0x0000,
    0x0000, 0x0000, 0x0000, 0x0000, 0x0000, 0xE6FC, 0xE6FC, 0xE6FC, 0xE6FC, 0xE6FC, 0xE6FC, 0xE6FC, 0xE6FC, 0xE6FC, 0xE6FC, 0xE6FC,
    0xE6FC, 0x0000, 0x0000, 0x0000, 0x0000, 0x0000, 0x0000, 0x0000, 0x0000, 0x0000, 0x0000, 0x0000, 0x0000, 0x0000, 0x0000, 0x0000,
    0x0000, 0x0000, 0x0000, 0x0000, 0x0000, 0x0000, 0x0000, 0x0000, 0x0000, 0x0000, 0x0000, 0x0000, 0x0000, 0x0000, 0x0000, 0xAD55,
    0xE6FC, 0xE6FC, 0xE6FC, 0xE6FC, 0xE6FC, 0xE6FC, 0xE6FC, 0xE6FC, 0xE6FC, 0xE6FC, 0xE6FC, 0x2965, 0x0000, 0x0000, 0x0000, 0x0000,
    0x0000, 0x0000, 0x0000, 0x0000, 0x0000, 0x0000, 0x0000, 0x0000, 0x0000, 0x0000, 0x0000, 0x0000, 0x0000, 0x0000, 0x0000, 0x0000,
    0x0000, 0x0000, 0x0000, 0x0000, 0x0000, 0x0000, 0x0000, 0x0000, 0xAD55, 0xE6FC, 0xE6FC, 0xE6FC, 0xE6FC, 0xE6FC, 0xE6FC, 0xE6FC,
    0xE6FC, 0xE6FC, 0xE6FC, 0xE6FC, 0x0000, 0x0000, 0x0000, 0x0000, 0x0000, 0x0000, 0x0000, 0x0000, 0x0000, 0x0000, 0x0000, 0x0000,
    0x0000, 0x0000, 0x0000, 0x0000, 0x0000, 0x0000, 0x0000, 0x0000, 0x0000, 0xAD55, 0xE6FC, 0xE6FC, 0xE6FC, 0xE6FC, 0xE6FC, 0xE6FC,
    0xE6FC, 0xE6FC, 0xE6FC, 0xE6FC, 0xE6FC, 0x0000, 0x0000, 0x0000, 0x0000, 0x0000, 0x0000, 0x0000, 0x0000, 0x0000, 0x2965, 0xE6FC,
    0xE6FC, 0xE6FC, 0xE6FC, 0xE6FC, 0xE6FC, 0xE6FC, 0xE6FC, 0xE6FC, 0xE6FC, 0xE6FC, 0xE6FC, 0xE6FC, 0xE6FC, 0xE6FC, 0xE6FC, 0xE6FC,
    0xE6FC, 0xE6FC, 0xE6FC, 0xE6FC, 0xE6FC, 0xAD55, 0x0000, 0x0000, 0x0000, 0x0000, 0x0000, 0x0000, 0x0000, 0x0000, 0x0000, 0x0000,
    0x2965, 0xE6FC, 0xE6FC, 0xE6FC, 0xE6FC, 0xE6FC, 0xE6FC, 0xE6FC, 0xE6FC, 0xE6FC, 0xE6FC, 0xE6FC, 0xD659, 0xE6FC, 0xE6FC, 0xE6FC,
    0xE6FC, 0xE6FC, 0xE6FC, 0xE6FC, 0xE6FC, 0xE6FC, 0xE6FC, 0xAD55, 0x0000, 0x0000, 0x0000, 0x0000, 0x0000, 0x0000, 0x0000, 0x0000,
    0x0000, 0x8C51, 0xE6FC, 0xE6FC, 0xE6FC, 0xE6FC, 0xE6FC, 0xE6FC, 0xE6FC, 0xE6FC, 0xE6FC, 0xE6FC, 0xE6FC, 0xE6FC, 0x2965, 0x0000,
    0x0000, 0x0000, 0x0000, 0x0000, 0x0000, 0x0000, 0x0000, 0x0000, 0x2965, 0xE6FC, 0xE6FC, 0xE6FC, 0xE6FC, 0xE6FC, 0xE6FC, 0xE6FC,
    0xE6FC, 0xE6FC, 0xE6FC, 0xE6FC, 0xE6FC, 0x2965, 0x0000, 0x0000, 0x0000, 0x0000, 0x0000, 0x0000, 0x0000, 0x0000, 0x0000, 0x0000,
    0x0000, 0x0000, 0x6B4D, 0xE6FC, 0xE6FC, 0xE6FC, 0xE6FC, 0xE6FC, 0xE6FC, 0xE6FC, 0xE6FC, 0xE6FC, 0xE6FC, 0xE6FC, 0xE6FC, 0xE6FC,
    0xE6FC, 0xE6FC, 0xE6FC, 0xE6FC, 0xE6FC, 0xE6FC, 0xE6FC, 0xE6FC, 0xE6FC, 0xE6FC, 0xE6FC, 0xE6FC, 0xE6FC, 0xE6FC, 0xE6FC, 0xE6FC,
    0xE6FC, 0xE6FC, 0xE6FC, 0xE6FC, 0xE6FC, 0x0000, 0x0000, 0x0000, 0x0000, 0x0000, 0x0000, 0x0000, 0x0000, 0x0000, 0x0000, 0x0000,
    0x0000, 0xE6FC, 0xE6FC, 0xE6FC, 0xE6FC, 0xE6FC, 0xE6FC, 0xE6FC, 0xE6FC, 0xE6FC, 0xE6FC, 0xE6FC, 0xE6FC, 0x0000, 0x0000, 0x0000,
    0x0000, 0x0000, 0x0000, 0x0000, 0x0000, 0x0000, 0x0000, 0x0000, 0x0000, 0x0000, 0x0000, 0x0000, 0x0000, 0x0000, 0x0000, 0x0000,
    0x0000, 0x0000, 0x0000, 0x0000, 0x0000, 0x0000, 0x0000, 0x0000, 0x0000, 0x0000, 0x0000, 0xAD55, 0xE6FC, 0xE6FC, 0xE6FC, 0xE6FC,
    0xE6FC, 0xE6FC, 0xE6FC, 0xE6FC, 0xE6FC, 0xE6FC, 0xE6FC, 0x2965, 0x0000, 0x0000, 0x0000, 0x0000, 0x0000, 0x0000, 0x0000, 0x0000,
    0x0000, 0x0000, 0x0000, 0x0000, 0x0000, 0x0000, 0x0000, 0x0000, 0x0000, 0x0000, 0x0000, 0x0000, 0x0000, 0x0000, 0x0000, 0x0000,
    0x0000, 0x0000, 0x0000, 0x0000, 0xAD55, 0xE6FC, 0xE6FC, 0xE6FC, 0xE6FC, 0xE6FC, 0xE6FC, 0xE6FC, 0xE6FC, 0xE6FC, 0xE6FC, 0xE6FC,
    0x0000, 0x0000, 0x0000, 0x0000, 0x0000, 0x0000, 0x0000, 0x0000, 0x0000, 0x0000, 0x0000, 0x0000, 0x0000, 0x0000, 0x0000, 0x0000,
    0x0000, 0x0000, 0x0000, 0x0000, 0x0000, 0xAD55, 0xE6FC, 0xE6FC, 0xE6FC, 0xE6FC, 0xE6FC, 0xE6FC, 0xE6FC, 0xE6FC, 0xE6FC, 0xE6FC,
    0xE6FC, 0x0000, 0x0000, 0x0000, 0x0000, 0x0000, 0x0000, 0x0000, 0x0000, 0x0000, 0x2965, 0xE6FC, 0xE6FC, 0xE6FC, 0xE6FC, 0xE6FC,
    0xE6FC, 0xE6FC, 0xE6FC, 0xE6FC, 0xE6FC, 0xE6FC, 0x6B4D, 0xE6FC, 0xE6FC, 0xE6FC, 0xE6FC, 0xE6FC, 0xE6FC, 0xE6FC, 0xE6FC, 0xE6FC,
    0xE6FC, 0xE6FC, 0x6B4D, 0x0000, 0x0000, 0x0000, 0x0000, 0x0000, 0x0000, 0x0000, 0x0000, 0x0000, 0xAD55, 0xE6FC, 0xE6FC, 0xE6FC,
    0xE6FC, 0xE6FC, 0xE6FC, 0xE6FC, 0xE6FC, 0xE6FC, 0xE6FC, 0x6B4D, 0xAD55, 0xE6FC, 0xE6FC, 0xE6FC, 0xE6FC, 0xE6FC, 0xE6FC, 0xE6FC,
    0xE6FC, 0xE6FC, 0xE6FC, 0xAD55, 0x0000, 0x0000, 0x0000, 0x0000, 0x0000, 0x0000, 0x0000, 0x0000, 0x0000, 0x2965, 0xE6FC, 0xE6FC,
    0xE6FC, 0xE6FC, 0xE6FC, 0xE6FC, 0xE6FC, 0xE6FC, 0xE6FC, 0xE6FC, 0xE6FC, 0xE6FC, 0x8C51, 0x0000, 0x0000, 0x0000, 0x0000, 0x0000,
    0x0000, 0x0000, 0x0000, 0x0000, 0x6B4D, 0xE6FC, 0xE6FC, 0xE6FC, 0xE6FC, 0xE6FC, 0xE6FC, 0xE6FC, 0xE6FC, 0xE6FC, 0xE6FC, 0xE6FC,
    0x8C51, 0x0000, 0x0000, 0x0000, 0x0000, 0x0000, 0x0000, 0x0000, 0x0000, 0x0000, 0x0000, 0x0000, 0x0000, 0x0000, 0x6B4D, 0xE6FC,
    0xE6FC, 0xE6FC, 0xE6FC, 0xE6FC, 0xE6FC, 0xE6FC, 0xE6FC, 0xE6FC, 0xE6FC, 0xE6FC, 0xE6FC, 0xE6FC, 0xE6FC, 0xE6FC, 0xE6FC, 0xE6FC,
    0xE6FC, 0xE6FC, 0xE6FC, 0xE6FC, 0xE6FC, 0xE6FC, 0xE6FC, 0xE6FC, 0xE6FC, 0xE6FC, 0xE6FC, 0xE6FC, 0xE6FC, 0xE6FC, 0xE6FC, 0xE6FC,
    0xE6FC, 0x0000, 0x0000, 0x0000, 0x0000, 0x0000, 0x0000, 0x0000, 0x0000, 0x0000, 0x0000, 0x0000, 0x0000, 0xE6FC, 0xE6FC, 0xE6FC,
    0xE6FC, 0xE6FC, 0xE6FC, 0xE6FC, 0xE6FC, 0xE6FC, 0xE6FC, 0xE6FC, 0xE6FC, 0x0000, 0x0000, 0x0000, 0x0000, 0x0000, 0x0000, 0x0000,
    0x0000, 0x0000, 0x0000, 0x0000, 0x0000, 0x0000, 0x0000, 0x0000, 0x0000, 0x0000, 0x0000, 0x0000, 0x0000, 0x0000, 0x0000, 0x0000,
    0x0000, 0x0000, 0x0000, 0x0000, 0x0000, 0x0000, 0x0000, 0xAD55, 0xE6FC, 0xE6FC, 0xE6FC, 0xE6FC, 0xE6FC, 0xE6FC, 0xE6FC, 0xE6FC,
    0xE6FC, 0xE6FC, 0xE6FC, 0x2965, 0x0000, 0x0000, 0x0000, 0x0000, 0x0000, 0x0000, 0x0000, 0x0000, 0x0000, 0x0000, 0x0000, 0x0000,
    0x0000, 0x0000, 0x0000, 0x0000, 0x0000, 0x0000, 0x0000, 0x0000, 0x0000, 0x0000, 0x0000, 0x0000, 0x0000, 0x0000, 0x0000, 0x0000,
    0xAD55, 0xE6FC, 0xE6FC, 0xE6FC, 0xE6FC, 0xE6FC, 0xE6FC, 0xE6FC, 0xE6FC, 0xE6FC, 0xE6FC, 0xE6FC, 0x0000, 0x0000, 0x0000, 0x0000,
    0x0000, 0x0000, 0x0000, 0x0000, 0x0000, 0x0000, 0x0000, 0x0000, 0x0000, 0x0000, 0x0000, 0x0000, 0x0000, 0x0000, 0x0000, 0x0000,
    0x0000, 0xAD55, 0xE6FC, 0xE6FC, 0xE6FC, 0xE6FC, 0xE6FC, 0xE6FC, 0xE6FC, 0xE6FC, 0xE6FC, 0xE6FC, 0xE6FC, 0x0000, 0x0000, 0x0000,
    0x0000, 0x0000, 0x0000, 0x0000, 0x0000, 0x0000, 0x2965, 0xE6FC, 0xE6FC, 0xE6FC, 0xE6FC, 0xE6FC, 0xE6FC, 0xE6FC, 0xE6FC, 0xE6FC,
    0xE6FC, 0xE6FC, 0x0000, 0xAD55, 0xE6FC, 0xE6FC, 0xE6FC, 0xE6FC, 0xE6FC, 0xE6FC, 0xE6FC, 0xE6FC, 0xE6FC, 0xE6FC, 0xD659, 0x0000,
    0x0000, 0x0000, 0x0000, 0x0000, 0x0000, 0x0000, 0x0000, 0x6B4D, 0xE6FC, 0xE6FC, 0xE6FC, 0xE6FC, 0xE6FC, 0xE6FC, 0xE6FC, 0xE6FC,
    0xE6FC, 0xE6FC, 0xD659, 0x0000, 0xAD55, 0xE6FC, 0xE6FC, 0xE6FC, 0xE6FC, 0xE6FC, 0xE6FC, 0xE6FC, 0xE6FC, 0xE6FC, 0xE6FC, 0xAD55,
    0x0000, 0x0000, 0x0000, 0x0000, 0x0000, 0x0000, 0x0000, 0x0000, 0x0000, 0x0000, 0xAD55, 0xE6FC, 0xE6FC, 0xE6FC, 0xE6FC, 0xE6FC,
    0xE6FC, 0xE6FC, 0xE6FC, 0xE6FC, 0xE6FC, 0xE6FC, 0xE6FC, 0x2965, 0x0000, 0x0000, 0x0000, 0x0000, 0x0000, 0x0000, 0x0000, 0x0000,
    0xD659, 0xE6FC, 0xE6FC, 0xE6FC, 0xE6FC, 0xE6FC, 0xE6FC, 0xE6FC, 0xE6FC, 0xE6FC, 0xE6FC, 0xE6FC, 0x2965, 0x0000, 0x0000, 0x0000,
    0x0000, 0x0000, 0x0000, 0x0000, 0x0000, 0x0000, 0x0000, 0x0000, 0x0000, 0x0000, 0x6B4D, 0xE6FC, 0xE6FC, 0xE6FC, 0xE6FC, 0xE6FC,
    0xE6FC, 0xE6FC, 0xE6FC, 0xE6FC, 0xE6FC, 0xE6FC, 0xE6FC, 0xE6FC, 0xE6FC, 0xE6FC, 0xE6FC, 0xE6FC, 0xE6FC, 0xE6FC, 0xE6FC, 0xE6FC,
    0xE6FC, 0xE6FC, 0xE6FC, 0xE6FC, 0xE6FC, 0xE6FC, 0xE6FC, 0xE6FC, 0xE6FC, 0xE6FC, 0xE6FC, 0xE6FC, 0xE6FC, 0x0000, 0x0000, 0x0000,
    0x0000, 0x0000, 0x0000, 0x0000, 0x0000, 0x0000, 0x0000, 0x0000, 0x0000, 0xE6FC, 0xE6FC, 0xE6FC, 0xE6FC, 0xE6FC, 0xE6FC, 0xE6FC,
    0xE6FC, 0xE6FC, 0xE6FC, 0xE6FC, 0xE6FC, 0x0000, 0x0000, 0x0000, 0x0000, 0x0000, 0x0000, 0x0000, 0x0000, 0x0000, 0x0000, 0x0000,
    0x0000, 0x0000, 0x0000, 0x0000, 0x0000, 0x0000, 0x0000, 0x0000, 0x0000, 0x0000, 0x0000, 0x0000, 0x0000, 0x0000, 0x0000, 0x0000,
    0x0000, 0x0000, 0x0000, 0xAD55, 0xE6FC, 0xE6FC, 0xE6FC, 0xE6FC, 0xE6FC, 0xE6FC, 0xE6FC, 0xE6FC, 0xE6FC, 0xE6FC, 0xE6FC, 0x2965,
    0x0000, 0x0000, 0x0000, 0x0000, 0x0000, 0x0000, 0x0000, 0x0000, 0x0000, 0x0000, 0x0000, 0x0000, 0x0000, 0x0000, 0x0000, 0x0000,
    0x0000, 0x0000, 0x0000, 0x0000, 0x0000, 0x0000, 0x0000, 0x0000, 0x0000, 0x0000, 0x0000, 0x0000, 0xAD55, 0xE6FC, 0xE6FC, 0xE6FC,
    0xE6FC, 0xE6FC, 0xE6FC, 0xE6FC, 0xE6FC, 0xE6FC, 0xE6FC, 0xE6FC, 0x0000, 0x0000, 0x0000, 0x0000, 0x0000, 0x0000, 0x0000, 0x0000,
    0x0000, 0x0000, 0x0000, 0x0000, 0x0000, 0x0000, 0x0000, 0x0000, 0x0000, 0x0000, 0x0000, 0x0000, 0x0000, 0xAD55, 0xE6FC, 0xE6FC,
    0xE6FC, 0xE6FC, 0xE6FC, 0xE6FC, 0xE6FC, 0xE6FC, 0xE6FC, 0xE6FC, 0xE6FC, 0x0000, 0x0000, 0x0000, 0x0000, 0x0000, 0x0000, 0x0000,
    0x0000, 0x0000, 0x2965, 0xE6FC, 0xE6FC, 0xE6FC, 0xE6FC, 0xE6FC, 0xE6FC, 0xE6FC, 0xE6FC, 0xE6FC, 0xE6FC, 0xE6FC, 0x0000, 0x2965,
    0xE6FC, 0xE6FC, 0xE6FC, 0xE6FC, 0xE6FC, 0xE6FC, 0xE6FC, 0xE6FC, 0xE6FC, 0xE6FC, 0xE6FC, 0x9CD3, 0x0000, 0x0000, 0x0000, 0x0000,
    0x0000, 0x0000, 0x2965, 0xD659, 0xE6FC, 0xE6FC, 0xE6FC, 0xE6FC, 0xE6FC, 0xE6FC, 0xE6FC, 0xE6FC, 0xE6FC, 0xE6FC, 0x2965, 0x0000,
    0xAD55, 0xE6FC, 0xE6FC, 0xE6FC, 0xE6FC, 0xE6FC, 0xE6FC, 0xE6FC, 0xE6FC, 0xE6FC, 0xE6FC, 0xAD55, 0x0000, 0x0000, 0x0000, 0x0000,
    0x0000, 0x0000, 0x0000, 0x0000, 0x0000, 0x0000, 0x4A49, 0xE6FC, 0xE6FC, 0xE6FC, 0xE6FC, 0xE6FC, 0xE6FC, 0xE6FC, 0xE6FC, 0xE6FC,
    0xE6FC, 0xE6FC, 0xE6FC, 0x7BEF, 0x0000, 0x0000, 0x0000, 0x0000, 0x0000, 0x0000, 0x0000, 0x4A49, 0xE6FC, 0xE6FC, 0xE6FC, 0xE6FC,
    0xE6FC, 0xE6FC, 0xE6FC, 0xE6FC, 0xE6FC, 0xE6FC, 0xE6FC, 0xAD55, 0x0000, 0x0000, 0x0000, 0x0000, 0x0000, 0x0000, 0x0000, 0x0000,
    0x0000, 0x0000, 0x0000, 0x0000, 0x0000, 0x0000, 0x6B4D, 0xE6FC, 0xE6FC, 0xE6FC, 0xE6FC, 0xE6FC, 0xE6FC, 0xE6FC, 0xE6FC, 0xE6FC,
    0xE6FC, 0xE6FC, 0xE6FC, 0xE6FC, 0xE6FC, 0xE6FC, 0xE6FC, 0xE6FC, 0xE6FC, 0xE6FC, 0xE6FC, 0xE6FC, 0xE6FC, 0xE6FC, 0xE6FC, 0xE6FC,
    0xE6FC, 0xE6FC, 0xE6FC, 0xE6FC, 0xE6FC, 0xE6FC, 0xE6FC, 0xE6FC, 0xE6FC, 0x0000, 0x0000, 0x0000, 0x0000, 0x0000, 0x0000, 0x0000,
    0x0000, 0x0000, 0x0000, 0x0000, 0x0000, 0xE6FC, 0xE6FC, 0xE6FC, 0xE6FC, 0xE6FC, 0xE6FC, 0xE6FC, 0xE6FC, 0xE6FC, 0xE6FC, 0xE6FC,
    0xE6FC, 0x0000, 0x0000, 0x0000, 0x0000, 0x0000, 0x0000, 0x0000, 0x0000, 0x0000, 0x0000, 0x0000, 0x0000, 0x0000, 0x0000, 0x0000,
    0x0000, 0x0000, 0x0000, 0x0000, 0x0000, 0x0000, 0x0000, 0x0000, 0x0000, 0x0000, 0x0000, 0x0000, 0x0000, 0x0000, 0x0000, 0xAD55,
    0xE6FC, 0xE6FC, 0xE6FC, 0xE6FC, 0xE6FC, 0xE6FC, 0xE6FC, 0xE6FC, 0xE6FC, 0xE6FC, 0xE6FC, 0x2965, 0x0000, 0x0000, 0x0000, 0x0000,
    0x0000, 0x0000, 0x0000, 0x0000, 0x0000, 0x0000, 0x0000, 0x0000, 0x0000, 0x0000, 0x0000, 0x0000, 0x0000, 0x0000, 0x0000, 0x0000,
    0x0000, 0x0000, 0x0000, 0x0000, 0x0000, 0x0000, 0x0000, 0x0000, 0xAD55, 0xE6FC, 0xE6FC, 0xE6FC, 0xE6FC, 0xE6FC, 0xE6FC, 0xE6FC,
    0xE6FC, 0xE6FC, 0xE6FC, 0xE6FC, 0x0000, 0x0000, 0x0000, 0x0000, 0x0000, 0x0000, 0x0000, 0x0000, 0x0000, 0x0000, 0x0000, 0x0000,
    0x0000, 0x0000, 0x0000, 0x0000, 0x0000, 0x0000, 0x0000, 0x0000, 0x0000, 0xAD55, 0xE6FC, 0xE6FC, 0xE6FC, 0xE6FC, 0xE6FC, 0xE6FC,
    0xE6FC, 0xE6FC, 0xE6FC, 0xE6FC, 0xE6FC, 0x0000, 0x0000, 0x0000, 0x0000, 0x0000, 0x0000, 0x0000, 0x0000, 0x0000, 0x2965, 0xE6FC,
    0xE6FC, 0xE6FC, 0xE6FC, 0xE6FC, 0xE6FC, 0xE6FC, 0xE6FC, 0xE6FC, 0xE6FC, 0xE6FC, 0x0000, 0x0000, 0x7BEF, 0xE6FC, 0xE6FC, 0xE6FC,
    0xE6FC, 0xE6FC, 0xE6FC, 0xE6FC, 0xE6FC, 0xE6FC, 0xE6FC, 0xE6FC, 0x4A49, 0x0000, 0x0000, 0x0000, 0x0000, 0x0000, 0xAD55, 0xE6FC,
    0xE6FC, 0xE6FC, 0xE6FC, 0xE6FC, 0xE6FC, 0xE6FC, 0xE6FC, 0xE6FC, 0xE6FC, 0x9CD3, 0x0000, 0x0000, 0xAD55, 0xE6FC, 0xE6FC, 0xE6FC,
    0xE6FC, 0xE6FC, 0xE6FC, 0xE6FC, 0xE6FC, 0xE6FC, 0xE6FC, 0xAD55, 0x0000, 0x0000, 0x0000, 0x0000, 0x0000, 0x0000, 0x0000, 0x0000,
    0x0000, 0x0000, 0x0000, 0xD659, 0xE6FC, 0xE6FC, 0xE6FC, 0xE6FC, 0xE6FC, 0xE6FC, 0xE6FC, 0xE6FC, 0xE6FC, 0xE6FC, 0xE6FC, 0xD659,
    0x0000, 0x0000, 0x0000, 0x0000, 0x0000, 0x0000, 0x0000, 0xD659, 0xE6FC, 0xE6FC, 0xE6FC, 0xE6FC, 0xE6FC, 0xE6FC, 0xE6FC, 0xE6FC,
    0xE6FC, 0xE6FC, 0xE6FC, 0x4A49, 0x0000, 0x0000, 0x0000, 0x0000, 0x0000, 0x0000, 0x0000, 0x0000, 0x0000, 0x0000, 0x0000, 0x0000,
    0x0000, 0x0000, 0x6B4D, 0xE6FC, 0xE6FC, 0xE6FC, 0xE6FC, 0xE6FC, 0xE6FC, 0xE6FC, 0xE6FC, 0xE6FC, 0xE6FC, 0xE6FC, 0xE6FC, 0xE6FC,
    0xE6FC, 0xE6FC, 0xE6FC, 0xE6FC, 0xE6FC, 0xE6FC, 0xE6FC, 0xE6FC, 0xE6FC, 0xE6FC, 0xE6FC, 0xE6FC, 0xE6FC, 0xE6FC, 0xE6FC, 0xE6FC,
    0xE6FC, 0xE6FC, 0xE6FC, 0xE6FC, 0xE6FC, 0x0000, 0x0000, 0x0000, 0x0000, 0x0000, 0x0000, 0x0000, 0x0000, 0x0000, 0x0000, 0x0000,
    0x0000, 0xE6FC, 0xE6FC, 0xE6FC, 0xE6FC, 0xE6FC, 0xE6FC, 0xE6FC, 0xE6FC, 0xE6FC, 0xE6FC, 0xE6FC, 0xE6FC, 0x0000, 0x0000, 0x0000,
    0x0000, 0x0000, 0x0000, 0x0000, 0x0000, 0x0000, 0x0000, 0x0000, 0x0000, 0x0000, 0x0000, 0x0000, 0x0000, 0x0000, 0x0000, 0x0000,
    0x0000, 0x0000, 0x0000, 0x0000, 0x0000, 0x0000, 0x0000, 0x0000, 0x0000, 0x0000, 0x0000, 0xAD55, 0xE6FC, 0xE6FC, 0xE6FC, 0xE6FC,
    0xE6FC, 0xE6FC, 0xE6FC, 0xE6FC, 0xE6FC, 0xE6FC, 0xE6FC, 0x2965, 0x0000, 0x0000, 0x0000, 0x0000, 0x0000, 0x0000, 0x0000, 0x0000,
    0x0000, 0x0000, 0x0000, 0x0000, 0x0000, 0x0000, 0x0000, 0x0000, 0x0000, 0x0000, 0x0000, 0x0000, 0x0000, 0x0000, 0x0000, 0x0000,
    0x0000, 0x0000, 0x0000, 0x0000, 0xAD55, 0xE6FC, 0xE6FC, 0xE6FC, 0xE6FC, 0xE6FC, 0xE6FC, 0xE6FC, 0xE6FC, 0xE6FC, 0xE6FC, 0xE6FC,
    0x0000, 0x0000, 0x0000, 0x0000, 0x0000, 0x0000, 0x0000, 0x0000, 0x0000, 0x0000, 0x0000, 0x0000, 0x0000, 0x0000, 0x0000, 0x0000,
    0x0000, 0x0000, 0x0000, 0x0000, 0x0000, 0xAD55, 0xE6FC, 0xE6FC, 0xE6FC, 0xE6FC, 0xE6FC, 0xE6FC, 0xE6FC, 0xE6FC, 0xE6FC, 0xE6FC,
    0xE6FC, 0x0000, 0x0000, 0x0000, 0x0000, 0x0000, 0x0000, 0x0000, 0x0000, 0x0000, 0x2965, 0xE6FC, 0xE6FC, 0xE6FC, 0xE6FC, 0xE6FC,
    0xE6FC, 0xE6FC, 0xE6FC, 0xE6FC, 0xE6FC, 0xE6FC, 0x0000, 0x0000, 0x0000, 0xD659, 0xE6FC, 0xE6FC, 0xE6FC, 0xE6FC, 0xE6FC, 0xE6FC,
    0xE6FC, 0xE6FC, 0xE6FC, 0xE6FC, 0xD659, 0x0000, 0x0000, 0x0000, 0x0000, 0x4A49, 0xE6FC, 0xE6FC, 0xE6FC, 0xE6FC, 0xE6FC, 0xE6FC,
    0xE6FC, 0xE6FC, 0xE6FC, 0xE6FC, 0xD659, 0x0000, 0x0000, 0x0000, 0xAD55, 0xE6FC, 0xE6FC, 0xE6FC, 0xE6FC, 0xE6FC, 0xE6FC, 0xE6FC,
    0xE6FC, 0xE6FC, 0xE6FC, 0xAD55, 0x0000, 0x0000, 0x0000, 0x0000, 0x0000, 0x0000, 0x0000, 0x0000, 0x0000, 0x0000, 0x0000, 0x4A49,
    0xE6FC, 0xE6FC, 0xE6FC, 0xE6FC, 0xE6FC, 0xE6FC, 0xE6FC, 0xE6FC, 0xE6FC, 0xE6FC, 0xE6FC, 0xE6FC, 0x6B4D, 0x0000, 0x0000, 0x0000,
    0x0000, 0x0000, 0x2965, 0xE6FC, 0xE6FC, 0xE6FC, 0xE6FC, 0xE6FC, 0xE6FC, 0xE6FC, 0xE6FC, 0xE6FC, 0xE6FC, 0xE6FC, 0xD659, 0x0000,
    0x0000, 0x0000, 0x0000, 0x0000, 0x0000, 0x0000, 0x0000, 0x0000, 0x0000, 0x0000, 0x0000, 0x0000, 0x0000, 0x0000, 0x6B4D, 0xE6FC,
    0xE6FC, 0xE6FC, 0xE6FC, 0xE6FC, 0xE6FC, 0xE6FC, 0xE6FC, 0xE6FC, 0xE6FC, 0xE6FC, 0xE6FC, 0xE6FC, 0xE6FC, 0xE6FC, 0xE6FC, 0xE6FC,
    0xE6FC, 0xE6FC, 0xE6FC, 0xE6FC, 0xE6FC, 0xE6FC, 0xE6FC, 0xE6FC, 0xE6FC, 0xE6FC, 0xE6FC, 0xE6FC, 0xE6FC, 0xE6FC, 0xE6FC, 0xE6FC,
    0xE6FC, 0x0000, 0x0000, 0x0000, 0x0000, 0x0000, 0x0000, 0x0000, 0x0000, 0x0000, 0x0000, 0x0000, 0x0000, 0xE6FC, 0xE6FC, 0xE6FC,
    0xE6FC, 0xE6FC, 0xE6FC, 0xE6FC, 0xE6FC, 0xE6FC, 0xE6FC, 0xE6FC, 0xE6FC, 0x0000, 0x0000, 0x0000, 0x0000, 0x0000, 0x0000, 0x0000,
    0x0000, 0x0000, 0x0000, 0x0000, 0x0000, 0x0000, 0x0000, 0x0000, 0x0000, 0x0000, 0x0000, 0x0000, 0x0000, 0x0000, 0x0000, 0x0000,
    0x0000, 0x0000, 0x0000, 0x0000, 0x0000, 0x0000, 0x0000, 0xAD55, 0xE6FC, 0xE6FC, 0xE6FC, 0xE6FC, 0xE6FC, 0xE6FC, 0xE6FC, 0xE6FC,
    0xE6FC, 0xE6FC, 0xE6FC, 0x2965, 0x0000, 0x0000, 0x0000, 0x0000, 0x0000, 0x0000, 0x0000, 0x0000, 0x0000, 0x0000, 0x0000, 0x0000,
    0x0000, 0x0000, 0x0000, 0x0000, 0x0000, 0x0000, 0x0000, 0x0000, 0x0000, 0x0000, 0x0000, 0x0000, 0x0000, 0x0000, 0x0000, 0x0000,
    0xAD55, 0xE6FC, 0xE6FC, 0xE6FC, 0xE6FC, 0xE6FC, 0xE6FC, 0xE6FC, 0xE6FC, 0xE6FC, 0xE6FC, 0xE6FC, 0x0000, 0x0000, 0x0000, 0x0000,
    0x0000, 0x0000, 0x0000, 0x0000, 0x0000, 0x0000, 0x0000, 0x0000, 0x0000, 0x0000, 0x0000, 0x0000, 0x0000, 0x0000, 0x0000, 0x0000,
    0x0000, 0xAD55, 0xE6FC, 0xE6FC, 0xE6FC, 0xE6FC, 0xE6FC, 0xE6FC, 0xE6FC, 0xE6FC, 0xE6FC, 0xE6FC, 0xE6FC, 0x0000, 0x0000, 0x0000,
    0x0000, 0x0000, 0x0000, 0x0000, 0x0000, 0x0000, 0x2965, 0xE6FC, 0xE6FC, 0xE6FC, 0xE6FC, 0xE6FC, 0xE6FC, 0xE6FC, 0xE6FC, 0xE6FC,
    0xE6FC, 0xE6FC, 0x0000, 0x0000, 0x0000, 0x2965, 0xE6FC, 0xE6FC, 0xE6FC, 0xE6FC, 0xE6FC, 0xE6FC, 0xE6FC, 0xE6FC, 0xE6FC, 0xE6FC,
    0xE6FC, 0x7BEF, 0x0000, 0x0000, 0x0000, 0xD659, 0xE6FC, 0xE6FC, 0xE6FC, 0xE6FC, 0xE6FC, 0xE6FC, 0xE6FC, 0xE6FC, 0xE6FC, 0xE6FC,
    0x6B4D, 0x0000, 0x0000, 0x0000, 0xAD55, 0xE6FC, 0xE6FC, 0xE6FC, 0xE6FC, 0xE6FC, 0xE6FC, 0xE6FC, 0xE6FC, 0xE6FC, 0xE6FC, 0xAD55,
    0x0000, 0x0000, 0x0000, 0x0000, 0x0000, 0x0000, 0x0000, 0x0000, 0x0000, 0x0000, 0x0000, 0x0000, 0xD659, 0xE6FC, 0xE6FC, 0xE6FC,
    0xE6FC, 0xE6FC, 0xE6FC, 0xE6FC, 0xE6FC, 0xE6FC, 0xE6FC, 0xE6FC, 0xD659, 0x0000, 0x0000, 0x0000, 0x0000, 0x0000, 0xAD55, 0xE6FC,
    0xE6FC, 0xE6FC, 0xE6FC, 0xE6FC, 0xE6FC, 0xE6FC, 0xE6FC, 0xE6FC, 0xE6FC, 0xE6FC, 0x4A49, 0x0000, 0x0000, 0x0000, 0x0000, 0x0000,
    0x0000, 0x0000, 0x0000, 0x0000, 0x0000, 0x0000, 0x0000, 0x0000, 0x0000, 0x0000, 0x6B4D, 0xE6FC, 0xE6FC, 0xE6FC, 0xE6FC, 0xE6FC,
    0xE6FC, 0xE6FC, 0xE6FC, 0xE6FC, 0xE6FC, 0xE6FC, 0xE6FC, 0xE6FC, 0xE6FC, 0xE6FC, 0xE6FC, 0xE6FC, 0xE6FC, 0xE6FC, 0xE6FC, 0xE6FC,
    0xE6FC, 0xE6FC, 0xE6FC, 0xE6FC, 0xE6FC, 0xE6FC, 0xE6FC, 0xE6FC, 0xE6FC, 0xE6FC, 0xE6FC, 0xE6FC, 0xE6FC, 0x0000, 0x0000, 0x0000,
    0x0000, 0x0000, 0x0000, 0x0000, 0x0000, 0x0000, 0x0000, 0x0000, 0x0000, 0xE6FC, 0xE6FC, 0xE6FC, 0xE6FC, 0xE6FC, 0xE6FC, 0xE6FC,
    0xE6FC, 0xE6FC, 0xE6FC, 0xE6FC, 0xE6FC, 0x0000, 0x0000, 0x0000, 0x0000, 0x0000, 0x0000, 0x0000, 0x0000, 0x0000, 0x0000, 0x0000,
    0x0000, 0x0000, 0x0000, 0x0000, 0x0000, 0x0000, 0x0000, 0x0000, 0x0000, 0x0000, 0x0000, 0x0000, 0x0000, 0x0000, 0x0000, 0x0000,
    0x0000, 0x0000, 0x0000, 0xAD55, 0xE6FC, 0xE6FC, 0xE6FC, 0xE6FC, 0xE6FC, 0xE6FC, 0xE6FC, 0xE6FC, 0xE6FC, 0xE6FC, 0xE6FC, 0x2965,
    0x0000, 0x0000, 0x0000, 0x0000, 0x0000, 0x0000, 0x0000, 0x0000, 0x0000, 0x0000, 0x0000, 0x0000, 0x0000, 0x0000, 0x0000, 0x0000,
    0x0000, 0x0000, 0x0000, 0x0000, 0x0000, 0x0000, 0x0000, 0x0000, 0x0000, 0x0000, 0x0000, 0x0000, 0xAD55, 0xE6FC, 0xE6FC, 0xE6FC,
    0xE6FC, 0xE6FC, 0xE6FC, 0xE6FC, 0xE6FC, 0xE6FC, 0xE6FC, 0xE6FC, 0x0000, 0x0000, 0x0000, 0x0000, 0x0000, 0x0000, 0x0000, 0x0000,
    0x0000, 0x0000, 0x0000, 0x0000, 0x0000, 0x0000, 0x0000, 0x0000, 0x0000, 0x0000, 0x0000, 0x0000, 0x0000, 0xAD55, 0xE6FC, 0xE6FC,
    0xE6FC, 0xE6FC, 0xE6FC, 0xE6FC, 0xE6FC, 0xE6FC, 0xE6FC, 0xE6FC, 0xE6FC, 0x0000, 0x0000, 0x0000, 0x0000, 0x0000, 0x0000, 0x0000,
    0x0000, 0x0000, 0x2965, 0xE6FC, 0xE6FC, 0xE6FC, 0xE6FC, 0xE6FC, 0xE6FC, 0xE6FC, 0xE6FC, 0xE6FC, 0xE6FC, 0xE6FC, 0x0000, 0x0000,
    0x0000, 0x0000, 0x7BEF, 0xE6FC, 0xE6FC, 0xE6FC, 0xE6FC, 0xE6FC, 0xE6FC, 0xE6FC, 0xE6FC, 0xE6FC, 0xE6FC, 0xE6FC, 0x2965, 0x0000,
    0x7BEF, 0xE6FC, 0xE6FC, 0xE6FC, 0xE6FC, 0xE6FC, 0xE6FC, 0xE6FC, 0xE6FC, 0xE6FC, 0xE6FC, 0xAD55, 0x0000, 0x0000, 0x0000, 0x0000,
    0xAD55, 0xE6FC, 0xE6FC, 0xE6FC, 0xE6FC, 0xE6FC, 0xE6FC, 0xE6FC, 0xE6FC, 0xE6FC, 0xE6FC, 0xAD55, 0x0000, 0x0000, 0x0000, 0x0000,
    0x0000, 0x0000, 0x0000, 0x0000, 0x0000, 0x0000, 0x0000, 0x0000, 0x6B4D, 0xE6FC, 0xE6FC, 0xE6FC, 0xE6FC, 0xE6FC, 0xE6FC, 0xE6FC,
    0xE6FC, 0xE6FC, 0xE6FC, 0xE6FC, 0xE6FC, 0x4A49, 0x0000, 0x0000, 0x0000, 0x2965, 0xE6FC, 0xE6FC, 0xE6FC, 0xE6FC, 0xE6FC, 0xE6FC,
    0xE6FC, 0xE6FC, 0xE6FC, 0xE6FC, 0xE6FC, 0xD659, 0x0000, 0x0000, 0x0000, 0x0000, 0x0000, 0x0000, 0x0000, 0x0000, 0x0000, 0x0000,
    0x0000, 0x0000, 0x0000, 0x0000, 0x0000, 0x0000, 0x6B4D, 0xE6FC, 0xE6FC, 0xE6FC, 0xE6FC, 0xE6FC, 0xE6FC, 0xE6FC, 0xE6FC, 0xE6FC,
    0xE6FC, 0xE6FC, 0x6B4D, 0x2965, 0x2965, 0x2965, 0x2965, 0x2965, 0x2965, 0x2965, 0x2965, 0x2965, 0x2965, 0x2965, 0x2965, 0x2965,
    0x2965, 0x2965, 0x2965, 0x2965, 0x2965, 0x2965, 0x2965, 0x2965, 0x2965, 0x0000, 0x0000, 0x0000, 0x0000, 0x0000, 0x0000, 0x0000,
    0x0000, 0x0000, 0x0000, 0x0000, 0x0000, 0xE6FC, 0xE6FC, 0xE6FC, 0xE6FC, 0xE6FC, 0xE6FC, 0xE6FC, 0xE6FC, 0xE6FC, 0xE6FC, 0xE6FC,
    0xE6FC, 0x0000, 0x0000, 0x0000, 0x0000, 0x0000, 0x0000, 0x0000, 0x0000, 0x0000, 0x0000, 0x0000, 0x0000, 0x0000, 0x0000, 0x0000,
    0x0000, 0x0000, 0x0000, 0x0000, 0x0000, 0x0000, 0x0000, 0x0000, 0x0000, 0x0000, 0x0000, 0x0000, 0x0000, 0x0000, 0x0000, 0xAD55,
    0xE6FC, 0xE6FC, 0xE6FC, 0xE6FC, 0xE6FC, 0xE6FC, 0xE6FC, 0xE6FC, 0xE6FC, 0xE6FC, 0xE6FC, 0x2965, 0x0000, 0x0000, 0x0000, 0x0000,
    0x0000, 0x0000, 0x0000, 0x0000, 0x0000, 0x0000, 0x0000, 0x0000, 0x0000, 0x0000, 0x0000, 0x0000, 0x0000, 0x0000, 0x0000, 0x0000,
    0x0000, 0x0000, 0x0000, 0x0000, 0x0000, 0x0000, 0x0000, 0x0000, 0xAD55, 0xE6FC, 0xE6FC, 0xE6FC, 0xE6FC, 0xE6FC, 0xE6FC, 0xE6FC,
    0xE6FC, 0xE6FC, 0xE6FC, 0xE6FC, 0x0000, 0x0000, 0x0000, 0x0000, 0x0000, 0x0000, 0x0000, 0x0000, 0x0000, 0x0000, 0x0000, 0x0000,
    0x0000, 0x0000, 0x0000, 0x0000, 0x0000, 0x0000, 0x0000, 0x0000, 0x0000, 0xAD55, 0xE6FC, 0xE6FC, 0xE6FC, 0xE6FC, 0xE6FC, 0xE6FC,
    0xE6FC, 0xE6FC, 0xE6FC, 0xE6FC, 0xE6FC, 0x0000, 0x0000, 0x0000, 0x0000, 0x0000, 0x0000, 0x0000, 0x0000, 0x0000, 0x2965, 0xE6FC,
    0xE6FC, 0xE6FC, 0xE6FC, 0xE6FC, 0xE6FC, 0xE6FC, 0xE6FC, 0xE6FC, 0xE6FC, 0xE6FC, 0x0000, 0x0000, 0x0000, 0x0000, 0x0000, 0xD659,
    0xE6FC, 0xE6FC, 0xE6FC, 0xE6FC, 0xE6FC, 0xE6FC, 0xE6FC, 0xE6FC, 0xE6FC, 0xE6FC, 0xAD55, 0x2965, 0xE6FC, 0xE6FC, 0xE6FC, 0xE6FC,
    0xE6FC, 0xE6FC, 0xE6FC, 0xE6FC, 0xE6FC, 0xE6FC, 0xE6FC, 0x2965, 0x0000, 0x0000, 0x0000, 0x0000, 0xAD55, 0xE6FC, 0xE6FC, 0xE6FC,
    0xE6FC, 0xE6FC, 0xE6FC, 0xE6FC, 0xE6FC, 0xE6FC, 0xE6FC, 0xAD55, 0x0000, 0x0000, 0x0000, 0x0000, 0x0000, 0x0000, 0x0000, 0x0000,
    0x0000, 0x0000, 0x0000, 0x0000, 0x0000, 0xD659, 0xE6FC, 0xE6FC, 0xE6FC, 0xE6FC, 0xE6FC, 0xE6FC, 0xE6FC, 0xE6FC, 0xE6FC, 0xE6FC,
    0xE6FC, 0xAD55, 0x0000, 0x0000, 0x0000, 0x8C51, 0xE6FC, 0xE6FC, 0xE6FC, 0xE6FC, 0xE6FC, 0xE6FC, 0xE6FC, 0xE6FC, 0xE6FC, 0xE6FC,
    0xE6FC, 0x6B4D, 0x0000, 0x0000, 0x0000, 0x0000, 0x0000, 0x0000, 0x0000, 0x0000, 0x0000, 0x0000, 0x0000, 0x0000, 0x0000, 0x0000,
    0x0000, 0x0000, 0x6B4D, 0xE6FC, 0xE6FC, 0xE6FC, 0xE6FC, 0xE6FC, 0xE6FC, 0xE6FC, 0xE6FC, 0xE6FC, 0xE6FC, 0xE6FC, 0x2965, 0x0000,
    0x0000, 0x0000, 0x0000, 0x0000, 0x0000, 0x0000, 0x0000, 0x0000, 0x0000, 0x0000, 0x0000, 0x0000, 0x0000, 0x0000, 0x0000, 0x0000,
    0x0000, 0x0000, 0x0000, 0x0000, 0x0000, 0x0000, 0x0000, 0x0000, 0x0000, 0x0000, 0x0000, 0x0000, 0x0000, 0x0000, 0x0000, 0x0000,
    0x0000, 0xE6FC, 0xE6FC, 0xE6FC, 0xE6FC, 0xE6FC, 0xE6FC, 0xE6FC, 0xE6FC, 0xE6FC, 0xE6FC, 0xE6FC, 0xE6FC, 0x0000, 0x0000, 0x0000,
    0x0000, 0x0000, 0x0000, 0x0000, 0x0000, 0x0000, 0x0000, 0x0000, 0x0000, 0x0000, 0x0000, 0x0000, 0x0000, 0x0000, 0x0000, 0x0000,
    0x0000, 0x0000, 0x0000, 0x0000, 0x0000, 0x0000, 0x0000, 0x0000, 0x0000, 0x0000, 0x0000, 0xAD55, 0xE6FC, 0xE6FC, 0xE6FC, 0xE6FC,
    0xE6FC, 0xE6FC, 0xE6FC, 0xE6FC, 0xE6FC, 0xE6FC, 0xE6FC, 0x2965, 0x0000, 0x0000, 0x0000, 0x0000, 0x0000, 0x0000, 0x0000, 0x0000,
    0x0000, 0x0000, 0x0000, 0x0000, 0x0000, 0x0000, 0x0000, 0x0000, 0x0000, 0x0000, 0x0000, 0x0000, 0x0000, 0x0000, 0x0000, 0x0000,
    0x0000, 0x0000, 0x0000, 0x0000, 0xAD55, 0xE6FC, 0xE6FC, 0xE6FC, 0xE6FC, 0xE6FC, 0xE6FC, 0xE6FC, 0xE6FC, 0xE6FC, 0xE6FC, 0xE6FC,
    0x2965, 0x0000, 0x0000, 0x0000, 0x0000, 0x0000, 0x0000, 0x0000, 0x0000, 0x0000, 0x0000, 0x0000, 0x0000, 0x0000, 0x0000, 0x0000,
    0x0000, 0x0000, 0x0000, 0x0000, 0x0000, 0xE6FC, 0xE6FC, 0xE6FC, 0xE6FC, 0xE6FC, 0xE6FC, 0xE6FC, 0xE6FC, 0xE6FC, 0xE6FC, 0xE6FC,
    0xD659, 0x0000, 0x0000, 0x0000, 0x0000, 0x0000, 0x0000, 0x0000, 0x0000, 0x0000, 0x2965, 0xE6FC, 0xE6FC, 0xE6FC, 0xE6FC, 0xE6FC,
    0xE6FC, 0xE6FC, 0xE6FC, 0xE6FC, 0xE6FC, 0xE6FC, 0x0000, 0x0000, 0x0000, 0x0000, 0x0000, 0x4A49, 0xE6FC, 0xE6FC, 0xE6FC, 0xE6FC,
    0xE6FC, 0xE6FC, 0xE6FC, 0xE6FC, 0xE6FC, 0xE6FC, 0xE6FC, 0xD659, 0xE6FC, 0xE6FC, 0xE6FC, 0xE6FC, 0xE6FC, 0xE6FC, 0xE6FC, 0xE6FC,
    0xE6FC, 0xE6FC, 0x6B4D, 0x0000, 0x0000, 0x0000, 0x0000, 0x0000, 0xAD55, 0xE6FC, 0xE6FC, 0xE6FC, 0xE6FC, 0xE6FC, 0xE6FC, 0xE6FC,
    0xE6FC, 0xE6FC, 0xE6FC, 0xAD55, 0x0000, 0x0000, 0x0000, 0x0000, 0x0000, 0x0000, 0x0000, 0x0000, 0x0000, 0x0000, 0x0000, 0x0000,
    0x0000, 0x8C51, 0xE6FC, 0xE6FC, 0xE6FC, 0xE6FC, 0xE6FC, 0xE6FC, 0xE6FC, 0xE6FC, 0xE6FC, 0xE6FC, 0xE6FC, 0xE6FC, 0x2965, 0x0000,
    0x0000, 0xE6FC, 0xE6FC, 0xE6FC, 0xE6FC, 0xE6FC, 0xE6FC, 0xE6FC, 0xE6FC, 0xE6FC, 0xE6FC, 0xE6FC, 0xE6FC, 0x0000, 0x0000, 0x0000,
    0x0000, 0x0000, 0x0000, 0x0000, 0x0000, 0x0000, 0x0000, 0x0000, 0x0000, 0x0000, 0x0000, 0x0000, 0x0000, 0x0000, 0x6B4D, 0xE6FC,
    0xE6FC, 0xE6FC, 0xE6FC, 0xE6FC, 0xE6FC, 0xE6FC, 0xE6FC, 0xE6FC, 0xE6FC, 0xE6FC, 0x2965, 0x0000, 0x0000, 0x0000, 0x0000, 0x0000,
    0x0000, 0x0000, 0x0000, 0x0000, 0x0000, 0x0000, 0x0000, 0x0000, 0x0000, 0x0000, 0x0000, 0x0000, 0x0000, 0x0000, 0x0000, 0x0000,
    0x0000, 0x0000, 0x0000, 0x0000, 0x0000, 0x0000, 0x0000, 0x0000, 0x0000, 0x0000, 0x0000, 0x0000, 0x0000, 0xE6FC, 0xE6FC, 0xE6FC,
    0xE6FC, 0xE6FC, 0xE6FC, 0xE6FC, 0xE6FC, 0xE6FC, 0xE6FC, 0xE6FC, 0xE6FC, 0x0000, 0x0000, 0x0000, 0x0000, 0x0000, 0x0000, 0x0000,
    0x0000, 0x0000, 0x0000, 0x0000, 0x0000, 0x0000, 0x0000, 0x0000, 0x0000, 0x0000, 0x0000, 0x0000, 0x0000, 0x0000, 0x0000, 0x0000,
    0x0000, 0x0000, 0x0000, 0x0000, 0x0000, 0x0000, 0x0000, 0xAD55, 0xE6FC, 0xE6FC, 0xE6FC, 0xE6FC, 0xE6FC, 0xE6FC, 0xE6FC, 0xE6FC,
    0xE6FC, 0xE6FC, 0xE6FC, 0x2965, 0x0000, 0x0000, 0x0000, 0x0000, 0x0000, 0x0000, 0x0000, 0x0000, 0x0000, 0x0000, 0x0000, 0x0000,
    0x0000, 0x0000, 0x0000, 0x0000, 0x0000, 0x0000, 0x0000, 0x0000, 0x0000, 0x0000, 0x0000, 0x0000, 0x0000, 0x0000, 0x0000, 0x0000,
    0x7BEF, 0xE6FC, 0xE6FC, 0xE6FC, 0xE6FC, 0xE6FC, 0xE6FC, 0xE6FC, 0xE6FC, 0xE6FC, 0xE6FC, 0xE6FC, 0x4A49, 0x0000, 0x0000, 0x0000,
    0x0000, 0x0000, 0x0000, 0x0000, 0x0000, 0x0000, 0x0000, 0x0000, 0x0000, 0x0000, 0x0000, 0x0000, 0x0000, 0x0000, 0x0000, 0x0000,
    0x2965, 0xE6FC, 0xE6FC, 0xE6FC, 0xE6FC, 0xE6FC, 0xE6FC, 0xE6FC, 0xE6FC, 0xE6FC, 0xE6FC, 0xE6FC, 0xAD55, 0x0000, 0x0000, 0x0000,
    0x0000, 0x0000, 0x0000, 0x0000, 0x0000, 0x0000, 0x2965, 0xE6FC, 0xE6FC, 0xE6FC, 0xE6FC, 0xE6FC, 0xE6FC, 0xE6FC, 0xE6FC, 0xE6FC,
    0xE6FC, 0xE6FC, 0x0000, 0x0000, 0x0000, 0x0000, 0x0000, 0x0000, 0x9CD3, 0xE6FC, 0xE6FC, 0xE6FC, 0xE6FC, 0xE6FC, 0xE6FC, 0xE6FC,
    0xE6FC, 0xE6FC, 0xE6FC, 0xE6FC, 0xE6FC, 0xE6FC, 0xE6FC, 0xE6FC, 0xE6FC, 0xE6FC, 0xE6FC, 0xE6FC, 0xE6FC, 0xD659, 0x0000, 0x0000,
    0x0000, 0x0000, 0x0000, 0x0000, 0xAD55, 0xE6FC, 0xE6FC, 0xE6FC, 0xE6FC, 0xE6FC, 0xE6FC, 0xE6FC, 0xE6FC, 0xE6FC, 0xE6FC, 0xAD55,
    0x0000, 0x0000, 0x0000, 0x0000, 0x0000, 0x0000, 0x0000, 0x0000, 0x0000, 0x0000, 0x0000, 0x0000, 0x0000, 0x2965, 0xE6FC, 0xE6FC,
    0xE6FC, 0xE6FC, 0xE6FC, 0xE6FC, 0xE6FC, 0xE6FC, 0xE6FC, 0xE6FC, 0xE6FC, 0xE6FC, 0x9CD3, 0x0000, 0x6B4D, 0xE6FC, 0xE6FC, 0xE6FC,
    0xE6FC, 0xE6FC, 0xE6FC, 0xE6FC, 0xE6FC, 0xE6FC, 0xE6FC, 0xE6FC, 0x8C51, 0x0000, 0x0000, 0x0000, 0x0000, 0x0000, 0x0000, 0x0000,
    0x0000, 0x0000, 0x0000, 0x0000, 0x0000, 0x0000, 0x0000, 0x0000, 0x0000, 0x0000, 0x6B4D, 0xE6FC, 0xE6FC, 0xE6FC, 0xE6FC, 0xE6FC,
    0xE6FC, 0xE6FC, 0xE6FC, 0xE6FC, 0xE6FC, 0xE6FC, 0x2965, 0x0000, 0x0000, 0x0000, 0x0000, 0x0000, 0x0000, 0x0000, 0x0000, 0x0000,
    0x0000, 0x0000, 0x0000, 0x0000, 0x0000, 0x0000, 0x0000, 0x0000, 0x0000, 0x0000, 0x0000, 0x0000, 0x0000, 0x0000, 0x0000, 0x0000,
    0x0000, 0x0000, 0x0000, 0x0000, 0x0000, 0x0000, 0x0000, 0x0000, 0x0000, 0xE6FC, 0xE6FC, 0xE6FC, 0xE6FC, 0xE6FC, 0xE6FC, 0xE6FC,
    0xE6FC, 0xE6FC, 0xE6FC, 0xE6FC, 0xE6FC, 0x0000, 0x0000, 0x0000, 0x0000, 0x0000, 0x0000, 0x0000, 0x0000, 0x0000, 0x0000, 0x0000,
    0x0000, 0x0000, 0x0000, 0x0000, 0x0000, 0x0000, 0x0000, 0x0000, 0x0000, 0x0000, 0x0000, 0x0000, 0x0000, 0x0000, 0x0000, 0x0000,
    0x0000, 0x0000, 0x0000, 0xAD55, 0xE6FC, 0xE6FC, 0xE6FC, 0xE6FC, 0xE6FC, 0xE6FC, 0xE6FC, 0xE6FC, 0xE6FC, 0xE6FC, 0xE6FC, 0x2965,
    0x0000, 0x0000, 0x0000, 0x0000, 0x0000, 0x0000, 0x0000, 0x0000, 0x0000, 0x0000, 0x0000, 0x0000, 0x0000, 0x0000, 0x0000, 0x0000,
    0x0000, 0x0000, 0x0000, 0x0000, 0x0000, 0x0000, 0x0000, 0x0000, 0x0000, 0x0000, 0x0000, 0x0000, 0x6B4D, 0xE6FC, 0xE6FC, 0xE6FC,
    0xE6FC, 0xE6FC, 0xE6FC, 0xE6FC, 0xE6FC, 0xE6FC, 0xE6FC, 0xE6FC, 0x7BEF, 0x0000, 0x0000, 0x0000, 0x0000, 0x0000, 0x0000, 0x0000,
    0x0000, 0x0000, 0x0000, 0x0000, 0x0000, 0x0000, 0x0000, 0x0000, 0x0000, 0x0000, 0x0000, 0x0000, 0x6B4D, 0xE6FC, 0xE6FC, 0xE6FC,
    0xE6FC, 0xE6FC, 0xE6FC, 0xE6FC, 0xE6FC, 0xE6FC, 0xE6FC, 0xE6FC, 0x8C51, 0x0000, 0x0000, 0x0000, 0x0000, 0x0000, 0x0000, 0x0000,
    0x0000, 0x0000, 0x2965, 0xE6FC, 0xE6FC, 0xE6FC, 0xE6FC, 0xE6FC, 0xE6FC, 0xE6FC, 0xE6FC, 0xE6FC, 0xE6FC, 0xE6FC, 0x0000, 0x0000,
    0x0000, 0x0000, 0x0000, 0x0000, 0x0000, 0xD659, 0xE6FC, 0xE6FC, 0xE6FC, 0xE6FC, 0xE6FC, 0xE6FC, 0xE6FC, 0xE6FC, 0xE6FC, 0xE6FC,
    0xE6FC, 0xE6FC, 0xE6FC, 0xE6FC, 0xE6FC, 0xE6FC, 0xE6FC, 0xE6FC, 0xE6FC, 0x2965, 0x0000, 0x0000, 0x0000, 0x0000, 0x0000, 0x0000,
    0xAD55, 0xE6FC, 0xE6FC, 0xE6FC, 0xE6FC, 0xE6FC, 0xE6FC, 0xE6FC, 0xE6FC, 0xE6FC, 0xE6FC, 0xAD55, 0x0000, 0x0000, 0x0000, 0x0000,
    0x0000, 0x0000, 0x0000, 0x0000, 0x0000, 0x0000, 0x0000, 0x0000, 0x0000, 0x0000, 0x8C51, 0xE6FC, 0xE6FC, 0xE6FC, 0xE6FC, 0xE6FC,
    0xE6FC, 0xE6FC, 0xE6FC, 0xE6FC, 0xE6FC, 0xE6FC, 0xE6FC, 0x2965, 0xD659, 0xE6FC, 0xE6FC, 0xE6FC, 0xE6FC, 0xE6FC, 0xE6FC, 0xE6FC,
    0xE6FC, 0xE6FC, 0xE6FC, 0xE6FC, 0x2965, 0x0000, 0x0000, 0x0000, 0x0000, 0x0000, 0x0000, 0x0000, 0x0000, 0x0000, 0x0000, 0x0000,
    0x0000, 0x0000, 0x0000, 0x0000, 0x0000, 0x0000, 0x6B4D, 0xE6FC, 0xE6FC, 0xE6FC, 0xE6FC, 0xE6FC, 0xE6FC, 0xE6FC, 0xE6FC, 0xE6FC,
    0xE6FC, 0xE6FC, 0x2965, 0x0000, 0x0000, 0x0000, 0x0000, 0x0000, 0x0000, 0x0000, 0x0000, 0x0000, 0x0000, 0x0000, 0x0000, 0x0000,
    0x0000, 0x0000, 0x0000, 0x0000, 0x0000, 0x0000, 0x0000, 0x0000, 0x0000, 0x0000, 0x0000, 0x0000, 0x0000, 0x0000, 0x0000, 0x0000,
    0x0000, 0x0000, 0x0000, 0x0000, 0x0000, 0xE6FC, 0xE6FC, 0xE6FC, 0xE6FC, 0xE6FC, 0xE6FC, 0xE6FC, 0xE6FC, 0xE6FC, 0xE6FC, 0xE6FC,
    0xE6FC, 0x0000, 0x0000, 0x0000, 0x0000, 0x0000, 0x0000, 0x0000, 0x0000, 0x0000, 0x0000, 0x0000, 0x0000, 0x0000, 0x0000, 0x0000,
    0x0000, 0x0000, 0x0000, 0x0000, 0x0000, 0x0000, 0x0000, 0x0000, 0x0000, 0x0000, 0x0000, 0x0000, 0x0000, 0x0000, 0x0000, 0xAD55,
    0xE6FC, 0xE6FC, 0xE6FC, 0xE6FC, 0xE6FC, 0xE6FC, 0xE6FC, 0xE6FC, 0xE6FC, 0xE6FC, 0xE6FC, 0x2965, 0x0000, 0x0000, 0x0000, 0x0000,
    0x0000, 0x0000, 0x0000, 0x0000, 0x0000, 0x0000, 0x0000, 0x0000, 0x0000, 0x0000, 0x0000, 0x0000, 0x0000, 0x0000, 0x0000, 0x0000,
    0x0000, 0x0000, 0x0000, 0x0000, 0x0000, 0x0000, 0x0000, 0x0000, 0x2965, 0xE6FC, 0xE6FC, 0xE6FC, 0xE6FC, 0xE6FC, 0xE6FC, 0xE6FC,
    0xE6FC, 0xE6FC, 0xE6FC, 0xE6FC, 0xD659, 0x0000, 0x0000, 0x0000, 0x0000, 0x0000, 0x0000, 0x0000, 0x0000, 0x0000, 0x0000, 0x0000,
    0x0000, 0x0000, 0x0000, 0x0000, 0x0000, 0x0000, 0x0000, 0x0000, 0xAD55, 0xE6FC, 0xE6FC, 0xE6FC, 0xE6FC, 0xE6FC, 0xE6FC, 0xE6FC,
    0xE6FC, 0xE6FC, 0xE6FC, 0xE6FC, 0x6B4D, 0x0000, 0x0000, 0x0000, 0x0000, 0x0000, 0x0000, 0x0000, 0x0000, 0x0000, 0x2965, 0xE6FC,
    0xE6FC, 0xE6FC, 0xE6FC, 0xE6FC, 0xE6FC, 0xE6FC, 0xE6FC, 0xE6FC, 0xE6FC, 0xE6FC, 0x0000, 0x0000, 0x0000, 0x0000, 0x0000, 0x0000,
    0x0000, 0x4A49, 0xE6FC, 0xE6FC, 0xE6FC, 0xE6FC, 0xE6FC, 0xE6FC, 0xE6FC, 0xE6FC, 0xE6FC, 0xE6FC, 0xE6FC, 0xE6FC, 0xE6FC, 0xE6FC,
    0xE6FC, 0xE6FC, 0xE6FC, 0xE6FC, 0x9CD3, 0x0000, 0x0000, 0x0000, 0x0000, 0x0000, 0x0000, 0x0000, 0xAD55, 0xE6FC, 0xE6FC, 0xE6FC,
    0xE6FC, 0xE6FC, 0xE6FC, 0xE6FC, 0xE6FC, 0xE6FC, 0xE6FC, 0xAD55, 0x0000, 0x0000, 0x0000, 0x0000, 0x0000, 0x0000, 0x0000, 0x0000,
    0x0000, 0x0000, 0x0000, 0x0000, 0x0000, 0x0000, 0x2965, 0xE6FC, 0xE6FC, 0xE6FC, 0xE6FC, 0xE6FC, 0xE6FC, 0xE6FC, 0xE6FC, 0xE6FC,
    0xE6FC, 0xE6FC, 0xE6FC, 0xD659, 0xE6FC, 0xE6FC, 0xE6FC, 0xE6FC, 0xE6FC, 0xE6FC, 0xE6FC, 0xE6FC, 0xE6FC, 0xE6FC, 0xE6FC, 0x9CD3,
    0x0000, 0x0000, 0x0000, 0x0000, 0x0000, 0x0000, 0x0000, 0x0000, 0x0000, 0x0000, 0x0000, 0x0000, 0x0000, 0x0000, 0x0000, 0x0000,
    0x0000, 0x0000, 0x6B4D, 0xE6FC, 0xE6FC, 0xE6FC, 0xE6FC, 0xE6FC, 0xE6FC, 0xE6FC, 0xE6FC, 0xE6FC, 0xE6FC, 0xE6FC, 0x2965, 0x0000,
    0x0000, 0x0000, 0x0000, 0x0000, 0x0000, 0x0000, 0x0000, 0x0000, 0x0000, 0x0000, 0x0000, 0x0000, 0x0000, 0x0000, 0x0000, 0x0000,
    0x0000, 0x0000, 0x0000, 0x0000, 0x0000, 0x0000, 0x0000, 0x0000, 0x0000, 0x0000, 0x0000, 0x0000, 0x0000, 0x0000, 0x0000, 0x0000,
    0x0000, 0xE6FC, 0xE6FC, 0xE6FC, 0xE6FC, 0xE6FC, 0xE6FC, 0xE6FC, 0xE6FC, 0xE6FC, 0xE6FC, 0xE6FC, 0xE6FC, 0x0000, 0x0000, 0x0000,
    0x0000, 0x0000, 0x0000, 0x0000, 0x0000, 0x0000, 0x0000, 0x0000, 0x0000, 0x0000, 0x0000, 0x0000, 0x0000, 0x0000, 0x0000, 0x0000,
    0x0000, 0x0000, 0x0000, 0x0000, 0x0000, 0x0000, 0x0000, 0x0000, 0x0000, 0x0000, 0x0000, 0xAD55, 0xE6FC, 0xE6FC, 0xE6FC, 0xE6FC,
    0xE6FC, 0xE6FC, 0xE6FC, 0xE6FC, 0xE6FC, 0xE6FC, 0xE6FC, 0x2965, 0x0000, 0x0000, 0x0000, 0x0000, 0x0000, 0x0000, 0x0000, 0x0000,
    0x0000, 0x0000, 0x0000, 0x0000, 0x0000, 0x0000, 0x0000, 0x0000, 0x0000, 0x0000, 0x0000, 0x0000, 0x0000, 0x0000, 0x0000, 0x0000,
    0x0000, 0x0000, 0x0000, 0x0000, 0x0000, 0xE6FC, 0xE6FC, 0xE6FC, 0xE6FC, 0xE6FC, 0xE6FC, 0xE6FC, 0xE6FC, 0xE6FC, 0xE6FC, 0xE6FC,
    0xE6FC, 0x4A49, 0x0000, 0x0000, 0x0000, 0x0000, 0x0000, 0x0000, 0x0000, 0x0000, 0x0000, 0x0000, 0x0000, 0x0000, 0x0000, 0x0000,
    0x0000, 0x0000, 0x0000, 0x2965, 0xE6FC, 0xE6FC, 0xE6FC, 0xE6FC, 0xE6FC, 0xE6FC, 0xE6FC, 0xE6FC, 0xE6FC, 0xE6FC, 0xE6FC, 0xE6FC,
    0x2965, 0x0000, 0x0000, 0x0000, 0x0000, 0x0000, 0x0000, 0x0000, 0x0000, 0x0000, 0x2965, 0xE6FC, 0xE6FC, 0xE6FC, 0xE6FC, 0xE6FC,
    0xE6FC, 0xE6FC, 0xE6FC, 0xE6FC, 0xE6FC, 0xE6FC, 0x0000, 0x0000, 0x0000, 0x0000, 0x0000, 0x0000, 0x0000, 0x0000, 0xAD55, 0xE6FC,
    0xE6FC, 0xE6FC, 0xE6FC, 0xE6FC, 0xE6FC, 0xE6FC, 0xE6FC, 0xE6FC, 0xE6FC, 0xE6FC, 0xE6FC, 0xE6FC, 0xE6FC, 0xE6FC, 0xE6FC, 0xD659,
    0x0000, 0x0000, 0x0000, 0x0000, 0x0000, 0x0000, 0x0000, 0x0000, 0xAD55, 0xE6FC, 0xE6FC, 0xE6FC, 0xE6FC, 0xE6FC, 0xE6FC, 0xE6FC,
    0xE6FC, 0xE6FC, 0xE6FC, 0xAD55, 0x0000, 0x0000, 0x0000, 0x0000, 0x0000, 0x0000, 0x0000, 0x0000, 0x0000, 0x0000, 0x0000, 0x0000,
    0x0000, 0x0000, 0x0000, 0xAD55, 0xE6FC, 0xE6FC, 0xE6FC, 0xE6FC, 0xE6FC, 0xE6FC, 0xE6FC, 0xE6FC, 0xE6FC, 0xE6FC, 0xE6FC, 0xE6FC,
    0xE6FC, 0xE6FC, 0xE6FC, 0xE6FC, 0xE6FC, 0xE6FC, 0xE6FC, 0xE6FC, 0xE6FC, 0xE6FC, 0xE6FC, 0x2965, 0x0000, 0x0000, 0x0000, 0x0000,
    0x0000, 0x0000, 0x0000, 0x0000, 0x0000, 0x0000, 0x0000, 0x0000, 0x0000, 0x0000, 0x0000, 0x0000, 0x0000, 0x0000, 0x6B4D, 0xE6FC,
    0xE6FC, 0xE6FC, 0xE6FC, 0xE6FC, 0xE6FC, 0xE6FC, 0xE6FC, 0xE6FC, 0xE6FC, 0xE6FC, 0x2965, 0x0000, 0x0000, 0x0000, 0x0000, 0x0000,
    0x0000, 0x0000, 0x0000, 0x0000, 0x0000, 0x0000, 0x0000, 0x0000, 0x0000, 0x0000, 0x0000, 0x0000, 0x0000, 0x0000, 0x0000, 0x0000,
    0x0000, 0x0000, 0x0000, 0x0000, 0x0000, 0x0000, 0x0000, 0x0000, 0x0000, 0x0000, 0x0000, 0x0000, 0x0000, 0xE6FC, 0xE6FC, 0xE6FC,
    0xE6FC, 0xE6FC, 0xE6FC, 0xE6FC, 0xE6FC, 0xE6FC, 0xE6FC, 0xE6FC, 0xE6FC, 0x0000, 0x0000, 0x0000, 0x0000, 0x0000, 0x0000, 0x0000,
    0x0000, 0x0000, 0x0000, 0x0000, 0x0000, 0x0000, 0x0000, 0x0000, 0x0000, 0x0000, 0x0000, 0x0000, 0x0000, 0x0000, 0x0000, 0x0000,
    0x0000, 0x0000, 0x0000, 0x0000, 0x0000, 0x0000, 0x0000, 0xAD55, 0xE6FC, 0xE6FC, 0xE6FC, 0xE6FC, 0xE6FC, 0xE6FC, 0xE6FC, 0xE6FC,
    0xE6FC, 0xE6FC, 0xE6FC, 0x2965, 0x0000, 0x0000, 0x0000, 0x0000, 0x0000, 0x0000, 0x0000, 0x0000, 0x0000, 0x0000, 0x0000, 0x0000,
    0x0000, 0x0000, 0x0000, 0x0000, 0x0000, 0x0000, 0x0000, 0x0000, 0x0000, 0x0000, 0x0000, 0x0000, 0x0000, 0x0000, 0x0000, 0x0000,
    0x0000, 0xD659, 0xE6FC, 0xE6FC, 0xE6FC, 0xE6FC, 0xE6FC, 0xE6FC, 0xE6FC, 0xE6FC, 0xE6FC, 0xE6FC, 0xE6FC, 0xD659, 0x0000, 0x0000,
    0x0000, 0x0000, 0x0000, 0x0000, 0x0000, 0x0000, 0x0000, 0x0000, 0x0000, 0x0000, 0x0000, 0x0000, 0x0000, 0x0000, 0x0000, 0xAD55,
    0xE6FC, 0xE6FC, 0xE6FC, 0xE6FC, 0xE6FC, 0xE6FC, 0xE6FC, 0xE6FC, 0xE6FC, 0xE6FC, 0xE6FC, 0xE6FC, 0x0000, 0x0000, 0x0000, 0x0000,
    0x0000, 0x0000, 0x0000, 0x0000, 0x0000, 0x0000, 0x2965, 0xE6FC, 0xE6FC, 0xE6FC, 0xE6FC, 0xE6FC, 0xE6FC, 0xE6FC, 0xE6FC, 0xE6FC,
    0xE6FC, 0xE6FC, 0x0000, 0x0000, 0x0000, 0x0000, 0x0000, 0x0000, 0x0000, 0x0000, 0x2965, 0xD659, 0xE6FC, 0xE6FC, 0xE6FC, 0xE6FC,
    0xE6FC, 0xE6FC, 0xE6FC, 0xE6FC, 0xE6FC, 0xE6FC, 0xE6FC, 0xE6FC, 0xE6FC, 0xE6FC, 0xE6FC, 0x6B4D, 0x0000, 0x0000, 0x0000, 0x0000,
    0x0000, 0x0000, 0x0000, 0x0000, 0xAD55, 0xE6FC, 0xE6FC, 0xE6FC, 0xE6FC, 0xE6FC, 0xE6FC, 0xE6FC, 0xE6FC, 0xE6FC, 0xE6FC, 0xAD55,
    0x0000, 0x0000, 0x0000, 0x0000, 0x0000, 0x0000, 0x0000, 0x0000, 0x0000, 0x0000, 0x0000, 0x0000, 0x0000, 0x0000, 0x0000, 0x4A49,
    0xE6FC, 0xE6FC, 0xE6FC, 0xE6FC, 0xE6FC, 0xE6FC, 0xE6FC, 0xE6FC, 0xE6FC, 0xE6FC, 0xE6FC, 0xE6FC, 0xE6FC, 0xE6FC, 0xE6FC, 0xE6FC,
    0xE6FC, 0xE6FC, 0xE6FC, 0xE6FC, 0xE6FC, 0xE6FC, 0xAD55, 0x0000, 0x0000, 0x0000, 0x0000, 0x0000, 0x0000, 0x0000, 0x0000, 0x0000,
    0x0000, 0x0000, 0x0000, 0x0000, 0x0000, 0x0000, 0x0000, 0x0000, 0x0000, 0x0000, 0x6B4D, 0xE6FC, 0xE6FC, 0xE6FC, 0xE6FC, 0xE6FC,
    0xE6FC, 0xE6FC, 0xE6FC, 0xE6FC, 0xE6FC, 0xE6FC, 0x2965, 0x0000, 0x0000, 0x0000, 0x0000, 0x0000, 0x0000, 0x0000, 0x0000, 0x0000,
    0x0000, 0x0000, 0x0000, 0x0000, 0x0000, 0x0000, 0x0000, 0x0000, 0x0000, 0x0000, 0x0000, 0x0000, 0x0000, 0x0000, 0x0000, 0x0000,
    0x0000, 0x0000, 0x0000, 0x0000, 0x0000, 0x0000, 0x0000, 0x0000, 0x0000, 0xE6FC, 0xE6FC, 0xE6FC, 0xE6FC, 0xE6FC, 0xE6FC, 0xE6FC,
    0xE6FC, 0xE6FC, 0xE6FC, 0xE6FC, 0xE6FC, 0x0000, 0x0000, 0x0000, 0x0000, 0x0000, 0x0000, 0x0000, 0x0000, 0x0000, 0x0000, 0x0000,
    0x0000, 0x0000, 0x0000, 0x0000, 0x0000, 0x0000, 0x0000, 0x0000, 0x0000, 0x0000, 0x0000, 0x0000, 0x0000, 0x0000, 0x0000, 0x0000,
    0x0000, 0x0000, 0x0000, 0xAD55, 0xE6FC, 0xE6FC, 0xE6FC, 0xE6FC, 0xE6FC, 0xE6FC, 0xE6FC, 0xE6FC, 0xE6FC, 0xE6FC, 0xE6FC, 0x2965,
    0x0000, 0x0000, 0x0000, 0x0000, 0x0000, 0x0000, 0x0000, 0x0000, 0x0000, 0x0000, 0x0000, 0x0000, 0x0000, 0x0000, 0x0000, 0x0000,
    0x0000, 0x0000, 0x0000, 0x0000, 0x0000, 0x0000, 0x0000, 0x0000, 0x0000, 0x0000, 0x0000, 0x0000, 0x0000, 0x7BEF, 0xE6FC, 0xE6FC,
    0xE6FC, 0xE6FC, 0xE6FC, 0xE6FC, 0xE6FC, 0xE6FC, 0xE6FC, 0xE6FC, 0xE6FC, 0xE6FC, 0x8C51, 0x0000, 0x0000, 0x0000, 0x0000, 0x0000,
    0x0000, 0x0000, 0x0000, 0x0000, 0x0000, 0x0000, 0x0000, 0x0000, 0x0000, 0x0000, 0x7BEF, 0xE6FC, 0xE6FC, 0xE6FC, 0xE6FC, 0xE6FC,
    0xE6FC, 0xE6FC, 0xE6FC, 0xE6FC, 0xE6FC, 0xE6FC, 0xE6FC, 0x9CD3, 0x0000, 0x0000, 0x0000, 0x0000, 0x0000, 0x0000, 0x0000, 0x0000,
    0x0000, 0x0000, 0x2965, 0xE6FC, 0xE6FC, 0xE6FC, 0xE6FC, 0xE6FC, 0xE6FC, 0xE6FC, 0xE6FC, 0xE6FC, 0xE6FC, 0xE6FC, 0x0000, 0x0000,
    0x0000, 0x0000, 0x0000, 0x0000, 0x0000, 0x0000, 0x0000, 0x6B4D, 0xE6FC, 0xE6FC, 0xE6FC, 0xE6FC, 0xE6FC, 0xE6FC, 0xE6FC, 0xE6FC,
    0xE6FC, 0xE6FC, 0xE6FC, 0xE6FC, 0xE6FC, 0xE6FC, 0xAD55, 0x0000, 0x0000, 0x0000, 0x0000, 0x0000, 0x0000, 0x0000, 0x0000, 0x0000,
    0xAD55, 0xE6FC, 0xE6FC, 0xE6FC, 0xE6FC, 0xE6FC, 0xE6FC, 0xE6FC, 0xE6FC, 0xE6FC, 0xE6FC, 0xAD55, 0x0000, 0x0000, 0x0000, 0x0000,
    0x0000, 0x0000, 0x0000, 0x0000, 0x0000, 0x0000, 0x0000, 0x0000, 0x0000, 0x0000, 0x0000, 0x0000, 0xD659, 0xE6FC, 0xE6FC, 0xE6FC,
    0xE6FC, 0xE6FC, 0xE6FC, 0xE6FC, 0xE6FC, 0xE6FC, 0xE6FC, 0xE6FC, 0xE6FC, 0xE6FC, 0xE6FC, 0xE6FC, 0xE6FC, 0xE6FC, 0xE6FC, 0xE6FC,
    0xE6FC, 0xE6FC, 0x4A49, 0x0000, 0x0000, 0x0000, 0x0000, 0x0000, 0x0000, 0x0000, 0x0000, 0x0000, 0x0000, 0x0000, 0x0000, 0x0000,
    0x0000, 0x0000, 0x0000, 0x0000, 0x0000, 0x0000, 0x6B4D, 0xE6FC, 0xE6FC, 0xE6FC, 0xE6FC, 0xE6FC, 0xE6FC, 0xE6FC, 0xE6FC, 0xE6FC,
    0xE6FC, 0xE6FC, 0x2965, 0x0000, 0x0000, 0x0000, 0x0000, 0x0000, 0x0000, 0x0000, 0x0000, 0x0000, 0x0000, 0x0000, 0x0000, 0x0000,
    0x0000, 0x0000, 0x0000, 0x0000, 0x0000, 0x0000, 0x0000, 0x0000, 0x0000, 0x0000, 0x0000, 0x0000, 0x0000, 0x0000, 0x0000, 0x0000,
    0x0000, 0x0000, 0x0000, 0x0000, 0x0000, 0xE6FC, 0xE6FC, 0xE6FC, 0xE6FC, 0xE6FC, 0xE6FC, 0xE6FC, 0xE6FC, 0xE6FC, 0xE6FC, 0xE6FC,
    0xE6FC, 0x0000, 0x0000, 0x0000, 0x0000, 0x0000, 0x0000, 0x0000, 0x0000, 0x0000, 0x0000, 0x0000, 0x0000, 0x0000, 0x0000, 0x0000,
    0x0000, 0x0000, 0x0000, 0x0000, 0x0000, 0x0000, 0x0000, 0x0000, 0x0000, 0x0000, 0x0000, 0x0000, 0x0000, 0x0000, 0x0000, 0xAD55,
    0xE6FC, 0xE6FC, 0xE6FC, 0xE6FC, 0xE6FC, 0xE6FC, 0xE6FC, 0xE6FC, 0xE6FC, 0xE6FC, 0xE6FC, 0x2965, 0x0000, 0x0000, 0x0000, 0x0000,
    0x0000, 0x0000, 0x0000, 0x0000, 0x0000, 0x0000, 0x0000, 0x0000, 0x0000, 0x0000, 0x0000, 0x0000, 0x0000, 0x0000, 0x0000, 0x0000,
    0x0000, 0x0000, 0x0000, 0x0000, 0x0000, 0x0000, 0x0000, 0x0000, 0x0000, 0x2965, 0xE6FC, 0xE6FC, 0xE6FC, 0xE6FC, 0xE6FC, 0xE6FC,
    0xE6FC, 0xE6FC, 0xE6FC, 0xE6FC, 0xE6FC, 0xE6FC, 0xE6FC, 0x8C51, 0x0000, 0x0000, 0x0000, 0x0000, 0x0000, 0x0000, 0x0000, 0x0000,
    0x0000, 0x0000, 0x0000, 0x0000, 0x0000, 0x7BEF, 0xE6FC, 0xE6FC, 0xE6FC, 0xE6FC, 0xE6FC, 0xE6FC, 0xE6FC, 0xE6FC, 0xE6FC, 0xE6FC,
    0xE6FC, 0xE6FC, 0xE6FC, 0x4A49, 0x0000, 0x0000, 0x0000, 0x0000, 0x0000, 0x0000, 0x0000, 0x0000, 0x0000, 0x0000, 0x2965, 0xE6FC,
    0xE6FC, 0xE6FC, 0xE6FC, 0xE6FC, 0xE6FC, 0xE6FC, 0xE6FC, 0xE6FC, 0xE6FC, 0xE6FC, 0x0000, 0x0000, 0x0000, 0x0000, 0x0000, 0x0000,
    0x0000, 0x0000, 0x0000, 0x0000, 0xAD55, 0xE6FC, 0xE6FC, 0xE6FC, 0xE6FC, 0xE6FC, 0xE6FC, 0xE6FC, 0xE6FC, 0xE6FC, 0xE6FC, 0xE6FC,
    0xE6FC, 0xE6FC, 0x2965, 0x0000, 0x0000, 0x0000, 0x0000, 0x0000, 0x0000, 0x0000, 0x0000, 0x0000, 0xAD55, 0xE6FC, 0xE6FC, 0xE6FC,
    0xE6FC, 0xE6FC, 0xE6FC, 0xE6FC, 0xE6FC, 0xE6FC, 0xE6FC, 0xAD55, 0x0000, 0x0000, 0x0000, 0x0000, 0x0000, 0x0000, 0x0000, 0x0000,
    0x0000, 0x0000, 0x0000, 0x0000, 0x0000, 0x0000, 0x0000, 0x0000, 0x4A49, 0xE6FC, 0xE6FC, 0xE6FC, 0xE6FC, 0xE6FC, 0xE6FC, 0xE6FC,
    0xE6FC, 0xE6FC, 0xE6FC, 0xE6FC, 0xE6FC, 0xE6FC, 0xE6FC, 0xE6FC, 0xE6FC, 0xE6FC, 0xE6FC, 0xE6FC, 0xE6FC, 0xD659, 0x0000, 0x0000,
    0x0000, 0x0000, 0x0000, 0x0000, 0x0000, 0x0000, 0x0000, 0x0000, 0x0000, 0x0000, 0x0000, 0x0000, 0x0000, 0x0000, 0x0000, 0x0000,
    0x0000, 0x0000, 0x6B4D, 0xE6FC, 0xE6FC, 0xE6FC, 0xE6FC, 0xE6FC, 0xE6FC, 0xE6FC, 0xE6FC, 0xE6FC, 0xE6FC, 0xE6FC, 0x2965, 0x0000,
    0x0000, 0x0000, 0x0000, 0x0000, 0x0000, 0x0000, 0x0000, 0x0000, 0x0000, 0x0000, 0x0000, 0x0000, 0x0000, 0x0000, 0x0000, 0x0000,
    0x0000, 0x0000, 0x0000, 0x0000, 0x0000, 0x0000, 0x0000, 0x0000, 0x0000, 0x0000, 0x0000, 0x0000, 0x0000, 0x0000, 0x0000, 0x0000,
    0x0000, 0xE6FC, 0xE6FC, 0xE6FC, 0xE6FC, 0xE6FC, 0xE6FC, 0xE6FC, 0xE6FC, 0xE6FC, 0xE6FC, 0xE6FC, 0xE6FC, 0x0000, 0x0000, 0x0000,
    0x0000, 0x0000, 0x0000, 0x0000, 0x0000, 0x0000, 0x0000, 0x0000, 0x0000, 0x0000, 0x0000, 0x0000, 0x0000, 0x0000, 0x0000, 0x0000,
    0x0000, 0x0000, 0x0000, 0x0000, 0x0000, 0x0000, 0x0000, 0x0000, 0x0000, 0x0000, 0x0000, 0xAD55, 0xE6FC, 0xE6FC, 0xE6FC, 0xE6FC,
    0xE6FC, 0xE6FC, 0xE6FC, 0xE6FC, 0xE6FC, 0xE6FC, 0xE6FC, 0x2965, 0x0000, 0x0000, 0x0000, 0x0000, 0x0000, 0x0000, 0x0000, 0x0000,
    0x0000, 0x0000, 0x0000, 0x0000, 0x0000, 0x0000, 0x0000, 0x0000, 0x0000, 0x0000, 0x0000, 0x0000, 0x0000, 0x0000, 0x0000, 0x0000,
    0x0000, 0x0000, 0x0000, 0x0000, 0x0000, 0x0000, 0xAD55, 0xE6FC, 0xE6FC, 0xE6FC, 0xE6FC, 0xE6FC, 0xE6FC, 0xE6FC, 0xE6FC, 0xE6FC,
    0xE6FC, 0xE6FC, 0xE6FC, 0xE6FC, 0xD659, 0x4A49, 0x0000, 0x0000, 0x0000, 0x0000, 0x0000, 0x0000, 0x0000, 0x0000, 0x0000, 0x2965,
    0xAD55, 0xE6FC, 0xE6FC, 0xE6FC, 0xE6FC, 0xE6FC, 0xE6FC, 0xE6FC, 0xE6FC, 0xE6FC, 0xE6FC, 0xE6FC, 0xE6FC, 0xE6FC, 0xD659, 0x0000,
    0x0000, 0x0000, 0x0000, 0x0000, 0x0000, 0x0000, 0x0000, 0x0000, 0x0000, 0x0000, 0x2965, 0xE6FC, 0xE6FC, 0xE6FC, 0xE6FC, 0xE6FC,
    0xE6FC, 0xE6FC, 0xE6FC, 0xE6FC, 0xE6FC, 0xE6FC, 0x0000, 0x0000, 0x0000, 0x0000, 0x0000, 0x0000, 0x0000, 0x0000, 0x0000, 0x0000,
    0x2965, 0xE6FC, 0xE6FC, 0xE6FC, 0xE6FC, 0xE6FC, 0xE6FC, 0xE6FC, 0xE6FC, 0xE6FC, 0xE6FC, 0xE6FC, 0xE6FC, 0x6B4D, 0x0000, 0x0000,
    0x0000, 0x0000, 0x0000, 0x0000, 0x0000, 0x0000, 0x0000, 0x0000, 0xAD55, 0xE6FC, 0xE6FC, 0xE6FC, 0xE6FC, 0xE6FC, 0xE6FC, 0xE6FC,
    0xE6FC, 0xE6FC, 0xE6FC, 0xAD55, 0x0000, 0x0000, 0x0000, 0x0000, 0x0000, 0x0000, 0x0000, 0x0000, 0x0000, 0x0000, 0x0000, 0x0000,
    0x0000, 0x0000, 0x0000, 0x0000, 0x0000, 0xD659, 0xE6FC, 0xE6FC, 0xE6FC, 0xE6FC, 0xE6FC, 0xE6FC, 0xE6FC, 0xE6FC, 0xE6FC, 0xE6FC,
    0xE6FC, 0xE6FC, 0xE6FC, 0xE6FC, 0xE6FC, 0xE6FC, 0xE6FC, 0xE6FC, 0xE6FC, 0x6B4D, 0x0000, 0x0000, 0x0000, 0x0000, 0x0000, 0x0000,
    0x0000, 0x0000, 0x0000, 0x0000, 0x0000, 0x0000, 0x0000, 0x0000, 0x0000, 0x0000, 0x0000, 0x0000, 0x0000, 0x0000, 0x6B4D, 0xE6FC,
    0xE6FC, 0xE6FC, 0xE6FC, 0xE6FC, 0xE6FC, 0xE6FC, 0xE6FC, 0xE6FC, 0xE6FC, 0xE6FC, 0xAD55, 0xAD55, 0xAD55, 0xAD55, 0xAD55, 0xAD55,
    0xAD55, 0xAD55, 0xAD55, 0xAD55, 0xAD55, 0xAD55, 0xAD55, 0xAD55, 0xAD55, 0xAD55, 0xAD55, 0xAD55, 0xAD55, 0xAD55, 0xAD55, 0xAD55,
    0xAD55, 0xAD55, 0xAD55, 0xAD55, 0xAD55, 0x2965, 0x0000, 0x0000, 0x0000, 0x0000, 0x0000, 0x0000, 0x0000, 0xE6FC, 0xE6FC, 0xE6FC,
    0xE6FC, 0xE6FC, 0xE6FC, 0xE6FC, 0xE6FC, 0xE6FC, 0xE6FC, 0xE6FC, 0xE6FC, 0xAD55, 0xAD55, 0xAD55, 0xAD55, 0xAD55, 0xAD55, 0xAD55,
    0xAD55, 0xAD55, 0xAD55, 0xAD55, 0xAD55, 0xAD55, 0xAD55, 0xAD55, 0xAD55, 0xAD55, 0xAD55, 0xAD55, 0xAD55, 0xAD55, 0xAD55, 0xAD55,
    0xAD55, 0x0000, 0x0000, 0x0000, 0x0000, 0x0000, 0x0000, 0xAD55, 0xE6FC, 0xE6FC, 0xE6FC, 0xE6FC, 0xE6FC, 0xE6FC, 0xE6FC, 0xE6FC,
    0xE6FC, 0xE6FC, 0xE6FC, 0xAD55, 0xAD55, 0xAD55, 0xAD55, 0xAD55, 0xAD55, 0xAD55, 0xAD55, 0xAD55, 0xAD55, 0xAD55, 0xAD55, 0xAD55,
    0xAD55, 0xAD55, 0xAD55, 0xAD55, 0xAD55, 0xAD55, 0xAD55, 0xAD55, 0xAD55, 0xAD55, 0xAD55, 0x2965, 0x0000, 0x0000, 0x0000, 0x0000,
    0x0000, 0x0000, 0x4A49, 0xE6FC, 0xE6FC, 0xE6FC, 0xE6FC, 0xE6FC, 0xE6FC, 0xE6FC, 0xE6FC, 0xE6FC, 0xE6FC, 0xE6FC, 0xE6FC, 0xE6FC,
    0xE6FC, 0xE6FC, 0xD659, 0x9CD3, 0x6B4D, 0x4A49, 0x2965, 0x4A49, 0x6B4D, 0x8C51, 0xD659, 0xE6FC, 0xE6FC, 0xE6FC, 0xE6FC, 0xE6FC,
    0xE6FC, 0xE6FC, 0xE6FC, 0xE6FC, 0xE6FC, 0xE6FC, 0xE6FC, 0xE6FC, 0xE6FC, 0xE6FC, 0x6B4D, 0x0000, 0x0000, 0x0000, 0x0000, 0x0000,
    0x0000, 0x0000, 0x0000, 0x0000, 0x0000, 0x0000, 0x2965, 0xE6FC, 0xE6FC, 0xE6FC, 0xE6FC, 0xE6FC, 0xE6FC, 0xE6FC, 0xE6FC, 0xE6FC,
    0xE6FC, 0xE6FC, 0x0000, 0x0000, 0x0000, 0x0000, 0x0000, 0x0000, 0x0000, 0x0000, 0x0000, 0x0000, 0x0000, 0x6B4D, 0xE6FC, 0xE6FC,
    0xE6FC, 0xE6FC, 0xE6FC, 0xE6FC, 0xE6FC, 0xE6FC, 0xE6FC, 0xE6FC, 0xD659, 0x0000, 0x0000, 0x0000, 0x0000, 0x0000, 0x0000, 0x0000,
    0x0000, 0x0000, 0x0000, 0x0000, 0xAD55, 0xE6FC, 0xE6FC, 0xE6FC, 0xE6FC, 0xE6FC, 0xE6FC, 0xE6FC, 0xE6FC, 0xE6FC, 0xE6FC, 0xAD55,
    0x0000, 0x0000, 0x0000, 0x0000, 0x0000, 0x0000, 0x0000, 0x0000, 0x0000, 0x0000, 0x0000, 0x0000, 0x0000, 0x0000, 0x0000, 0x0000,
    0x0000, 0x6B4D, 0xE6FC, 0xE6FC, 0xE6FC, 0xE6FC, 0xE6FC, 0xE6FC, 0xE6FC, 0xE6FC, 0xE6FC, 0xE6FC, 0xE6FC, 0xE6FC, 0xE6FC, 0xE6FC,
    0xE6FC, 0xE6FC, 0xE6FC, 0xE6FC, 0xD659, 0x0000, 0x0000, 0x0000, 0x0000, 0x0000, 0x0000, 0x0000, 0x0000, 0x0000, 0x0000, 0x0000,
    0x0000, 0x0000, 0x0000, 0x0000, 0x0000, 0x0000, 0x0000, 0x0000, 0x0000, 0x0000, 0x6B4D, 0xE6FC, 0xE6FC, 0xE6FC, 0xE6FC, 0xE6FC,
    0xE6FC, 0xE6FC, 0xE6FC, 0xE6FC, 0xE6FC, 0xE6FC, 0xE6FC, 0xE6FC, 0xE6FC, 0xE6FC, 0xE6FC, 0xE6FC, 0xE6FC, 0xE6FC, 0xE6FC, 0xE6FC,
    0xE6FC, 0xE6FC, 0xE6FC, 0xE6FC, 0xE6FC, 0xE6FC, 0xE6FC, 0xE6FC, 0xE6FC, 0xE6FC, 0xE6FC, 0xE6FC, 0xE6FC, 0xE6FC, 0xE6FC, 0xE6FC,
    0xE6FC, 0x2965, 0x0000, 0x0000, 0x0000, 0x0000, 0x0000, 0x0000, 0x0000, 0xE6FC, 0xE6FC, 0xE6FC, 0xE6FC, 0xE6FC, 0xE6FC, 0xE6FC,
    0xE6FC, 0xE6FC, 0xE6FC, 0xE6FC, 0xE6FC, 0xE6FC, 0xE6FC, 0xE6FC, 0xE6FC, 0xE6FC, 0xE6FC, 0xE6FC, 0xE6FC, 0xE6FC, 0xE6FC, 0xE6FC,
    0xE6FC, 0xE6FC, 0xE6FC, 0xE6FC, 0xE6FC, 0xE6FC, 0xE6FC, 0xE6FC, 0xE6FC, 0xE6FC, 0xE6FC, 0xE6FC, 0xE6FC, 0x0000, 0x0000, 0x0000,
    0x0000, 0x0000, 0x0000, 0xAD55, 0xE6FC, 0xE6FC, 0xE6FC, 0xE6FC, 0xE6FC, 0xE6FC, 0xE6FC, 0xE6FC, 0xE6FC, 0xE6FC, 0xE6FC, 0xE6FC,
    0xE6FC, 0xE6FC, 0xE6FC, 0xE6FC, 0xE6FC, 0xE6FC, 0xE6FC, 0xE6FC, 0xE6FC, 0xE6FC, 0xE6FC, 0xE6FC, 0xE6FC, 0xE6FC, 0xE6FC, 0xE6FC,
    0xE6FC, 0xE6FC, 0xE6FC, 0xE6FC, 0xE6FC, 0xE6FC, 0xE6FC, 0x2965, 0x0000, 0x0000, 0x0000, 0x0000, 0x0000, 0x0000, 0x0000, 0xAD55,
    0xE6FC, 0xE6FC, 0xE6FC, 0xE6FC, 0xE6FC, 0xE6FC, 0xE6FC, 0xE6FC, 0xE6FC, 0xE6FC, 0xE6FC, 0xE6FC, 0xE6FC, 0xE6FC, 0xE6FC, 0xE6FC,
    0xE6FC, 0xE6FC, 0xE6FC, 0xE6FC, 0xE6FC, 0xE6FC, 0xE6FC, 0xE6FC, 0xE6FC, 0xE6FC, 0xE6FC, 0xE6FC, 0xE6FC, 0xE6FC, 0xE6FC, 0xE6FC,
    0xE6FC, 0xE6FC, 0xE6FC, 0xE6FC, 0xE6FC, 0xD659, 0x0000, 0x0000, 0x0000, 0x0000, 0x0000, 0x0000, 0x0000, 0x0000, 0x0000, 0x0000,
    0x0000, 0x0000, 0x2965, 0xE6FC, 0xE6FC, 0xE6FC, 0xE6FC, 0xE6FC, 0xE6FC, 0xE6FC, 0xE6FC, 0xE6FC, 0xE6FC, 0xE6FC, 0x0000, 0x0000,
    0x0000, 0x0000, 0x0000, 0x0000, 0x0000, 0x0000, 0x0000, 0x0000, 0x0000, 0x0000, 0xAD55, 0xE6FC, 0xE6FC, 0xE6FC, 0xE6FC, 0xE6FC,
    0xE6FC, 0xE6FC, 0xE6FC, 0xE6FC, 0x2965, 0x0000, 0x0000, 0x0000, 0x0000, 0x0000, 0x0000, 0x0000, 0x0000, 0x0000, 0x0000, 0x0000,
    0xAD55, 0xE6FC, 0xE6FC, 0xE6FC, 0xE6FC, 0xE6FC, 0xE6FC, 0xE6FC, 0xE6FC, 0xE6FC, 0xE6FC, 0xAD55, 0x0000, 0x0000, 0x0000, 0x0000,
    0x0000, 0x0000, 0x0000, 0x0000, 0x0000, 0x0000, 0x0000, 0x0000, 0x0000, 0x0000, 0x0000, 0x0000, 0x0000, 0x0000, 0xD659, 0xE6FC,
    0xE6FC, 0xE6FC, 0xE6FC, 0xE6FC, 0xE6FC, 0xE6FC, 0xE6FC, 0xE6FC, 0xE6FC, 0xE6FC, 0xE6FC, 0xE6FC, 0xE6FC, 0xE6FC, 0xE6FC, 0xE6FC,
    0x6B4D, 0x0000, 0x0000, 0x0000, 0x0000, 0x0000, 0x0000, 0x0000, 0x0000, 0x0000, 0x0000, 0x0000, 0x0000, 0x0000, 0x0000, 0x0000,
    0x0000, 0x0000, 0x0000, 0x0000, 0x0000, 0x0000, 0x6B4D, 0xE6FC, 0xE6FC, 0xE6FC, 0xE6FC, 0xE6FC, 0xE6FC, 0xE6FC, 0xE6FC, 0xE6FC,
    0xE6FC, 0xE6FC, 0xE6FC, 0xE6FC, 0xE6FC, 0xE6FC, 0xE6FC, 0xE6FC, 0xE6FC, 0xE6FC, 0xE6FC, 0xE6FC, 0xE6FC, 0xE6FC, 0xE6FC, 0xE6FC,
    0xE6FC, 0xE6FC, 0xE6FC, 0xE6FC, 0xE6FC, 0xE6FC, 0xE6FC, 0xE6FC, 0xE6FC, 0xE6FC, 0xE6FC, 0xE6FC, 0xE6FC, 0x2965, 0x0000, 0x0000,
    0x0000, 0x0000, 0x0000, 0x0000, 0x0000, 0xE6FC, 0xE6FC, 0xE6FC, 0xE6FC, 0xE6FC, 0xE6FC, 0xE6FC, 0xE6FC, 0xE6FC, 0xE6FC, 0xE6FC,
    0xE6FC, 0xE6FC, 0xE6FC, 0xE6FC, 0xE6FC, 0xE6FC, 0xE6FC, 0xE6FC, 0xE6FC, 0xE6FC, 0xE6FC, 0xE6FC, 0xE6FC, 0xE6FC, 0xE6FC, 0xE6FC,
    0xE6FC, 0xE6FC, 0xE6FC, 0xE6FC, 0xE6FC, 0xE6FC, 0xE6FC, 0xE6FC, 0xE6FC, 0x0000, 0x0000, 0x0000, 0x0000, 0x0000, 0x0000, 0xAD55,
    0xE6FC, 0xE6FC, 0xE6FC, 0xE6FC, 0xE6FC, 0xE6FC, 0xE6FC, 0xE6FC, 0xE6FC, 0xE6FC, 0xE6FC, 0xE6FC, 0xE6FC, 0xE6FC, 0xE6FC, 0xE6FC,
    0xE6FC, 0xE6FC, 0xE6FC, 0xE6FC, 0xE6FC, 0xE6FC, 0xE6FC, 0xE6FC, 0xE6FC, 0xE6FC, 0xE6FC, 0xE6FC, 0xE6FC, 0xE6FC, 0xE6FC, 0xE6FC,
    0xE6FC, 0xE6FC, 0xE6FC, 0x2965, 0x0000, 0x0000, 0x0000, 0x0000, 0x0000, 0x0000, 0x0000, 0x2965, 0xE6FC, 0xE6FC, 0xE6FC, 0xE6FC,
    0xE6FC, 0xE6FC, 0xE6FC, 0xE6FC, 0xE6FC, 0xE6FC, 0xE6FC, 0xE6FC, 0xE6FC, 0xE6FC, 0xE6FC, 0xE6FC, 0xE6FC, 0xE6FC, 0xE6FC, 0xE6FC,
    0xE6FC, 0xE6FC, 0xE6FC, 0xE6FC, 0xE6FC, 0xE6FC, 0xE6FC, 0xE6FC, 0xE6FC, 0xE6FC, 0xE6FC, 0xE6FC, 0xE6FC, 0xE6FC, 0xE6FC, 0xE6FC,
    0xE6FC, 0x4A49, 0x0000, 0x0000, 0x0000, 0x0000, 0x0000, 0x0000, 0x0000, 0x0000, 0x0000, 0x0000, 0x0000, 0x0000, 0x2965, 0xE6FC,
    0xE6FC, 0xE6FC, 0xE6FC, 0xE6FC, 0xE6FC, 0xE6FC, 0xE6FC, 0xE6FC, 0xE6FC, 0xE6FC, 0x0000, 0x0000, 0x0000, 0x0000, 0x0000, 0x0000,
    0x0000, 0x0000, 0x0000, 0x0000, 0x0000, 0x0000, 0x2965, 0xE6FC, 0xE6FC, 0xE6FC, 0xE6FC, 0xE6FC, 0xE6FC, 0xE6FC, 0xE6FC, 0x9CD3,
    0x0000, 0x0000, 0x0000, 0x0000, 0x0000, 0x0000, 0x0000, 0x0000, 0x0000, 0x0000, 0x0000, 0x0000, 0xAD55, 0xE6FC, 0xE6FC, 0xE6FC,
    0xE6FC, 0xE6FC, 0xE6FC, 0xE6FC, 0xE6FC, 0xE6FC, 0xE6FC, 0xAD55, 0x0000, 0x0000, 0x0000, 0x0000, 0x0000, 0x0000, 0x0000, 0x0000,
    0x0000, 0x0000, 0x0000, 0x0000, 0x0000, 0x0000, 0x0000, 0x0000, 0x0000, 0x0000, 0x8C51, 0xE6FC, 0xE6FC, 0xE6FC, 0xE6FC, 0xE6FC,
    0xE6FC, 0xE6FC, 0xE6FC, 0xE6FC, 0xE6FC, 0xE6FC, 0xE6FC, 0xE6FC, 0xE6FC, 0xE6FC, 0xE6FC, 0xE6FC, 0x2965, 0x0000, 0x0000, 0x0000,
    0x0000, 0x0000, 0x0000, 0x0000, 0x0000, 0x0000, 0x0000, 0x0000, 0x0000, 0x0000, 0x0000, 0x0000, 0x0000, 0x0000, 0x0000, 0x0000,
    0x0000, 0x0000, 0x6B4D, 0xE6FC, 0xE6FC, 0xE6FC, 0xE6FC, 0xE6FC, 0xE6FC, 0xE6FC, 0xE6FC, 0xE6FC, 0xE6FC, 0xE6FC, 0xE6FC, 0xE6FC,
    0xE6FC, 0xE6FC, 0xE6FC, 0xE6FC, 0xE6FC, 0xE6FC, 0xE6FC, 0xE6FC, 0xE6FC, 0xE6FC, 0xE6FC, 0xE6FC, 0xE6FC, 0xE6FC, 0xE6FC, 0xE6FC,
    0xE6FC, 0xE6FC, 0xE6FC, 0xE6FC, 0xE6FC, 0xE6FC, 0xE6FC, 0xE6FC, 0xE6FC, 0x2965, 0x0000, 0x0000, 0x0000, 0x0000, 0x0000, 0x0000,
    0x0000, 0xE6FC, 0xE6FC, 0xE6FC, 0xE6FC, 0xE6FC, 0xE6FC, 0xE6FC, 0xE6FC, 0xE6FC, 0xE6FC, 0xE6FC, 0xE6FC, 0xE6FC, 0xE6FC, 0xE6FC,
    0xE6FC, 0xE6FC, 0xE6FC, 0xE6FC, 0xE6FC, 0xE6FC, 0xE6FC, 0xE6FC, 0xE6FC, 0xE6FC, 0xE6FC, 0xE6FC, 0xE6FC, 0xE6FC, 0xE6FC, 0xE6FC,
    0xE6FC, 0xE6FC, 0xE6FC, 0xE6FC, 0xE6FC, 0x0000, 0x0000, 0x0000, 0x0000, 0x0000, 0x0000, 0xAD55, 0xE6FC, 0xE6FC, 0xE6FC, 0xE6FC,
    0xE6FC, 0xE6FC, 0xE6FC, 0xE6FC, 0xE6FC, 0xE6FC, 0xE6FC, 0xE6FC, 0xE6FC, 0xE6FC, 0xE6FC, 0xE6FC, 0xE6FC, 0xE6FC, 0xE6FC, 0xE6FC,
    0xE6FC, 0xE6FC, 0xE6FC, 0xE6FC, 0xE6FC, 0xE6FC, 0xE6FC, 0xE6FC, 0xE6FC, 0xE6FC, 0xE6FC, 0xE6FC, 0xE6FC, 0xE6FC, 0xE6FC, 0x2965,
    0x0000, 0x0000, 0x0000, 0x0000, 0x0000, 0x0000, 0x0000, 0x0000, 0x4A49, 0xE6FC, 0xE6FC, 0xE6FC, 0xE6FC, 0xE6FC, 0xE6FC, 0xE6FC,
    0xE6FC, 0xE6FC, 0xE6FC, 0xE6FC, 0xE6FC, 0xE6FC, 0xE6FC, 0xE6FC, 0xE6FC, 0xE6FC, 0xE6FC, 0xE6FC, 0xE6FC, 0xE6FC, 0xE6FC, 0xE6FC,
    0xE6FC, 0xE6FC, 0xE6FC, 0xE6FC, 0xE6FC, 0xE6FC, 0xE6FC, 0xE6FC, 0xE6FC, 0xE6FC, 0xE6FC, 0xE6FC, 0x8C51, 0x0000, 0x0000, 0x0000,
    0x0000, 0x0000, 0x0000, 0x0000, 0x0000, 0x0000, 0x0000, 0x0000, 0x0000, 0x0000, 0x2965, 0xE6FC, 0xE6FC, 0xE6FC, 0xE6FC, 0xE6FC,
    0xE6FC, 0xE6FC, 0xE6FC, 0xE6FC, 0xE6FC, 0xE6FC, 0x0000, 0x0000, 0x0000, 0x0000, 0x0000, 0x0000, 0x0000, 0x0000, 0x0000, 0x0000,
    0x0000, 0x0000, 0x0000, 0x7BEF, 0xE6FC, 0xE6FC, 0xE6FC, 0xE6FC, 0xE6FC, 0xE6FC, 0xD659, 0x0000, 0x0000, 0x0000, 0x0000, 0x0000,
    0x0000, 0x0000, 0x0000, 0x0000, 0x0000, 0x0000, 0x0000, 0x0000, 0xAD55, 0xE6FC, 0xE6FC, 0xE6FC, 0xE6FC, 0xE6FC, 0xE6FC, 0xE6FC,
    0xE6FC, 0xE6FC, 0xE6FC, 0xAD55, 0x0000, 0x0000, 0x0000, 0x0000, 0x0000, 0x0000, 0x0000, 0x0000, 0x0000, 0x0000, 0x0000, 0x0000,
    0x0000, 0x0000, 0x0000, 0x0000, 0x0000, 0x0000, 0x2965, 0xE6FC, 0xE6FC, 0xE6FC, 0xE6FC, 0xE6FC, 0xE6FC, 0xE6FC, 0xE6FC, 0xE6FC,
    0xE6FC, 0xE6FC, 0xE6FC, 0xE6FC, 0xE6FC, 0xE6FC, 0xE6FC, 0x8C51, 0x0000, 0x0000, 0x0000, 0x0000, 0x0000, 0x0000, 0x0000, 0x0000,
    0x0000, 0x0000, 0x0000, 0x0000, 0x0000, 0x0000, 0x0000, 0x0000, 0x0000, 0x0000, 0x0000, 0x0000, 0x0000, 0x0000, 0x6B4D, 0xE6FC,
    0xE6FC, 0xE6FC, 0xE6FC, 0xE6FC, 0xE6FC, 0xE6FC, 0xE6FC, 0xE6FC, 0xE6FC, 0xE6FC, 0xE6FC, 0xE6FC, 0xE6FC, 0xE6FC, 0xE6FC, 0xE6FC,
    0xE6FC, 0xE6FC, 0xE6FC, 0xE6FC, 0xE6FC, 0xE6FC, 0xE6FC, 0xE6FC, 0xE6FC, 0xE6FC, 0xE6FC, 0xE6FC, 0xE6FC, 0xE6FC, 0xE6FC, 0xE6FC,
    0xE6FC, 0xE6FC, 0xE6FC, 0xE6FC, 0xE6FC, 0x2965, 0x0000, 0x0000, 0x0000, 0x0000, 0x0000, 0x0000, 0x0000, 0xE6FC, 0xE6FC, 0xE6FC,
    0xE6FC, 0xE6FC, 0xE6FC, 0xE6FC, 0xE6FC, 0xE6FC, 0xE6FC, 0xE6FC, 0xE6FC, 0xE6FC, 0xE6FC, 0xE6FC, 0xE6FC, 0xE6FC, 0xE6FC, 0xE6FC,
    0xE6FC, 0xE6FC, 0xE6FC, 0xE6FC, 0xE6FC, 0xE6FC, 0xE6FC, 0xE6FC, 0xE6FC, 0xE6FC, 0xE6FC, 0xE6FC, 0xE6FC, 0xE6FC, 0xE6FC, 0xE6FC,
    0xE6FC, 0x0000, 0x0000, 0x0000, 0x0000, 0x0000, 0x0000, 0xAD55, 0xE6FC, 0xE6FC, 0xE6FC, 0xE6FC, 0xE6FC, 0xE6FC, 0xE6FC, 0xE6FC,
    0xE6FC, 0xE6FC, 0xE6FC, 0xE6FC, 0xE6FC, 0xE6FC, 0xE6FC, 0xE6FC, 0xE6FC, 0xE6FC, 0xE6FC, 0xE6FC, 0xE6FC, 0xE6FC, 0xE6FC, 0xE6FC,
    0xE6FC, 0xE6FC, 0xE6FC, 0xE6FC, 0xE6FC, 0xE6FC, 0xE6FC, 0xE6FC, 0xE6FC, 0xE6FC, 0xE6FC, 0x2965, 0x0000, 0x0000, 0x0000, 0x0000,
    0x0000, 0x0000, 0x0000, 0x0000, 0x0000, 0x8C51, 0xE6FC, 0xE6FC, 0xE6FC, 0xE6FC, 0xE6FC, 0xE6FC, 0xE6FC, 0xE6FC, 0xE6FC, 0xE6FC,
    0xE6FC, 0xE6FC, 0xE6FC, 0xE6FC, 0xE6FC, 0xE6FC, 0xE6FC, 0xE6FC, 0xE6FC, 0xE6FC, 0xE6FC, 0xE6FC, 0xE6FC, 0xE6FC, 0xE6FC, 0xE6FC,
    0xE6FC, 0xE6FC, 0xE6FC, 0xE6FC, 0xE6FC, 0xE6FC, 0xE6FC, 0xAD55, 0x0000, 0x0000, 0x0000, 0x0000, 0x0000, 0x0000, 0x0000, 0x0000,
    0x0000, 0x0000, 0x0000, 0x0000, 0x0000, 0x0000, 0x2965, 0xE6FC, 0xE6FC, 0xE6FC, 0xE6FC, 0xE6FC, 0xE6FC, 0xE6FC, 0xE6FC, 0xE6FC,
    0xE6FC, 0xE6FC, 0x0000, 0x0000, 0x0000, 0x0000, 0x0000, 0x0000, 0x0000, 0x0000, 0x0000, 0x0000, 0x0000, 0x0000, 0x0000, 0x0000,
    0x9CD3, 0xAD55, 0xAD55, 0xAD55, 0xAD55, 0xAD55, 0x4A49, 0x0000, 0x0000, 0x0000, 0x0000, 0x0000, 0x0000, 0x0000, 0x0000, 0x0000,
    0x0000, 0x0000, 0x0000, 0x0000, 0xAD55, 0xE6FC, 0xE6FC, 0xE6FC, 0xE6FC, 0xE6FC, 0xE6FC, 0xE6FC, 0xE6FC, 0xE6FC, 0xE6FC, 0xAD55,
    0x0000, 0x0000, 0x0000, 0x0000, 0x0000, 0x0000, 0x0000, 0x0000, 0x0000, 0x0000, 0x0000, 0x0000, 0x0000, 0x0000, 0x0000, 0x0000,
    0x0000, 0x0000, 0x0000, 0x8C51, 0xE6FC, 0xE6FC, 0xE6FC, 0xE6FC, 0xE6FC, 0xE6FC, 0xE6FC, 0xE6FC, 0xE6FC, 0xE6FC, 0xE6FC, 0xE6FC,
    0xE6FC, 0xE6FC, 0xE6FC, 0x2965, 0x0000, 0x0000, 0x0000, 0x0000, 0x0000, 0x0000, 0x0000, 0x0000, 0x0000, 0x0000, 0x0000, 0x0000,
    0x0000, 0x0000, 0x0000, 0x0000, 0x0000, 0x0000, 0x0000, 0x0000, 0x0000, 0x0000, 0x6B4D, 0xE6FC, 0xE6FC, 0xE6FC, 0xE6FC, 0xE6FC,
    0xE6FC, 0xE6FC, 0xE6FC, 0xE6FC, 0xE6FC, 0xE6FC, 0xE6FC, 0xE6FC, 0xE6FC, 0xE6FC, 0xE6FC, 0xE6FC, 0xE6FC, 0xE6FC, 0xE6FC, 0xE6FC,
    0xE6FC, 0xE6FC, 0xE6FC, 0xE6FC, 0xE6FC, 0xE6FC, 0xE6FC, 0xE6FC, 0xE6FC, 0xE6FC, 0xE6FC, 0xE6FC, 0xE6FC, 0xE6FC, 0xE6FC, 0xE6FC,
    0xE6FC, 0x2965, 0x0000, 0x0000, 0x0000, 0x0000, 0x0000, 0x0000, 0x0000, 0xE6FC, 0xE6FC, 0xE6FC, 0xE6FC, 0xE6FC, 0xE6FC, 0xE6FC,
    0xE6FC, 0xE6FC, 0xE6FC, 0xE6FC, 0xE6FC, 0xE6FC, 0xE6FC, 0xE6FC, 0xE6FC, 0xE6FC, 0xE6FC, 0xE6FC, 0xE6FC, 0xE6FC, 0xE6FC, 0xE6FC,
    0xE6FC, 0xE6FC, 0xE6FC, 0xE6FC, 0xE6FC, 0xE6FC, 0xE6FC, 0xE6FC, 0xE6FC, 0xE6FC, 0xE6FC, 0xE6FC, 0xE6FC, 0x0000, 0x0000, 0x0000,
    0x0000, 0x0000, 0x0000, 0xAD55, 0xE6FC, 0xE6FC, 0xE6FC, 0xE6FC, 0xE6FC, 0xE6FC, 0xE6FC, 0xE6FC, 0xE6FC, 0xE6FC, 0xE6FC, 0xE6FC,
    0xE6FC, 0xE6FC, 0xE6FC, 0xE6FC, 0xE6FC, 0xE6FC, 0xE6FC, 0xE6FC, 0xE6FC, 0xE6FC, 0xE6FC, 0xE6FC, 0xE6FC, 0xE6FC, 0xE6FC, 0xE6FC,
    0xE6FC, 0xE6FC, 0xE6FC, 0xE6FC, 0xE6FC, 0xE6FC, 0xE6FC, 0x2965, 0x0000, 0x0000, 0x0000, 0x0000, 0x0000, 0x0000, 0x0000, 0x0000,
    0x0000, 0x0000, 0x8C51, 0xE6FC, 0xE6FC, 0xE6FC, 0xE6FC, 0xE6FC, 0xE6FC, 0xE6FC, 0xE6FC, 0xE6FC, 0xE6FC, 0xE6FC, 0xE6FC, 0xE6FC,
    0xE6FC, 0xE6FC, 0xE6FC, 0xE6FC, 0xE6FC, 0xE6FC, 0xE6FC, 0xE6FC, 0xE6FC, 0xE6FC, 0xE6FC, 0xE6FC, 0xE6FC, 0xE6FC, 0xE6FC, 0xE6FC,
    0xE6FC, 0xE6FC, 0xAD55, 0x0000, 0x0000, 0x0000, 0x0000, 0x0000, 0x0000, 0x0000, 0x0000, 0x0000, 0x0000, 0x0000, 0x0000, 0x0000,
    0x0000, 0x0000, 0x2965, 0xE6FC, 0xE6FC, 0xE6FC, 0xE6FC, 0xE6FC, 0xE6FC, 0xE6FC, 0xE6FC, 0xE6FC, 0xE6FC, 0xE6FC, 0x0000, 0x0000,
    0x0000, 0x0000, 0x0000, 0x0000, 0x0000, 0x0000, 0x0000, 0x0000, 0x0000, 0x0000, 0x0000, 0x0000, 0x0000, 0x0000, 0x0000, 0x0000,
    0x0000, 0x0000, 0x0000, 0x0000, 0x0000, 0x0000, 0x0000, 0x0000, 0x0000, 0x0000, 0x0000, 0x0000, 0x0000, 0x0000, 0x0000, 0x0000,
    0xAD55, 0xE6FC, 0xE6FC, 0xE6FC, 0xE6FC, 0xE6FC, 0xE6FC, 0xE6FC, 0xE6FC, 0xE6FC, 0xE6FC, 0xAD55, 0x0000, 0x0000, 0x0000, 0x0000,
    0x0000, 0x0000, 0x0000, 0x0000, 0x0000, 0x0000, 0x0000, 0x0000, 0x0000, 0x0000, 0x0000, 0x0000, 0x0000, 0x0000, 0x0000, 0x2965,
    0xE6FC, 0xE6FC, 0xE6FC, 0xE6FC, 0xE6FC, 0xE6FC, 0xE6FC, 0xE6FC, 0xE6FC, 0xE6FC, 0xE6FC, 0xE6FC, 0xE6FC, 0xE6FC, 0xAD55, 0x0000,
    0x0000, 0x0000, 0x0000, 0x0000, 0x0000, 0x0000, 0x0000, 0x0000, 0x0000, 0x0000, 0x0000, 0x0000, 0x0000, 0x0000, 0x0000, 0x0000,
    0x0000, 0x0000, 0x0000, 0x0000, 0x0000, 0x0000, 0x6B4D, 0xE6FC, 0xE6FC, 0xE6FC, 0xE6FC, 0xE6FC, 0xE6FC, 0xE6FC, 0xE6FC, 0xE6FC,
    0xE6FC, 0xE6FC, 0xE6FC, 0xE6FC, 0xE6FC, 0xE6FC, 0xE6FC, 0xE6FC, 0xE6FC, 0xE6FC, 0xE6FC, 0xE6FC, 0xE6FC, 0xE6FC, 0xE6FC, 0xE6FC,
    0xE6FC, 0xE6FC, 0xE6FC, 0xE6FC, 0xE6FC, 0xE6FC, 0xE6FC, 0xE6FC, 0xE6FC, 0xE6FC, 0xE6FC, 0xE6FC, 0xE6FC, 0x2965, 0x0000, 0x0000,
    0x0000, 0x0000, 0x0000, 0x0000, 0x0000, 0xE6FC, 0xE6FC, 0xE6FC, 0xE6FC, 0xE6FC, 0xE6FC, 0xE6FC, 0xE6FC, 0xE6FC, 0xE6FC, 0xE6FC,
    0xE6FC, 0xE6FC, 0xE6FC, 0xE6FC, 0xE6FC, 0xE6FC, 0xE6FC, 0xE6FC, 0xE6FC, 0xE6FC, 0xE6FC, 0xE6FC, 0xE6FC, 0xE6FC, 0xE6FC, 0xE6FC,
    0xE6FC, 0xE6FC, 0xE6FC, 0xE6FC, 0xE6FC, 0xE6FC, 0xE6FC, 0xE6FC, 0xE6FC, 0x0000, 0x0000, 0x0000, 0x0000, 0x0000, 0x0000, 0xAD55,
    0xE6FC, 0xE6FC, 0xE6FC, 0xE6FC, 0xE6FC, 0xE6FC, 0xE6FC, 0xE6FC, 0xE6FC, 0xE6FC, 0xE6FC, 0xE6FC, 0xE6FC, 0xE6FC, 0xE6FC, 0xE6FC,
    0xE6FC, 0xE6FC, 0xE6FC, 0xE6FC, 0xE6FC, 0xE6FC, 0xE6FC, 0xE6FC, 0xE6FC, 0xE6FC, 0xE6FC, 0xE6FC, 0xE6FC, 0xE6FC, 0xE6FC, 0xE6FC,
    0xE6FC, 0xE6FC, 0xE6FC, 0x2965, 0x0000, 0x0000, 0x0000, 0x0000, 0x0000, 0x0000, 0x0000, 0x0000, 0x0000, 0x0000, 0x0000, 0x4A49,
    0xD659, 0xE6FC, 0xE6FC, 0xE6FC, 0xE6FC, 0xE6FC, 0xE6FC, 0xE6FC, 0xE6FC, 0xE6FC, 0xE6FC, 0xE6FC, 0xE6FC, 0xE6FC, 0xE6FC, 0xE6FC,
    0xE6FC, 0xE6FC, 0xE6FC, 0xE6FC, 0xE6FC, 0xE6FC, 0xE6FC, 0xE6FC, 0xE6FC, 0xE6FC, 0xE6FC, 0xE6FC, 0xE6FC, 0x7BEF, 0x0000, 0x0000,
    0x0000, 0x0000, 0x0000, 0x0000, 0x0000, 0x0000, 0x0000, 0x0000, 0x0000, 0x0000, 0x0000, 0x0000, 0x0000, 0x0000, 0x2965, 0xE6FC,
    0xE6FC, 0xE6FC, 0xE6FC, 0xE6FC, 0xE6FC, 0xE6FC, 0xE6FC, 0xE6FC, 0xE6FC, 0xE6FC, 0x0000, 0x0000, 0x0000, 0x0000, 0x0000, 0x0000,
    0x0000, 0x0000, 0x0000, 0x0000, 0x0000, 0x0000, 0x0000, 0x0000, 0x0000, 0x0000, 0x0000, 0x0000, 0x0000, 0x0000, 0x0000, 0x0000,
    0x0000, 0x0000, 0x0000, 0x0000, 0x0000, 0x0000, 0x0000, 0x0000, 0x0000, 0x0000, 0x0000, 0x0000, 0xAD55, 0xE6FC, 0xE6FC, 0xE6FC,
    0xE6FC, 0xE6FC, 0xE6FC, 0xE6FC, 0xE6FC, 0xE6FC, 0xE6FC, 0xAD55, 0x0000, 0x0000, 0x0000, 0x0000, 0x0000, 0x0000, 0x0000, 0x0000,
    0x0000, 0x0000, 0x0000, 0x0000, 0x0000, 0x0000, 0x0000, 0x0000, 0x0000, 0x0000, 0x0000, 0x0000, 0xAD55, 0xE6FC, 0xE6FC, 0xE6FC,
    0xE6FC, 0xE6FC, 0xE6FC, 0xE6FC, 0xE6FC, 0xE6FC, 0xE6FC, 0xE6FC, 0xE6FC, 0xE6FC, 0x2965, 0x0000, 0x0000, 0x0000, 0x0000, 0x0000,
    0x0000, 0x0000, 0x0000, 0x0000, 0x0000, 0x0000, 0x0000, 0x0000, 0x0000, 0x0000, 0x0000, 0x0000, 0x0000, 0x0000, 0x0000, 0x0000,
    0x0000, 0x0000, 0x6B4D, 0xE6FC, 0xE6FC, 0xE6FC, 0xE6FC, 0xE6FC, 0xE6FC, 0xE6FC, 0xE6FC, 0xE6FC, 0xE6FC, 0xE6FC, 0xE6FC, 0xE6FC,
    0xE6FC, 0xE6FC, 0xE6FC, 0xE6FC, 0xE6FC, 0xE6FC, 0xE6FC, 0xE6FC, 0xE6FC, 0xE6FC, 0xE6FC, 0xE6FC, 0xE6FC, 0xE6FC, 0xE6FC, 0xE6FC,
    0xE6FC, 0xE6FC, 0xE6FC, 0xE6FC, 0xE6FC, 0xE6FC, 0xE6FC, 0xE6FC, 0xE6FC, 0x2965, 0x0000, 0x0000, 0x0000, 0x0000, 0x0000, 0x0000,
    0x0000, 0xE6FC, 0xE6FC, 0xE6FC, 0xE6FC, 0xE6FC, 0xE6FC, 0xE6FC, 0xE6FC, 0xE6FC, 0xE6FC, 0xE6FC, 0xE6FC, 0xE6FC, 0xE6FC, 0xE6FC,
    0xE6FC, 0xE6FC, 0xE6FC, 0xE6FC, 0xE6FC, 0xE6FC, 0xE6FC, 0xE6FC, 0xE6FC, 0xE6FC, 0xE6FC, 0xE6FC, 0xE6FC, 0xE6FC, 0xE6FC, 0xE6FC,
    0xE6FC, 0xE6FC, 0xE6FC, 0xE6FC, 0xE6FC, 0x0000, 0x0000, 0x0000, 0x0000, 0x0000, 0x0000, 0xAD55, 0xE6FC, 0xE6FC, 0xE6FC, 0xE6FC,
    0xE6FC, 0xE6FC, 0xE6FC, 0xE6FC, 0xE6FC, 0xE6FC, 0xE6FC, 0xE6FC, 0xE6FC, 0xE6FC, 0xE6FC, 0xE6FC, 0xE6FC, 0xE6FC, 0xE6FC, 0xE6FC,
    0xE6FC, 0xE6FC, 0xE6FC, 0xE6FC, 0xE6FC, 0xE6FC, 0xE6FC, 0xE6FC, 0xE6FC, 0xE6FC, 0xE6FC, 0xE6FC, 0xE6FC, 0xE6FC, 0xE6FC, 0x2965,
    0x0000, 0x0000, 0x0000, 0x0000, 0x0000, 0x0000, 0x0000, 0x0000, 0x0000, 0x0000, 0x0000, 0x0000, 0x2965, 0xAD55, 0xE6FC, 0xE6FC,
    0xE6FC, 0xE6FC, 0xE6FC, 0xE6FC, 0xE6FC, 0xE6FC, 0xE6FC, 0xE6FC, 0xE6FC, 0xE6FC, 0xE6FC, 0xE6FC, 0xE6FC, 0xE6FC, 0xE6FC, 0xE6FC,
    0xE6FC, 0xE6FC, 0xE6FC, 0xE6FC, 0xE6FC, 0xE6FC, 0xE6FC, 0xD659, 0x2965, 0x0000, 0x0000, 0x0000, 0x0000, 0x0000, 0x0000, 0x0000,
    0x0000, 0x0000, 0x0000, 0x0000, 0x0000, 0x0000, 0x0000, 0x0000, 0x0000, 0x0000, 0x2965, 0xE6FC, 0xE6FC, 0xE6FC, 0xE6FC, 0xE6FC,
    0xE6FC, 0xE6FC, 0xE6FC, 0xE6FC, 0xE6FC, 0xE6FC, 0x0000, 0x0000, 0x0000, 0x0000, 0x0000, 0x0000, 0x0000, 0x0000, 0x0000, 0x0000,
    0x0000, 0x0000, 0x0000, 0x0000, 0x0000, 0x0000, 0x0000, 0x0000, 0x0000, 0x0000, 0x0000, 0x0000, 0x0000, 0x0000, 0x0000, 0x0000,
    0x0000, 0x0000, 0x0000, 0x0000, 0x0000, 0x0000, 0x0000, 0x0000, 0xAD55, 0xE6FC, 0xE6FC, 0xE6FC, 0xE6FC, 0xE6FC, 0xE6FC, 0xE6FC,
    0xE6FC, 0xE6FC, 0xE6FC, 0xAD55, 0x0000, 0x0000, 0x0000, 0x0000, 0x0000, 0x0000, 0x0000, 0x0000, 0x0000, 0x0000, 0x0000, 0x0000,
    0x0000, 0x0000, 0x0000, 0x0000, 0x0000, 0x0000, 0x0000, 0x0000, 0x4A49, 0xE6FC, 0xE6FC, 0xE6FC, 0xE6FC, 0xE6FC, 0xE6FC, 0xE6FC,
    0xE6FC, 0xE6FC, 0xE6FC, 0xE6FC, 0xE6FC, 0xD659, 0x0000, 0x0000, 0x0000, 0x0000, 0x0000, 0x0000, 0x0000, 0x0000, 0x0000, 0x0000,
    0x0000, 0x0000, 0x0000, 0x0000, 0x0000, 0x0000, 0x0000, 0x0000, 0x0000, 0x0000, 0x0000, 0x0000, 0x0000, 0x0000, 0x6B4D, 0xE6FC,
    0xE6FC, 0xE6FC, 0xE6FC, 0xE6FC, 0xE6FC, 0xE6FC, 0xE6FC, 0xE6FC, 0xE6FC, 0xE6FC, 0xE6FC, 0xE6FC, 0xE6FC, 0xE6FC, 0xE6FC, 0xE6FC,
    0xE6FC, 0xE6FC, 0xE6FC, 0xE6FC, 0xE6FC, 0xE6FC, 0xE6FC, 0xE6FC, 0xE6FC, 0xE6FC, 0xE6FC, 0xE6FC, 0xE6FC, 0xE6FC, 0xE6FC, 0xE6FC,
    0xE6FC, 0xE6FC, 0xE6FC, 0xE6FC, 0xE6FC, 0x2965, 0x0000, 0x0000, 0x0000, 0x0000, 0x0000, 0x0000, 0x0000, 0xE6FC, 0xE6FC, 0xE6FC,
    0xE6FC, 0xE6FC, 0xE6FC, 0xE6FC, 0xE6FC, 0xE6FC, 0xE6FC, 0xE6FC, 0xE6FC, 0xE6FC, 0xE6FC, 0xE6FC, 0xE6FC, 0xE6FC, 0xE6FC, 0xE6FC,
    0xE6FC, 0xE6FC, 0xE6FC, 0xE6FC, 0xE6FC, 0xE6FC, 0xE6FC, 0xE6FC, 0xE6FC, 0xE6FC, 0xE6FC, 0xE6FC, 0xE6FC, 0xE6FC, 0xE6FC, 0xE6FC,
    0xE6FC, 0x0000, 0x0000, 0x0000, 0x0000, 0x0000, 0x0000, 0xAD55, 0xE6FC, 0xE6FC, 0xE6FC, 0xE6FC, 0xE6FC, 0xE6FC, 0xE6FC, 0xE6FC,
    0xE6FC, 0xE6FC, 0xE6FC, 0xE6FC, 0xE6FC, 0xE6FC, 0xE6FC, 0xE6FC, 0xE6FC, 0xE6FC, 0xE6FC, 0xE6FC, 0xE6FC, 0xE6FC, 0xE6FC, 0xE6FC,
    0xE6FC, 0xE6FC, 0xE6FC, 0xE6FC, 0xE6FC, 0xE6FC, 0xE6FC, 0xE6FC, 0xE6FC, 0xE6FC, 0xE6FC, 0x2965, 0x0000, 0x0000, 0x0000, 0x0000,
    0x0000, 0x0000, 0x0000, 0x0000, 0x0000, 0x0000, 0x0000, 0x0000, 0x0000, 0x0000, 0x2965, 0xAD55, 0xE6FC, 0xE6FC, 0xE6FC, 0xE6FC,
    0xE6FC, 0xE6FC, 0xE6FC, 0xE6FC, 0xE6FC, 0xE6FC, 0xE6FC, 0xE6FC, 0xE6FC, 0xE6FC, 0xE6FC, 0xE6FC, 0xE6FC, 0xE6FC, 0xE6FC, 0xE6FC,
    0xE6FC, 0xD659, 0x4A49, 0x0000, 0x0000, 0x0000, 0x0000, 0x0000, 0x0000, 0x0000, 0x0000, 0x0000, 0x0000, 0x0000, 0x0000, 0x0000,
    0x0000, 0x0000, 0x0000, 0x0000, 0x0000, 0x0000, 0x2965, 0xE6FC, 0xE6FC, 0xE6FC, 0xE6FC, 0xE6FC, 0xE6FC, 0xE6FC, 0xE6FC, 0xE6FC,
    0xE6FC, 0xE6FC, 0x0000, 0x0000, 0x0000, 0x0000, 0x0000, 0x0000, 0x0000, 0x0000, 0x0000, 0x0000, 0x0000, 0x0000, 0x0000, 0x0000,
    0x0000, 0x0000, 0x0000, 0x0000, 0x0000, 0x0000, 0x0000, 0x0000, 0x0000, 0x0000, 0x0000, 0x0000, 0x0000, 0x0000, 0x0000, 0x0000,
    0x0000, 0x0000, 0x0000, 0x0000, 0xAD55, 0xE6FC, 0xE6FC, 0xE6FC, 0xE6FC, 0xE6FC, 0xE6FC, 0xE6FC, 0xE6FC, 0xE6FC, 0xE6FC, 0xAD55,
    0x0000, 0x0000, 0x0000, 0x0000, 0x0000, 0x0000, 0x0000, 0x0000, 0x0000, 0x0000, 0x0000, 0x0000, 0x0000, 0x0000, 0x0000, 0x0000,
    0x0000, 0x0000, 0x0000, 0x0000, 0x0000, 0xD659, 0xE6FC, 0xE6FC, 0xE6FC, 0xE6FC, 0xE6FC, 0xE6FC, 0xE6FC, 0xE6FC, 0xE6FC, 0xE6FC,
    0xE6FC, 0x4A49, 0x0000, 0x0000, 0x0000, 0x0000, 0x0000, 0x0000, 0x0000, 0x0000, 0x0000, 0x0000, 0x0000, 0x0000, 0x0000, 0x0000,
    0x0000, 0x0000, 0x0000, 0x0000, 0x0000, 0x0000, 0x0000, 0x0000, 0x0000, 0x0000, 0x6B4D, 0xE6FC, 0xE6FC, 0xE6FC, 0xE6FC, 0xE6FC,
    0xE6FC, 0xE6FC, 0xE6FC, 0xE6FC, 0xE6FC, 0xE6FC, 0xE6FC, 0xE6FC, 0xE6FC, 0xE6FC, 0xE6FC, 0xE6FC, 0xE6FC, 0xE6FC, 0xE6FC, 0xE6FC,
    0xE6FC, 0xE6FC, 0xE6FC, 0xE6FC, 0xE6FC, 0xE6FC, 0xE6FC, 0xE6FC, 0xE6FC, 0xE6FC, 0xE6FC, 0xE6FC, 0xE6FC, 0xE6FC, 0xE6FC, 0xE6FC,
    0xE6FC, 0x2965, 0x0000, 0x0000, 0x0000, 0x0000, 0x0000, 0x0000, 0x0000, 0xE6FC, 0xE6FC, 0xE6FC, 0xE6FC, 0xE6FC, 0xE6FC, 0xE6FC,
    0xE6FC, 0xE6FC, 0xE6FC, 0xE6FC, 0xE6FC, 0xE6FC, 0xE6FC, 0xE6FC, 0xE6FC, 0xE6FC, 0xE6FC, 0xE6FC, 0xE6FC, 0xE6FC, 0xE6FC, 0xE6FC,
    0xE6FC, 0xE6FC, 0xE6FC, 0xE6FC, 0xE6FC, 0xE6FC, 0xE6FC, 0xE6FC, 0xE6FC, 0xE6FC, 0xE6FC, 0xE6FC, 0xE6FC, 0x0000, 0x0000, 0x0000,
    0x0000, 0x0000, 0x0000, 0xAD55, 0xE6FC, 0xE6FC, 0xE6FC, 0xE6FC, 0xE6FC, 0xE6FC, 0xE6FC, 0xE6FC, 0xE6FC, 0xE6FC, 0xE6FC, 0xE6FC,
    0xE6FC, 0xE6FC, 0xE6FC, 0xE6FC, 0xE6FC, 0xE6FC, 0xE6FC, 0xE6FC, 0xE6FC, 0xE6FC, 0xE6FC, 0xE6FC, 0xE6FC, 0xE6FC, 0xE6FC, 0xE6FC,
    0xE6FC, 0xE6FC, 0xE6FC, 0xE6FC, 0xE6FC, 0xE6FC, 0xE6FC, 0x2965, 0x0000, 0x0000, 0x0000, 0x0000, 0x0000, 0x0000, 0x0000, 0x0000,
    0x0000, 0x0000, 0x0000, 0x0000, 0x0000, 0x0000, 0x0000, 0x0000, 0x2965, 0x7BEF, 0xD659, 0xE6FC, 0xE6FC, 0xE6FC, 0xE6FC, 0xE6FC,
    0xE6FC, 0xE6FC, 0xE6FC, 0xE6FC, 0xE6FC, 0xE6FC, 0xE6FC, 0xE6FC, 0xE6FC, 0xE6FC, 0xD659, 0x8C51, 0x2965, 0x0000, 0x0000, 0x0000,
    0x0000, 0x0000, 0x0000, 0x0000, 0x0000, 0x0000, 0x0000, 0x0000, 0x0000, 0x0000, 0x0000, 0x0000, 0x0000, 0x0000, 0x0000, 0x0000,
    0x0000, 0x0000, 0x2965, 0xE6FC, 0xE6FC, 0xE6FC, 0xE6FC, 0xE6FC, 0xE6FC, 0xE6FC, 0xE6FC, 0xE6FC, 0xE6FC, 0xE6FC, 0x0000, 0x0000,
    0x0000, 0x0000, 0x0000, 0x0000, 0x0000, 0x0000, 0x0000, 0x0000, 0x0000, 0x0000, 0x0000, 0x0000, 0x0000, 0x0000, 0x0000, 0x0000,
    0x0000, 0x0000, 0x0000, 0x0000, 0x0000, 0x0000, 0x0000, 0x0000, 0x0000, 0x0000, 0x0000, 0x0000, 0x0000, 0x0000, 0x0000, 0x0000,
    0xAD55, 0xE6FC, 0xE6FC, 0xE6FC, 0xE6FC, 0xE6FC, 0xE6FC, 0xE6FC, 0xE6FC, 0xE6FC, 0xE6FC, 0xAD55, 0x0000, 0x0000, 0x0000, 0x0000,
    0x0000, 0x0000, 0x0000, 0x0000, 0x0000, 0x0000, 0x0000, 0x0000, 0x0000, 0x0000, 0x0000, 0x0000, 0x0000, 0x0000, 0x0000, 0x0000,
    0x0000, 0x0000, 0x0000, 0x0000, 0x0000, 0x0000, 0x0000, 0x0000, 0x0000, 0x0000, 0x0000, 0x0000, 0x0000, 0x0000, 0x0000, 0x0000,
    0x0000, 0x0000, 0x0000, 0x0000, 0x0000, 0x0000, 0x0000, 0x0000, 0x0000, 0x0000, 0x0000, 0x0000, 0x0000, 0x0000, 0x0000, 0x0000,
    0x0000, 0x0000, 0x0000, 0x0000, 0x0000, 0x0000, 0x0000, 0x0000, 0x0000, 0x0000, 0x0000, 0x0000, 0x0000, 0x0000, 0x0000, 0x0000,
    0x0000, 0x0000, 0x0000, 0x0000, 0x0000, 0x0000, 0x0000, 0x0000, 0x0000, 0x0000, 0x0000, 0x0000, 0x0000, 0x0000, 0x0000, 0x0000,
    0x0000, 0x0000, 0x0000, 0x0000, 0x0000, 0x0000, 0x0000, 0x0000, 0x0000, 0x0000, 0x0000, 0x0000, 0x0000, 0x0000, 0x0000, 0x0000,
    0x0000, 0x0000, 0x0000, 0x0000, 0x0000, 0x0000, 0x0000, 0x0000, 0x0000, 0x0000, 0x0000, 0x0000, 0x0000, 0x0000, 0x0000, 0x0000,
    0x0000, 0x0000, 0x0000, 0x0000, 0x0000, 0x0000, 0x0000, 0x0000, 0x0000, 0x0000, 0x0000, 0x0000, 0x0000, 0x0000, 0x0000, 0x0000,
    0x0000, 0x0000, 0x0000, 0x0000, 0x0000, 0x0000, 0x0000, 0x0000, 0x0000, 0x0000, 0x0000, 0x0000, 0x0000, 0x0000, 0x0000, 0x0000,
    0x0000, 0x0000, 0x0000, 0x0000, 0x0000, 0x0000, 0x0000, 0x0000, 0x0000, 0x0000, 0x0000, 0x0000, 0x0000, 0x0000, 0x0000, 0x0000,
    0x0000, 0x0000, 0x0000, 0x0000, 0x0000, 0x0000, 0x0000, 0x0000, 0x0000, 0x0000, 0x0000, 0x0000, 0x0000, 0x0000, 0x0000, 0x0000,
    0x0000, 0x0000, 0x0000, 0x0000, 0x0000, 0x0000, 0x0000, 0x0000, 0x0000, 0x0000, 0x0000, 0x0000, 0x0000, 0x0000, 0x0000, 0x0000,
    0x0000, 0x0000, 0x0000, 0x0000, 0x0000, 0x0000, 0x0000, 0x2965, 0x4A49, 0x7BEF, 0xAD55, 0xD659, 0xE6FC, 0xE6FC, 0xE6FC, 0xE6FC,
    0xE6FC, 0xD659, 0xAD55, 0x8C51, 0x6B4D, 0x2965, 0x0000, 0x0000, 0x0000, 0x0000, 0x0000, 0x0000, 0x0000, 0x0000, 0x0000, 0x0000,
    0x0000, 0x0000, 0x0000, 0x0000, 0x0000, 0x0000, 0x0000, 0x0000, 0x0000, 0x0000, 0x0000, 0x0000, 0x0000, 0x0000, 0x0000, 0x0000,
    0x0000, 0x0000, 0x0000, 0x0000, 0x0000, 0x0000, 0x0000, 0x0000, 0x0000, 0x0000, 0x0000, 0x0000, 0x0000, 0x0000, 0x0000, 0x0000,
    0x0000, 0x0000, 0x0000, 0x0000, 0x0000, 0x0000, 0x0000, 0x0000, 0x0000, 0x0000, 0x0000, 0x0000, 0x0000, 0x0000, 0x0000, 0x0000,
    0x0000, 0x0000, 0x0000, 0x0000, 0x0000, 0x0000, 0x0000, 0x0000, 0x0000, 0x0000, 0x0000, 0x0000, 0x0000, 0x0000, 0x0000, 0x0000,
    0x0000, 0x0000, 0x0000, 0x0000, 0x0000, 0x0000, 0x0000, 0x0000,
};
